FIPS,state,county,buildings,minimal_exposure,indirect_exposure,direct_exposure,burn_probability,wildfire_risk,population,svi,svi_socioeconomic,svi_household,svi_minority,svi_housing_transport,county_label,svi_quartile,high_high,compound_priority
01001,AL,"Autauga County, AL",30450,0.082660099,0.232807882,0.68453202,0.505,0.481,58761,0.2663,0.2367,0.3675,0.6354,0.2358,"Autauga County, AL",Q2,FALSE,0.37365
01003,AL,"Baldwin County, AL",120300,0.070656692,0.272585204,0.656758105,0.841,0.818,233420,0.3487,0.3433,0.2883,0.489,0.4308,"Baldwin County, AL",Q2,FALSE,0.58335
01005,AL,"Barbour County, AL",18131,0.004853566,0.210578567,0.784567867,0.564,0.543,24877,0.9927,0.9399,0.9399,0.8941,0.9959,"Barbour County, AL",Q4: Most vulnerable,FALSE,0.76785
01007,AL,"Bibb County, AL",15033,6.652e-5,0.093594093,0.906339387,0.615,0.582,22251,0.8451,0.8893,0.4954,0.6185,0.8931,"Bibb County, AL",Q4: Most vulnerable,FALSE,0.7135499999999999
01009,AL,"Blount County, AL",39896,0.001729497,0.087026268,0.911244235,0.706,0.654,59077,0.6166,0.6866,0.7884,0.413,0.3532,"Blount County, AL",Q3,FALSE,0.6353
01011,AL,"Bullock County, AL",7927,5.04605e-4,0.154913586,0.844581809,0.64,0.61,10328,0.8985,0.8654,0.5138,0.9809,0.9491,"Bullock County, AL",Q4: Most vulnerable,FALSE,0.75425
01013,AL,"Butler County, AL",16032,0,0.104603293,0.895396707,0.471,0.445,18981,0.6872,0.8441,0.6106,0.8661,0.217,"Butler County, AL",Q3,FALSE,0.5661
01015,AL,"Calhoun County, AL",66791,0.035648516,0.258867213,0.705484272,0.826,0.781,116162,0.8145,0.854,0.65,0.658,0.7114,"Calhoun County, AL",Q4: Most vulnerable,TRUE,0.79775
01017,AL,"Chambers County, AL",23226,0.011624903,0.247438216,0.740936881,0.771,0.727,34612,0.8295,0.7171,0.5317,0.8396,0.9469,"Chambers County, AL",Q4: Most vulnerable,FALSE,0.77825
01019,AL,"Cherokee County, AL",23948,0.075580424,0.109361951,0.815057625,0.829,0.782,25069,0.406,0.6077,0.6494,0.2628,0.1152,"Cherokee County, AL",Q2,FALSE,0.5940000000000001
01021,AL,"Chilton County, AL",31659,0.002526928,0.120660792,0.876812281,0.73,0.692,45140,0.5336,0.5924,0.6837,0.5425,0.2698,"Chilton County, AL",Q3,FALSE,0.6128
01023,AL,"Choctaw County, AL",12058,4.14662e-4,0.035743904,0.963841433,0.509,0.487,12669,0.6548,0.6901,0.798,0.8151,0.2539,"Choctaw County, AL",Q3,FALSE,0.5709
01025,AL,"Clarke County, AL",19039,0,0.112873575,0.887126425,0.574,0.556,23058,0.8365,0.8412,0.7264,0.8641,0.6462,"Clarke County, AL",Q4: Most vulnerable,FALSE,0.69625
01027,AL,"Clay County, AL",11552,2.59695e-4,0.038348338,0.961391967,0.886,0.839,14209,0.6223,0.7235,0.3688,0.5269,0.5851,"Clay County, AL",Q3,FALSE,0.73065
01029,AL,"Cleburne County, AL",12001,0,0.043079743,0.956920257,0.867,0.823,15144,0.5196,0.4938,0.6739,0.1985,0.5482,"Cleburne County, AL",Q3,FALSE,0.6713
01031,AL,"Coffee County, AL",32688,0.042951542,0.252049682,0.704998776,0.443,0.423,53559,0.6802,0.6497,0.9488,0.6806,0.2323,"Coffee County, AL",Q3,FALSE,0.5516
01033,AL,"Colbert County, AL",39367,0.196941601,0.252444941,0.55061345799999994,0.459,0.424,57270,0.4467,0.4944,0.6984,0.5644,0.16,"Colbert County, AL",Q2,FALSE,0.43535
01035,AL,"Conecuh County, AL",12281,8.1427e-5,0.039980458,0.959938116,0.707,0.689,11576,0.5122,0.5272,0.5332,0.8727,0.2482,"Conecuh County, AL",Q3,FALSE,0.6006
01037,AL,"Coosa County, AL",9820,0.010386965,0.016191446,0.973421589,0.862,0.822,10329,0.4808,0.3513,0.328,0.7321,0.6427,"Coosa County, AL",Q2,FALSE,0.6514
01039,AL,"Covington County, AL",32309,0.009811508,0.145377449,0.844811043,0.65,0.627,37542,0.7121,0.7509,0.7821,0.4839,0.5075,"Covington County, AL",Q3,FALSE,0.66955
01041,AL,"Crenshaw County, AL",12834,1.55836e-4,0.063191523,0.936652641,0.435,0.41,13205,0.685,0.7588,0.6201,0.6656,0.4575,"Crenshaw County, AL",Q3,FALSE,0.5475
01043,AL,"Cullman County, AL",64099,0.04441567,0.130594861,0.824989469,0.691,0.625,88284,0.4909,0.5323,0.713,0.2587,0.3341,"Cullman County, AL",Q2,FALSE,0.55795
01045,AL,"Dale County, AL",31075,0.015639582,0.239388576,0.744971842,0.397,0.382,49455,0.7766,0.8648,0.9014,0.7003,0.2736,"Dale County, AL",Q4: Most vulnerable,FALSE,0.5792999999999999
01047,AL,"Dallas County, AL",24322,0.015048105,0.307746074,0.677205822,0.48,0.45,38326,0.9189,0.9555,0.867,0.9698,0.594,"Dallas County, AL",Q4: Most vulnerable,FALSE,0.68445
01049,AL,"DeKalb County, AL",56834,0.00599993,0.11792237,0.8760777,0.785,0.728,71680,0.756,0.7996,0.8139,0.5425,0.5017,"DeKalb County, AL",Q4: Most vulnerable,FALSE,0.742
01051,AL,"Elmore County, AL",49199,0.012744161,0.157218643,0.830037196,0.687,0.652,87694,0.4397,0.3185,0.3869,0.6373,0.5667,"Elmore County, AL",Q2,FALSE,0.54585
01053,AL,"Escambia County, AL",26261,0.019801226,0.226267088,0.753931686,0.784,0.766,36755,0.8473,0.9462,0.7353,0.7814,0.4986,"Escambia County, AL",Q4: Most vulnerable,TRUE,0.8066500000000001
01055,AL,"Etowah County, AL",65683,0.094225294,0.274043512,0.631731194,0.767,0.717,103348,0.672,0.7961,0.7544,0.574,0.2911,"Etowah County, AL",Q3,FALSE,0.6945
01057,AL,"Fayette County, AL",13410,0,0.10738255,0.89261745,0.553,0.512,16297,0.7458,0.8514,0.4788,0.4556,0.6914,"Fayette County, AL",Q3,FALSE,0.6289
01059,AL,"Franklin County, AL",22127,5.87518e-4,0.202196412,0.797216071,0.555,0.513,32011,0.7576,0.6675,0.9491,0.6045,0.4846,"Franklin County, AL",Q4: Most vulnerable,FALSE,0.6353
01061,AL,"Geneva County, AL",23133,0.005576449,0.196169974,0.798253577,0.51,0.499,26647,0.5822,0.6729,0.6427,0.5161,0.3509,"Geneva County, AL",Q3,FALSE,0.5406
01063,AL,"Greene County, AL",7337,0.001635546,0.090363909,0.908000545,0.429,0.404,7706,0.9157,0.9211,0.8425,0.9857,0.7254,"Greene County, AL",Q4: Most vulnerable,FALSE,0.65985
01065,AL,"Hale County, AL",12438,0.001447178,0.101222061,0.897330761,0.484,0.449,14742,0.8826,0.9341,0.5072,0.9259,0.8148,"Hale County, AL",Q4: Most vulnerable,FALSE,0.6658000000000001
01067,AL,"Henry County, AL",15023,0.010450642,0.190907276,0.798642082,0.459,0.439,17282,0.6195,0.6519,0.5695,0.6726,0.4677,"Henry County, AL",Q3,FALSE,0.52925
01069,AL,"Houston County, AL",59417,0.126377973,0.287527139,0.586094889,0.455,0.434,107040,0.7175,0.7703,0.7499,0.7251,0.3936,"Houston County, AL",Q3,FALSE,0.57575
01071,AL,"Jackson County, AL",42335,0.00359041,0.161072399,0.835337191,0.693,0.639,52618,0.7194,0.8552,0.8136,0.328,0.3783,"Jackson County, AL",Q3,FALSE,0.6792
01073,AL,"Jefferson County, AL",294103,0.289184401,0.27249977,0.438315828,0.665,0.618,672265,0.7251,0.6802,0.6109,0.8766,0.6017,"Jefferson County, AL",Q3,FALSE,0.67155
01075,AL,"Lamar County, AL",12137,0,0.100189503,0.899810497,0.453,0.422,13885,0.4731,0.5654,0.4718,0.413,0.3395,"Lamar County, AL",Q2,FALSE,0.44755
01077,AL,"Lauderdale County, AL",70284,0.049499175,0.212409652,0.738091173,0.474,0.427,94329,0.4919,0.4687,0.4219,0.4636,0.5568,"Lauderdale County, AL",Q2,FALSE,0.45945
01079,AL,"Lawrence County, AL",28581,0.03537315,0.081452713,0.883174137,0.448,0.41,33116,0.3624,0.4652,0.3878,0.5867,0.1833,"Lawrence County, AL",Q2,FALSE,0.3862
01081,AL,"Lee County, AL",71280,0.084104938,0.312991021,0.60290404,0.763,0.722,175126,0.6446,0.5609,0.2046,0.7038,0.9023,"Lee County, AL",Q3,FALSE,0.6833
01083,AL,"Limestone County, AL",59730,0.222551482,0.127791729,0.649656789,0.242,0.221,104199,0.3233,0.3,0.2574,0.6115,0.399,"Limestone County, AL",Q2,FALSE,0.27215
01085,AL,"Lowndes County, AL",9710,0.002780639,0.045314109,0.951905252,0.464,0.431,10153,0.9042,0.9679,0.7642,0.9755,0.5813,"Lowndes County, AL",Q4: Most vulnerable,FALSE,0.6676
01087,AL,"Macon County, AL",13675,6.58135e-4,0.142084095,0.85725777,0.66,0.626,19198,0.9656,0.9618,0.6185,0.9866,0.9765,"Macon County, AL",Q4: Most vulnerable,FALSE,0.7958000000000001
01089,AL,"Madison County, AL",179274,0.265699432,0.328056495,0.406244073,0.288,0.263,389781,0.3509,0.2813,0.3369,0.7423,0.3723,"Madison County, AL",Q2,FALSE,0.30695
01091,AL,"Marengo County, AL",15219,9.8561e-4,0.222747881,0.776266509,0.458,0.428,19180,0.6691,0.5434,0.7741,0.8953,0.4932,"Marengo County, AL",Q3,FALSE,0.54855
01093,AL,"Marion County, AL",22472,4.45e-5,0.143511926,0.856443574,0.54,0.498,29203,0.6946,0.8565,0.4368,0.2587,0.6507,"Marion County, AL",Q3,FALSE,0.5963
01095,AL,"Marshall County, AL",62248,0.058781005,0.182929572,0.758289423,0.63,0.57,97923,0.6201,0.6223,0.9087,0.5425,0.2504,"Marshall County, AL",Q3,FALSE,0.59505
01097,AL,"Mobile County, AL",205286,0.226995509,0.128050622,0.644953869,0.882,0.862,413878,0.8304,0.8629,0.623,0.8212,0.7095,"Mobile County, AL",Q4: Most vulnerable,TRUE,0.8462000000000001
01099,AL,"Monroe County, AL",16599,6.62691e-4,0.141695283,0.857642027,0.625,0.607,19816,0.7416,0.9119,0.2997,0.8473,0.4871,"Monroe County, AL",Q3,FALSE,0.6743
01101,AL,"Montgomery County, AL",106548,0.385300522,0.263120847,0.351578631,0.513,0.471,228132,0.929,0.9036,0.8762,0.9542,0.8069,"Montgomery County, AL",Q4: Most vulnerable,FALSE,0.7
01103,AL,"Morgan County, AL",69635,0.218266676,0.173878079,0.607855245,0.476,0.426,123102,0.6787,0.5396,0.8142,0.6179,0.6258,"Morgan County, AL",Q3,FALSE,0.55235
01105,AL,"Perry County, AL",8672,6.91882e-4,0.112661439,0.886646679,0.528,0.491,8479,0.9214,0.9456,0.7976,0.9653,0.7324,"Perry County, AL",Q4: Most vulnerable,FALSE,0.7061999999999999
01107,AL,"Pickens County, AL",16137,9.29541e-4,0.102373428,0.896697032,0.431,0.411,18925,0.8918,0.7646,0.9268,0.8482,0.8387,"Pickens County, AL",Q4: Most vulnerable,FALSE,0.6514
01109,AL,"Pike County, AL",22315,8.9626e-5,0.229486892,0.770423482,0.471,0.44,32997,0.8002,0.8218,0.2634,0.8279,0.8906,"Pike County, AL",Q4: Most vulnerable,FALSE,0.6201
01111,AL,"Randolph County, AL",21082,0.009059861,0.096338108,0.89460203,0.851,0.806,22179,0.559,0.4998,0.6857,0.6128,0.4598,"Randolph County, AL",Q3,FALSE,0.6825000000000001
01113,AL,"Russell County, AL",31493,0.145746674,0.299907916,0.55434541,0.636,0.617,58849,0.8963,0.9504,0.8925,0.8976,0.4897,"Russell County, AL",Q4: Most vulnerable,FALSE,0.75665
01115,AL,"St. Clair County, AL",49282,0.014203969,0.156000162,0.829795869,0.753,0.711,91719,0.2587,0.3048,0.1893,0.4378,0.3287,"St. Clair County, AL",Q2,FALSE,0.48485
01117,AL,"Shelby County, AL",93524,0.055397545,0.374727343,0.569875112,0.74,0.695,223916,0.1238,0.0735,0.2453,0.5927,0.1842,"Shelby County, AL",Q1: Least vulnerable,FALSE,0.4094
01119,AL,"Sumter County, AL",10586,0.001133573,0.112223692,0.886642736,0.454,0.423,12196,0.9255,0.9185,0.6997,0.9736,0.9004,"Sumter County, AL",Q4: Most vulnerable,FALSE,0.67425
01121,AL,"Talladega County, AL",49274,0.010390876,0.177862564,0.81174656,0.791,0.746,81105,0.908,0.889,0.8291,0.7579,0.8689,"Talladega County, AL",Q4: Most vulnerable,FALSE,0.827
01123,AL,"Tallapoosa County, AL",30137,0.033347712,0.100540863,0.866111424,0.832,0.788,41251,0.8692,0.8139,0.9526,0.6847,0.6637,"Tallapoosa County, AL",Q4: Most vulnerable,TRUE,0.8286
01125,AL,"Tuscaloosa County, AL",94888,0.184227721,0.208108507,0.607663772,0.569,0.534,231558,0.651,0.6319,0.1371,0.776,0.8584,"Tuscaloosa County, AL",Q3,FALSE,0.5925
01127,AL,"Walker County, AL",47478,0.002548549,0.115232318,0.882219133,0.701,0.652,64978,0.6398,0.741,0.8352,0.3649,0.3166,"Walker County, AL",Q3,FALSE,0.6459
01129,AL,"Washington County, AL",15210,6.5746e-5,0.046811308,0.953122945,0.803,0.774,15434,0.3217,0.5962,0.1158,0.72,0.1145,"Washington County, AL",Q2,FALSE,0.54785
01131,AL,"Wilcox County, AL",9081,0.004074441,0.049994494,0.945931065,0.468,0.447,10441,0.9819,0.9609,0.9691,0.9685,0.8479,"Wilcox County, AL",Q4: Most vulnerable,FALSE,0.71445
01133,AL,"Winston County, AL",22247,0.01505821,0.085539623,0.899402167,0.685,0.63,23655,0.6125,0.6946,0.8352,0.1928,0.4079,"Winston County, AL",Q3,FALSE,0.6212500000000001
02013,AK,"Aleutians East Borough, AK",881,0.086265607,0.458569807,0.455164586,0.045,0.052,3407,0.7754,0.651,0.1184,0.987,0.9898,"Aleutians East Borough, AK",Q4: Most vulnerable,FALSE,0.4137
02016,AK,"Aleutians West Census Area, AK",1408,0.294744318,0.3046875,0.400568182,0.025,0.025,5219,0.5033,0.2555,0.0159,0.9787,0.9955,"Aleutians West Census Area, AK",Q3,FALSE,0.26415
02020,AK,"Anchorage Municipality, AK",90010,0.366359293,0.254693923,0.378946784,0.317,0.335,290674,0.6052,0.4044,0.3901,0.8291,0.8241,"Anchorage Municipality, AK",Q3,FALSE,0.47009999999999996
02050,AK,"Bethel Census Area, AK",6611,0.008319468,0.458478294,0.533202239,0.826,0.814,18538,0.9424,0.8963,0.6392,0.9949,0.9777,"Bethel Census Area, AK",Q4: Most vulnerable,TRUE,0.8782
02060,AK,"Bristol Bay Borough, AK",1639,0.018303844,0.148871263,0.832824893,0.351,0.346,854,0.2332,0.1171,0.0019,0.896,0.9516,"Bristol Bay Borough, AK",Q1: Least vulnerable,FALSE,0.28959999999999997
02063,AK,"Chugach Census Area, AK",3720,0.013172043,0.583870968,0.402956989,0.088,0.082,7000,0.6876,0.4292,0.3627,0.658,0.9844,"Chugach Census Area, AK",Q3,FALSE,0.3848
02066,AK,"Copper River Census Area, AK",3285,0,0.115068493,0.884931507,0.863,0.892,2614,0.5247,0.4881,0.6017,0.8571,0.3019,"Copper River Census Area, AK",Q3,FALSE,0.70835
02068,AK,"Denali Borough, AK",2136,9.3633e-4,0.185861423,0.813202247,0.928,0.939,2101,0.0353,0.0013,3e-4,0.6045,0.7009,"Denali Borough, AK",Q1: Least vulnerable,FALSE,0.48714999999999997
02070,AK,"Dillingham Census Area, AK",2477,0.015744853,0.195397658,0.788857489,0.603,0.637,4854,0.8931,0.7798,0.7436,0.9895,0.9278,"Dillingham Census Area, AK",Q4: Most vulnerable,FALSE,0.76505
02090,AK,"Fairbanks North Star Borough, AK",38877,0.116109782,0.168763022,0.715127196,0.982,0.982,96299,0.4925,0.3493,0.2319,0.6949,0.77,"Fairbanks North Star Borough, AK",Q2,FALSE,0.73725
02100,AK,"Haines Borough, AK",1791,0.004466778,0.268565047,0.726968174,0.062,0.062,2079,0.4594,0.2717,0.2759,0.6332,0.7916,"Haines Borough, AK",Q2,FALSE,0.2607
02105,AK,"Hoonah-Angoon Census Area, AK",1544,0.023963731,0.216321244,0.759715026,0.067,0.065,2329,0.6376,0.5698,0.2743,0.8727,0.7534,"Hoonah-Angoon Census Area, AK",Q3,FALSE,0.35129999999999995
02110,AK,"Juneau City and Borough, AK",10006,0.010693584,0.576454128,0.412852289,0.053,0.05,32108,0.3528,0.1365,0.0531,0.7617,0.9313,"Juneau City and Borough, AK",Q2,FALSE,0.2014
02122,AK,"Kenai Peninsula Borough, AK",36777,0.030181907,0.129809392,0.840008701,0.776,0.791,59235,0.4725,0.5345,0.1985,0.5581,0.5307,"Kenai Peninsula Borough, AK",Q2,FALSE,0.63175
02130,AK,"Ketchikan Gateway Borough, AK",4630,0.015334773,0.540604752,0.444060475,0.045,0.043,13910,0.5027,0.3331,0.1047,0.7607,0.908,"Ketchikan Gateway Borough, AK",Q3,FALSE,0.27285000000000004
02150,AK,"Kodiak Island Borough, AK",5639,0.022521724,0.530767867,0.44671041,0.372,0.341,13065,0.637,0.364,0.2529,0.8877,0.9644,"Kodiak Island Borough, AK",Q3,FALSE,0.489
02158,AK,"Kusilvak Census Area, AK",2733,0.020856202,0.430296378,0.54884742,0.591,0.573,8372,0.8568,0.9042,0.5679,0.9994,0.7035,"Kusilvak Census Area, AK",Q4: Most vulnerable,FALSE,0.7149
02164,AK,"Lake and Peninsula Borough, AK",1926,0.028556594,0.096053998,0.875389408,0.444,0.476,999,0.7926,0.6923,0.6246,0.9857,0.7623,"Lake and Peninsula Borough, AK",Q4: Most vulnerable,FALSE,0.6343
02170,AK,"Matanuska-Susitna Borough, AK",56065,0.013038438,0.065495407,0.921466155,0.758,0.796,108661,0.4792,0.552,0.4082,0.5797,0.3474,"Matanuska-Susitna Borough, AK",Q2,FALSE,0.6376000000000001
02180,AK,"Nome Census Area, AK",4720,0.062076271,0.586652542,0.351271186,0.498,0.494,10018,0.8683,0.8785,0.3449,0.9898,0.9214,"Nome Census Area, AK",Q4: Most vulnerable,FALSE,0.6811499999999999
02185,AK,"North Slope Borough, AK",4691,0.07780857,0.692602857,0.229588574,0.204,0.188,10924,0.7747,0.4283,0.4604,0.9551,0.9946,"North Slope Borough, AK",Q4: Most vulnerable,FALSE,0.48135000000000006
02188,AK,"Northwest Arctic Borough, AK",2419,0.109549401,0.658949979,0.23150062,0.766,0.773,7682,0.8734,0.8304,0.3611,0.9943,0.9602,"Northwest Arctic Borough, AK",Q4: Most vulnerable,TRUE,0.8231999999999999
02195,AK,"Petersburg Borough, AK",1860,0.018817204,0.390860215,0.590322581,0.043,0.041,3374,0.6857,0.3929,0.7445,0.8352,0.8072,"Petersburg Borough, AK",Q3,FALSE,0.36335
02198,AK,"Prince of Wales-Hyder Census Area, AK",3868,0.048345398,0.332730093,0.618924509,0.043,0.041,5799,0.818,0.5978,0.6341,0.9001,0.9523,"Prince of Wales-Hyder Census Area, AK",Q4: Most vulnerable,FALSE,0.4295
02220,AK,"Sitka City and Borough, AK",3666,0.045008183,0.550463721,0.404528096,0.047,0.045,8462,0.4442,0.3029,0.0827,0.7843,0.8237,"Sitka City and Borough, AK",Q2,FALSE,0.24459999999999998
02230,AK,"Skagway Municipality, AK",810,0.007407407,0.781481481,0.211111111,0.15,0.163,1303,0.3328,0.3042,0.0283,0.5829,0.7875,"Skagway Municipality, AK",Q2,FALSE,0.2479
02240,AK,"Southeast Fairbanks Census Area, AK",6152,9.75293e-4,0.139629389,0.859395319,0.96,0.967,6888,0.6755,0.4906,0.6939,0.6449,0.7798,"Southeast Fairbanks Census Area, AK",Q3,FALSE,0.82125
02275,AK,"Wrangell City and Borough, AK",1571,0.02991725,0.385741566,0.584341184,0.052,0.048,2134,0.5342,0.4187,0.6806,0.825,0.3939,"Wrangell City and Borough, AK",Q3,FALSE,0.2911
02282,AK,"Yakutat City and Borough, AK",522,0.022988506,0.409961686,0.567049808,0.067,0.064,564,0.3723,0.1416,0.1079,0.9577,0.8116,"Yakutat City and Borough, AK",Q2,FALSE,0.21815
02290,AK,"Yukon-Koyukuk Census Area, AK",4764,0.011335013,0.423173804,0.565491184,0.942,0.949,5355,0.8807,0.839,0.7394,0.98,0.8037,"Yukon-Koyukuk Census Area, AK",Q4: Most vulnerable,TRUE,0.9148499999999999
04001,AZ,"Apache County, AZ",44050,6.58343e-4,0.194256527,0.805085131,0.851,0.896,66054,0.965,0.8902,0.9284,0.9841,0.9402,"Apache County, AZ",Q4: Most vulnerable,TRUE,0.9305
04003,AZ,"Cochise County, AZ",77574,0.023680615,0.399695774,0.576623611,0.965,0.957,125504,0.9325,0.7121,0.9574,0.8473,0.9714,"Cochise County, AZ",Q4: Most vulnerable,TRUE,0.94475
04005,AZ,"Coconino County, AZ",70440,0.019392391,0.44266042,0.537947189,0.938,0.959,144705,0.8031,0.8097,0.0595,0.8533,0.9917,"Coconino County, AZ",Q4: Most vulnerable,TRUE,0.88105
04007,AZ,"Gila County, AZ",38470,2.5994e-5,0.490927996,0.50904601,0.97,0.984,53419,0.847,0.8466,0.6131,0.7668,0.8352,"Gila County, AZ",Q4: Most vulnerable,TRUE,0.9155
04009,AZ,"Graham County, AZ",19567,0.089794041,0.439055553,0.471150406,0.91,0.918,38453,0.8486,0.7,0.6596,0.8702,0.9513,"Graham County, AZ",Q4: Most vulnerable,TRUE,0.8833
04011,AZ,"Greenlee County, AZ",6626,0.005282222,0.657561123,0.337156656,0.954,0.967,9483,0.3598,0.0974,0.6726,0.8934,0.4407,"Greenlee County, AZ",Q2,FALSE,0.6634
04012,AZ,"La Paz County, AZ",18493,0.01449197,0.656356459,0.329151571,0.432,0.435,16681,0.9195,0.9236,0.9701,0.818,0.5775,"La Paz County, AZ",Q4: Most vulnerable,FALSE,0.67725
04013,AZ,"Maricopa County, AZ",1628681,0.663064161,0.205376621,0.131559219,0.759,0.787,4430871,0.713,0.6201,0.5705,0.8521,0.6907,"Maricopa County, AZ",Q3,FALSE,0.75
04015,AZ,"Mohave County, AZ",132290,0.308315065,0.404769824,0.286915111,0.743,0.796,214229,0.8489,0.8285,0.8419,0.5994,0.762,"Mohave County, AZ",Q4: Most vulnerable,TRUE,0.82245
04017,AZ,"Navajo County, AZ",70541,0.001800371,0.31509335,0.683106279,0.712,0.797,107110,0.9806,0.8902,0.9863,0.9103,0.9446,"Navajo County, AZ",Q4: Most vulnerable,TRUE,0.8888
04019,AZ,"Pima County, AZ",456427,0.499679029,0.25774987,0.242571101,0.877,0.871,1042393,0.888,0.7493,0.7356,0.8711,0.9663,"Pima County, AZ",Q4: Most vulnerable,TRUE,0.8795
04021,AZ,"Pinal County, AZ",210168,0.294145636,0.33113985,0.374714514,0.828,0.827,433338,0.797,0.6347,0.8374,0.833,0.7521,"Pinal County, AZ",Q4: Most vulnerable,TRUE,0.812
04023,AZ,"Santa Cruz County, AZ",20839,0.014971928,0.298334853,0.686693219,0.988,0.975,47838,0.9383,0.987,0.9395,0.9879,0.4092,"Santa Cruz County, AZ",Q4: Most vulnerable,TRUE,0.95665
04025,AZ,"Yavapai County, AZ",137538,0.058500196,0.437290058,0.504209746,0.862,0.895,237830,0.5991,0.5752,0.5488,0.546,0.6026,"Yavapai County, AZ",Q3,FALSE,0.74705
04027,AZ,"Yuma County, AZ",93574,0.421794516,0.353495629,0.22470985499999999,0.409,0.391,204374,0.9978,0.9819,0.9736,0.9612,0.98,"Yuma County, AZ",Q4: Most vulnerable,FALSE,0.6944
05001,AR,"Arkansas County, AR",14100,0.427730496,0.217730496,0.354539007,0.263,0.249,17024,0.7226,0.6787,0.5078,0.6901,0.7585,"Arkansas County, AR",Q3,FALSE,0.4858
05003,AR,"Ashley County, AR",14483,0.026444797,0.440654561,0.532900642,0.415,0.413,19018,0.8237,0.8171,0.9262,0.6971,0.5062,"Ashley County, AR",Q4: Most vulnerable,FALSE,0.61835
05005,AR,"Baxter County, AR",32595,0.026292376,0.225586746,0.748120877,0.739,0.706,41801,0.4333,0.6131,0.3618,0.2109,0.3366,"Baxter County, AR",Q2,FALSE,0.56965
05007,AR,"Benton County, AR",126024,0.183361899,0.195264394,0.621373707,0.782,0.751,286528,0.3268,0.182,0.5892,0.7286,0.3115,"Benton County, AR",Q2,FALSE,0.5388999999999999
05009,AR,"Boone County, AR",27605,0.027132766,0.187719616,0.785147618,0.749,0.713,37662,0.2647,0.4053,0.4563,0.1508,0.1674,"Boone County, AR",Q2,FALSE,0.48885
05011,AR,"Bradley County, AR",8493,0.031202166,0.337454374,0.631343459,0.441,0.435,10461,0.8864,0.8778,0.895,0.8365,0.6901,"Bradley County, AR",Q4: Most vulnerable,FALSE,0.6607
05013,AR,"Calhoun County, AR",5349,1.86951e-4,0.26509628,0.734716769,0.414,0.399,4773,0.4967,0.5205,0.6545,0.6487,0.2307,"Calhoun County, AR",Q2,FALSE,0.44784999999999997
05015,AR,"Carroll County, AR",23229,0.001937234,0.14443153,0.853631237,0.681,0.655,28362,0.6421,0.6618,0.6608,0.6287,0.4722,"Carroll County, AR",Q3,FALSE,0.64855
05017,AR,"Chicot County, AR",8431,0.264737279,0.226544894,0.508717827,0.252,0.244,10234,0.9987,0.98,0.9866,0.9243,0.9889,"Chicot County, AR",Q4: Most vulnerable,FALSE,0.6213500000000001
05019,AR,"Clark County, AR",14463,0.006845053,0.290188758,0.70296619,0.512,0.482,21469,0.8339,0.6583,0.5422,0.6971,0.9908,"Clark County, AR",Q4: Most vulnerable,FALSE,0.65795
05021,AR,"Clay County, AR",14039,0.297457084,0.211126149,0.491416768,0.261,0.243,14537,0.3929,0.7168,0.5135,0.0932,0.1101,"Clay County, AR",Q2,FALSE,0.31795
05023,AR,"Cleburne County, AR",23091,0.003637781,0.135464034,0.860898185,0.775,0.726,24948,0.3532,0.5406,0.4792,0.1861,0.1785,"Cleburne County, AR",Q2,FALSE,0.5396
05025,AR,"Cleveland County, AR",6972,0,0.090504877,0.909495123,0.413,0.406,7548,0.286,0.1782,0.6888,0.4537,0.2574,"Cleveland County, AR",Q2,FALSE,0.346
05027,AR,"Columbia County, AR",17033,0,0.363177362,0.636822638,0.453,0.434,22707,0.7598,0.5192,0.6596,0.7929,0.9163,"Columbia County, AR",Q4: Most vulnerable,FALSE,0.5969
05029,AR,"Conway County, AR",17287,0.014577428,0.156360271,0.829062301,0.737,0.677,20782,0.7461,0.6879,0.9634,0.5218,0.427,"Conway County, AR",Q3,FALSE,0.71155
05031,AR,"Craighead County, AR",50790,0.391592833,0.10998228,0.498424887,0.287,0.271,111038,0.8342,0.7369,0.8836,0.6316,0.7824,"Craighead County, AR",Q4: Most vulnerable,FALSE,0.5526
05033,AR,"Crawford County, AR",36871,0.147514307,0.163624529,0.688861165,0.883,0.838,60593,0.7531,0.6822,0.9532,0.5011,0.4944,"Crawford County, AR",Q4: Most vulnerable,TRUE,0.79555
05035,AR,"Crittenden County, AR",23127,0.76564189,0.049033597,0.185324512,0.14,0.14,47945,0.9205,0.9345,0.8368,0.9192,0.7461,"Crittenden County, AR",Q4: Most vulnerable,FALSE,0.53025
05037,AR,"Cross County, AR",11624,0.275292498,0.257140399,0.467567103,0.262,0.247,16827,0.9227,0.9128,0.9504,0.6402,0.7801,"Cross County, AR",Q4: Most vulnerable,FALSE,0.58485
05039,AR,"Dallas County, AR",5686,0,0.37478016199999997,0.625219838,0.425,0.412,6472,0.6885,0.3366,0.6179,0.8603,0.9421,"Dallas County, AR",Q3,FALSE,0.55025
05041,AR,"Desha County, AR",8801,0.628337689,0.052494035,0.319168276,0.224,0.218,11285,0.9749,0.9173,0.999,0.9007,0.7369,"Desha County, AR",Q4: Most vulnerable,FALSE,0.59645
05043,AR,"Drew County, AR",11927,0.01861323,0.31894022,0.66244655,0.392,0.388,17309,0.7668,0.4028,0.8263,0.7245,0.9548,"Drew County, AR",Q4: Most vulnerable,FALSE,0.5774
05045,AR,"Faulkner County, AR",59341,0.161473517,0.201951433,0.636575049,0.763,0.705,124611,0.5326,0.4585,0.2071,0.5444,0.8266,"Faulkner County, AR",Q3,FALSE,0.6188
05047,AR,"Franklin County, AR",15213,0.001183199,0.161769539,0.837047262,0.78,0.731,17160,0.6198,0.6688,0.6678,0.3446,0.5317,"Franklin County, AR",Q3,FALSE,0.6754
05049,AR,"Fulton County, AR",12715,0.001808887,0.059142745,0.939048368,0.741,0.693,12183,0.6535,0.72,0.7,0.1572,0.6262,"Fulton County, AR",Q3,FALSE,0.6732499999999999
05051,AR,"Garland County, AR",58229,0.115509454,0.2795686,0.604921946,0.638,0.598,100021,0.8661,0.713,0.9723,0.5161,0.8326,"Garland County, AR",Q4: Most vulnerable,FALSE,0.73205
05053,AR,"Grant County, AR",11890,0.005971405,0.179899075,0.814129521,0.437,0.419,18022,0.1852,0.154,0.4588,0.2399,0.223,"Grant County, AR",Q1: Least vulnerable,FALSE,0.3021
05055,AR,"Greene County, AR",27015,0.331926707,0.060151768,0.607921525,0.335,0.309,45954,0.6917,0.7932,0.6898,0.2692,0.5654,"Greene County, AR",Q3,FALSE,0.50035
05057,AR,"Hempstead County, AR",17471,0.016885124,0.23650621,0.746608666,0.488,0.463,20037,0.8998,0.748,0.9914,0.8508,0.6927,"Hempstead County, AR",Q4: Most vulnerable,FALSE,0.6814
05059,AR,"Hot Spring County, AR",21262,0.001128774,0.199651961,0.799219264,0.574,0.543,33129,0.6437,0.5278,0.4458,0.4998,0.868,"Hot Spring County, AR",Q3,FALSE,0.59335
05061,AR,"Howard County, AR",12273,0,0.221461745,0.778538255,0.592,0.558,12779,0.8797,0.8342,0.9949,0.7521,0.4423,"Howard County, AR",Q4: Most vulnerable,FALSE,0.71885
05063,AR,"Independence County, AR",27297,0.016375426,0.173169213,0.810455361,0.735,0.685,37910,0.8241,0.7655,0.7843,0.4314,0.8912,"Independence County, AR",Q4: Most vulnerable,FALSE,0.75455
05065,AR,"Izard County, AR",12897,0.003644258,0.08598899,0.910366752,0.751,0.708,13748,0.671,0.8043,0.3541,0.3592,0.6885,"Izard County, AR",Q3,FALSE,0.6895
05067,AR,"Jackson County, AR",11254,0.283721344,0.231650969,0.484627688,0.497,0.464,16784,0.7101,0.8667,0.4534,0.5927,0.4874,"Jackson County, AR",Q3,FALSE,0.58705
05069,AR,"Jefferson County, AR",37199,0.3386919,0.266136186,0.395171913,0.342,0.333,66934,0.9096,0.7951,0.8015,0.931,0.9453,"Jefferson County, AR",Q4: Most vulnerable,FALSE,0.6213
05071,AR,"Johnson County, AR",18598,3.76385e-4,0.157113668,0.842509947,0.674,0.637,25925,0.895,0.8769,0.98,0.5679,0.6478,"Johnson County, AR",Q4: Most vulnerable,FALSE,0.766
05073,AR,"Lafayette County, AR",6793,0.006330046,0.233475637,0.760194318,0.494,0.472,6277,0.8075,0.8622,0.6408,0.8031,0.6064,"Lafayette County, AR",Q4: Most vulnerable,FALSE,0.63975
05075,AR,"Lawrence County, AR",14201,0.321597071,0.096965002,0.581437927,0.556,0.509,16258,0.7003,0.763,0.7636,0.1572,0.6408,"Lawrence County, AR",Q3,FALSE,0.60465
05077,AR,"Lee County, AR",6338,0.257494478,0.318081414,0.424424109,0.271,0.256,8666,0.9714,0.958,0.9144,0.917,0.8829,"Lee County, AR",Q4: Most vulnerable,FALSE,0.6137
05079,AR,"Lincoln County, AR",8143,0.126980228,0.131401203,0.741618568,0.311,0.307,13016,0.5864,0.6058,0.1409,0.749,0.7372,"Lincoln County, AR",Q3,FALSE,0.4467
05081,AR,"Little River County, AR",10643,2.81875e-4,0.195903411,0.803814714,0.56,0.523,12024,0.4197,0.3643,0.538,0.6468,0.3255,"Little River County, AR",Q2,FALSE,0.47135000000000005
05083,AR,"Logan County, AR",19494,7.1817e-4,0.184313122,0.814968708,0.695,0.644,21247,0.5444,0.4967,0.6802,0.335,0.5603,"Logan County, AR",Q3,FALSE,0.5942000000000001
05085,AR,"Lonoke County, AR",40152,0.094441124,0.27769476,0.627864116,0.408,0.38,74292,0.4063,0.3684,0.7063,0.4445,0.2536,"Lonoke County, AR",Q2,FALSE,0.39315
05087,AR,"Madison County, AR",16763,0,0.044562429,0.955437571,0.714,0.687,16737,0.5272,0.6096,0.6411,0.5953,0.2405,"Madison County, AR",Q3,FALSE,0.6071
05089,AR,"Marion County, AR",16095,0.00167754,0.094874185,0.903448276,0.762,0.724,16905,0.4588,0.6726,0.5495,0.182,0.2246,"Marion County, AR",Q2,FALSE,0.5913999999999999
05091,AR,"Miller County, AR",25972,0.329393193,0.11435392,0.556252888,0.58,0.562,42682,0.9354,0.908,0.7136,0.7028,0.9812,"Miller County, AR",Q4: Most vulnerable,FALSE,0.7487
05093,AR,"Mississippi County, AR",25603,0.666523454,0.080029684,0.253446862,0.079,0.082,40361,0.9335,0.9007,0.9456,0.8151,0.7878,"Mississippi County, AR",Q4: Most vulnerable,FALSE,0.50775
05095,AR,"Monroe County, AR",6400,0.22140625,0.37375,0.40484375,0.338,0.318,6787,0.9341,0.9147,0.7773,0.8447,0.9275,"Monroe County, AR",Q4: Most vulnerable,FALSE,0.62605
05097,AR,"Montgomery County, AR",10048,0.004378981,0.055234873,0.940386146,0.676,0.633,8555,0.5765,0.7455,0.8314,0.2959,0.1954,"Montgomery County, AR",Q3,FALSE,0.60475
05099,AR,"Nevada County, AR",7968,0,0.196034137,0.803965863,0.475,0.456,8292,0.8527,0.7913,0.8731,0.7502,0.7448,"Nevada County, AR",Q4: Most vulnerable,FALSE,0.65435
05101,AR,"Newton County, AR",9219,0,0.028094153,0.971905847,0.742,0.718,7243,0.1985,0.4359,0.2275,0.2109,0.0961,"Newton County, AR",Q1: Least vulnerable,FALSE,0.45825
05103,AR,"Ouachita County, AR",17011,8.22997e-4,0.417376991,0.581800012,0.419,0.401,22606,0.7464,0.6767,0.8912,0.8377,0.4298,"Ouachita County, AR",Q3,FALSE,0.5737
05105,AR,"Perry County, AR",8549,0.007369283,0.093227278,0.899403439,0.683,0.63,10055,0.4292,0.286,0.6284,0.2692,0.5991,"Perry County, AR",Q2,FALSE,0.5296000000000001
05107,AR,"Phillips County, AR",13329,0.277290119,0.300097532,0.422612349,0.247,0.235,16373,0.9628,0.9526,0.9402,0.9453,0.7633,"Phillips County, AR",Q4: Most vulnerable,FALSE,0.5989
05109,AR,"Pike County, AR",10176,0.001375786,0.150452044,0.84817217,0.6,0.563,10205,0.5972,0.4706,0.7598,0.4248,0.6449,"Pike County, AR",Q3,FALSE,0.5801
05111,AR,"Poinsett County, AR",15153,0.493961592,0.08704547,0.418992939,0.214,0.208,22997,0.7381,0.8234,0.8546,0.4273,0.4127,"Poinsett County, AR",Q3,FALSE,0.47304999999999997
05113,AR,"Polk County, AR",19019,1.05158e-4,0.155318366,0.844576476,0.782,0.734,19384,0.6863,0.7506,0.8447,0.377,0.4174,"Polk County, AR",Q3,FALSE,0.7101500000000001
05115,AR,"Pope County, AR",35827,0.066374522,0.213609847,0.720015631,0.728,0.68,63475,0.8171,0.7817,0.8727,0.489,0.727,"Pope County, AR",Q4: Most vulnerable,FALSE,0.74855
05117,AR,"Prairie County, AR",7573,0.140367094,0.269774198,0.589858709,0.378,0.355,8217,0.4601,0.4178,0.7674,0.4496,0.2844,"Prairie County, AR",Q2,FALSE,0.40754999999999997
05119,AR,"Pulaski County, AR",182186,0.366724117,0.344269044,0.289006839,0.552,0.508,398322,0.7811,0.6573,0.8011,0.8702,0.6844,"Pulaski County, AR",Q4: Most vulnerable,FALSE,0.64455
05121,AR,"Randolph County, AR",15846,0.062728764,0.182948378,0.754322858,0.613,0.567,18619,0.7051,0.7696,0.7941,0.2816,0.5336,"Randolph County, AR",Q3,FALSE,0.63605
05123,AR,"St. Francis County, AR",13402,0.171690792,0.325846889,0.502462319,0.272,0.258,23138,0.9777,0.9421,0.943,0.924,0.9284,"St. Francis County, AR",Q4: Most vulnerable,FALSE,0.61785
05125,AR,"Saline County, AR",60725,0.068719638,0.287328119,0.643952244,0.587,0.552,123988,0.2864,0.1502,0.6459,0.5011,0.3312,"Saline County, AR",Q2,FALSE,0.4192
05127,AR,"Scott County, AR",10883,0,0.139483598,0.860516402,0.745,0.695,9871,0.7537,0.7146,0.9001,0.4658,0.5759,"Scott County, AR",Q4: Most vulnerable,FALSE,0.72435
05129,AR,"Searcy County, AR",8849,0,0.082043169,0.917956831,0.821,0.784,7880,0.517,0.6847,0.5011,0.3484,0.3086,"Searcy County, AR",Q3,FALSE,0.6505000000000001
05131,AR,"Sebastian County, AR",65366,0.424639721,0.176024233,0.399336046,0.842,0.8,128184,0.8696,0.7957,0.9675,0.6962,0.6491,"Sebastian County, AR",Q4: Most vulnerable,TRUE,0.8348
05133,AR,"Sevier County, AR",12715,7.8647e-5,0.172001573,0.82791978,0.642,0.601,15913,0.825,0.8256,0.8864,0.833,0.4804,"Sevier County, AR",Q4: Most vulnerable,FALSE,0.713
05135,AR,"Sharp County, AR",15185,0.003819559,0.071320382,0.924860059,0.708,0.663,17422,0.5838,0.728,0.7808,0.2364,0.2959,"Sharp County, AR",Q3,FALSE,0.6234
05137,AR,"Stone County, AR",11278,0,0.087160844,0.912839156,0.775,0.742,12393,0.7709,0.7731,0.8336,0.2733,0.7299,"Stone County, AR",Q4: Most vulnerable,FALSE,0.7564500000000001
05139,AR,"Union County, AR",28085,0.03200997,0.439843333,0.528146698,0.4,0.387,38815,0.6682,0.5485,0.7668,0.7798,0.5479,"Union County, AR",Q3,FALSE,0.5276000000000001
05141,AR,"Van Buren County, AR",14435,0.001731902,0.063249047,0.935019051,0.783,0.748,15900,0.7763,0.8101,0.8661,0.2164,0.6678,"Van Buren County, AR",Q4: Most vulnerable,FALSE,0.76215
05143,AR,"Washington County, AR",109519,0.28886312,0.141874926,0.569261955,0.863,0.827,247331,0.7658,0.7407,0.4871,0.7178,0.8094,"Washington County, AR",Q4: Most vulnerable,TRUE,0.7964
05145,AR,"White County, AR",50341,0.080232812,0.190759023,0.729008164,0.742,0.69,77118,0.8482,0.7716,0.7878,0.4057,0.9488,"White County, AR",Q4: Most vulnerable,FALSE,0.7690999999999999
05147,AR,"Woodruff County, AR",5676,0.23255814,0.34055673,0.42688513,0.394,0.377,6259,0.7671,0.7859,0.6767,0.6752,0.6303,"Woodruff County, AR",Q4: Most vulnerable,FALSE,0.57205
05149,AR,"Yell County, AR",17481,6.29255e-4,0.167038499,0.832332246,0.683,0.628,20342,0.7738,0.5714,0.8276,0.6211,0.8591,"Yell County, AR",Q4: Most vulnerable,FALSE,0.7009000000000001
06001,CA,"Alameda County, CA",459757,0.628930065,0.316782561,0.054287374,0.969,0.966,1663823,0.5129,0.2962,0.0862,0.9605,0.9205,"Alameda County, CA",Q3,FALSE,0.7394499999999999
06003,CA,"Alpine County, CA",1643,0.002434571,0.079123554,0.918441875,0.943,0.948,1515,0.4044,0.1429,0.6402,0.8008,0.5352,"Alpine County, CA",Q2,FALSE,0.6761999999999999
06005,CA,"Amador County, CA",26925,6.68524e-4,0.258941504,0.740389972,0.973,0.981,40577,0.5647,0.4477,0.398,0.6096,0.7725,"Amador County, CA",Q3,FALSE,0.77285
06007,CA,"Butte County, CA",102060,0.206476582,0.342641583,0.450881834,0.926,0.946,213605,0.8225,0.7706,0.4843,0.6806,0.9437,"Butte County, CA",Q4: Most vulnerable,TRUE,0.88425
06009,CA,"Calaveras County, CA",42602,0.002887188,0.1577156,0.839397211,0.979,0.986,45674,0.3357,0.5425,0.4706,0.552,0.0614,"Calaveras County, CA",Q2,FALSE,0.6608499999999999
06011,CA,"Colusa County, CA",13839,0.441867187,0.144157815,0.413974998,0.968,0.977,21811,0.84,0.8931,0.9026,0.9465,0.3315,"Colusa County, CA",Q4: Most vulnerable,TRUE,0.9085
06013,CA,"Contra Costa County, CA",387160,0.405297551,0.455573923,0.139128526,0.927,0.92,1162648,0.4785,0.3223,0.4343,0.917,0.5113,"Contra Costa County, CA",Q2,FALSE,0.69925
06015,CA,"Del Norte County, CA",14210,0.037016186,0.472624912,0.490358902,0.936,0.951,27462,0.9004,0.7814,0.6395,0.7735,0.9927,"Del Norte County, CA",Q4: Most vulnerable,TRUE,0.9257
06017,CA,"El Dorado County, CA",100466,0.099546115,0.253956562,0.646497322,0.983,0.989,191713,0.1896,0.1836,0.2008,0.5994,0.2186,"El Dorado County, CA",Q1: Least vulnerable,FALSE,0.5892999999999999
06019,CA,"Fresno County, CA",372103,0.680072453,0.1109424,0.208985147,0.9,0.911,1008280,0.9618,0.943,0.8772,0.9685,0.875,"Fresno County, CA",Q4: Most vulnerable,TRUE,0.9364
06021,CA,"Glenn County, CA",19345,0.173067976,0.335538899,0.491393125,0.957,0.958,28657,0.8622,0.945,0.6443,0.8734,0.5937,"Glenn County, CA",Q4: Most vulnerable,TRUE,0.9100999999999999
06023,CA,"Humboldt County, CA",76956,0.111089454,0.414990384,0.473920162,0.817,0.835,136132,0.8269,0.7805,0.6538,0.6475,0.8851,"Humboldt County, CA",Q4: Most vulnerable,TRUE,0.83095
06025,CA,"Imperial County, CA",62463,0.714631062,0.111313898,0.174055041,0.376,0.367,179578,0.9936,0.9682,0.9392,0.9943,0.979,"Imperial County, CA",Q4: Most vulnerable,FALSE,0.6803
06027,CA,"Inyo County, CA",13455,0.022222222,0.523745819,0.454031958,0.686,0.735,18829,0.6147,0.4162,0.5234,0.7881,0.7716,"Inyo County, CA",Q3,FALSE,0.67485
06029,CA,"Kern County, CA",355572,0.565843205,0.223161554,0.210995241,0.931,0.95,906883,0.9685,0.957,0.8339,0.9545,0.9265,"Kern County, CA",Q4: Most vulnerable,TRUE,0.9592499999999999
06031,CA,"Kings County, CA",54685,0.591844199,0.157447198,0.250708604,0.786,0.773,152515,0.9507,0.9354,0.839,0.9593,0.8753,"Kings County, CA",Q4: Most vulnerable,TRUE,0.86185
06033,CA,"Lake County, CA",49863,0.0467882,0.42199627,0.531215531,0.995,0.997,68024,0.9055,0.8696,0.9236,0.7089,0.79990000000000006,"Lake County, CA",Q4: Most vulnerable,TRUE,0.9512499999999999
06035,CA,"Lassen County, CA",20026,3.99481e-4,0.370668131,0.628932388,0.968,0.97,31873,0.8231,0.861,0.3748,0.7464,0.8769,"Lassen County, CA",Q4: Most vulnerable,TRUE,0.89655
06037,CA,"Los Angeles County, CA",2748612,0.803409139,0.14620252,0.050388341,0.967,0.985,9936690,0.8629,0.895,0.2825,0.9736,0.9176,"Los Angeles County, CA",Q4: Most vulnerable,TRUE,0.92395
06039,CA,"Madera County, CA",69264,0.195873758,0.197505198,0.606621044,0.939,0.94,157243,0.9593,0.9567,0.9036,0.9532,0.7859,"Madera County, CA",Q4: Most vulnerable,TRUE,0.94965
06041,CA,"Marin County, CA",95969,0.132897081,0.593722973,0.273379946,0.898,0.867,260485,0.37,0.1616,0.3637,0.6764,0.6682,"Marin County, CA",Q2,FALSE,0.6185
06043,CA,"Mariposa County, CA",16578,4.22246e-4,0.051152129,0.948425624,0.978,0.98,17130,0.8613,0.6542,0.922,0.5711,0.9465,"Mariposa County, CA",Q4: Most vulnerable,TRUE,0.92065
06045,CA,"Mendocino County, CA",59392,0.003872575,0.315177128,0.680950296,0.928,0.951,91145,0.9726,0.8934,0.9803,0.749,0.9418,"Mendocino County, CA",Q4: Most vulnerable,TRUE,0.9618
06047,CA,"Merced County, CA",109165,0.472587368,0.219310218,0.308102414,0.893,0.881,282290,0.973,0.973,0.888,0.9736,0.8517,"Merced County, CA",Q4: Most vulnerable,TRUE,0.927
06049,CA,"Modoc County, CA",10584,0.054705215,0.256708239,0.688586546,0.902,0.907,8651,0.8186,0.693,0.8998,0.5927,0.7852,"Modoc County, CA",Q4: Most vulnerable,TRUE,0.8628
06051,CA,"Mono County, CA",11460,0.002879581,0.42478185,0.572338569,0.897,0.919,13219,0.3891,0.4143,0.02,0.7321,0.7375,"Mono County, CA",Q2,FALSE,0.65405
06053,CA,"Monterey County, CA",148198,0.469824154,0.235300072,0.294875774,0.987,0.989,437609,0.8686,0.8272,0.581,0.964,0.8724,"Monterey County, CA",Q4: Most vulnerable,TRUE,0.9288000000000001
06055,CA,"Napa County, CA",64354,0.34450073,0.398498928,0.257000342,0.952,0.953,137384,0.6831,0.4983,0.4127,0.8702,0.8692,"Napa County, CA",Q3,FALSE,0.8180499999999999
06057,CA,"Nevada County, CA",62709,0.011848379,0.211277488,0.776874133,0.987,0.995,102322,0.2148,0.3013,0.2444,0.4699,0.1632,"Nevada County, CA",Q1: Least vulnerable,FALSE,0.6049
06059,CA,"Orange County, CA",814055,0.769074571,0.204838739,0.026086689,0.99,0.995,3175227,0.5692,0.5412,0.1791,0.9252,0.6605,"Orange County, CA",Q3,FALSE,0.7821
06061,CA,"Placer County, CA",176004,0.301697689,0.337321879,0.360980432,0.961,0.977,406608,0.1992,0.1212,0.3182,0.6793,0.2469,"Placer County, CA",Q1: Least vulnerable,FALSE,0.5881
06063,CA,"Plumas County, CA",19648,0.007532573,0.291530945,0.700936482,0.977,0.979,19650,0.4088,0.3659,0.3672,0.4948,0.4903,"Plumas County, CA",Q2,FALSE,0.6939
06065,CA,"Riverside County, CA",839226,0.39899026,0.428684288,0.172325452,0.985,0.993,2429487,0.8199,0.7948,0.6736,0.9504,0.6822,"Riverside County, CA",Q4: Most vulnerable,TRUE,0.90645
06067,CA,"Sacramento County, CA",515783,0.712731905,0.185760291,0.101507805,0.794,0.766,1579211,0.7509,0.6255,0.636,0.9084,0.7343,"Sacramento County, CA",Q4: Most vulnerable,TRUE,0.7584500000000001
06069,CA,"San Benito County, CA",28641,0.289026221,0.316818547,0.394155232,0.991,0.994,64753,0.5094,0.5072,0.6685,0.9564,0.1639,"San Benito County, CA",Q3,FALSE,0.7517
06071,CA,"San Bernardino County, CA",752395,0.52678579699999994,0.27582985,0.197384353,0.889,0.928,2180563,0.8858,0.8896,0.7563,0.9726,0.7464,"San Bernardino County, CA",Q4: Most vulnerable,TRUE,0.9069
06073,CA,"San Diego County, CA",939023,0.57988356,0.271940091,0.148176349,0.999,1,3289701,0.7057,0.6281,0.2202,0.9007,0.8759,"San Diego County, CA",Q3,FALSE,0.85285
06075,CA,"San Francisco County, CA",160463,0.966079408,0.029676623,0.004243969,0.513,0.535,851036,0.482,0.2876,0.0302,0.9284,0.9561,"San Francisco County, CA",Q2,FALSE,0.5085
06077,CA,"San Joaquin County, CA",268376,0.729044326,0.110050824,0.16090485,0.85,0.839,779445,0.8718,0.8075,0.8174,0.9637,0.7509,"San Joaquin County, CA",Q4: Most vulnerable,TRUE,0.8553999999999999
06079,CA,"San Luis Obispo County, CA",152493,0.120838334,0.466388621,0.412773045,0.971,0.975,281712,0.5227,0.4254,0.2256,0.7038,0.7553,"San Luis Obispo County, CA",Q3,FALSE,0.74885
06081,CA,"San Mateo County, CA",220735,0.629043876,0.243912384,0.12704374,0.73,0.716,754250,0.2899,0.1292,0.0655,0.9351,0.7121,"San Mateo County, CA",Q2,FALSE,0.50295
06083,CA,"Santa Barbara County, CA",146809,0.336668733,0.408762406,0.254568862,0.956,0.968,445213,0.8667,0.8419,0.3401,0.9065,0.9599,"Santa Barbara County, CA",Q4: Most vulnerable,TRUE,0.91735
06085,CA,"Santa Clara County, CA",518508,0.690128214,0.22766669,0.082205096,0.967,0.965,1916831,0.3614,0.1349,0.0859,0.9612,0.8206,"Santa Clara County, CA",Q2,FALSE,0.6632
06087,CA,"Santa Cruz County, CA",108780,0.299889686,0.332763376,0.367346939,0.794,0.786,268571,0.6131,0.4948,0.1327,0.8225,0.9182,"Santa Cruz County, CA",Q3,FALSE,0.69955
06089,CA,"Shasta County, CA",98665,0.196614808,0.270521462,0.532863731,0.988,0.992,181852,0.7649,0.6096,0.833,0.5679,0.7919,"Shasta County, CA",Q4: Most vulnerable,TRUE,0.87845
06091,CA,"Sierra County, CA",3478,0,0.236342726,0.763657274,0.992,0.998,2916,0.3522,0.5994,0.2599,0.3888,0.1654,"Sierra County, CA",Q2,FALSE,0.6751
06093,CA,"Siskiyou County, CA",38220,0.016221873,0.356881214,0.62689691299999994,0.972,0.976,44049,0.7884,0.7649,0.7458,0.6185,0.7206,"Siskiyou County, CA",Q4: Most vulnerable,TRUE,0.8822
06095,CA,"Solano County, CA",158211,0.497057727,0.38073206,0.122210213,0.881,0.866,450995,0.6201,0.4499,0.5186,0.9415,0.6787,"Solano County, CA",Q3,FALSE,0.74305
06097,CA,"Sonoma County, CA",240702,0.303304501,0.333059135,0.363636364,0.89,0.893,488436,0.5562,0.4108,0.4025,0.7706,0.7146,"Sonoma County, CA",Q3,FALSE,0.7246
06099,CA,"Stanislaus County, CA",213164,0.627333884,0.172219512,0.200446604,0.929,0.922,552063,0.8511,0.8482,0.8323,0.9252,0.5889,"Stanislaus County, CA",Q4: Most vulnerable,TRUE,0.88655
06101,CA,"Sutter County, CA",38817,0.51498055,0.228843033,0.256176418,0.789,0.79,99101,0.8641,0.8444,0.8874,0.9036,0.5883,"Sutter County, CA",Q4: Most vulnerable,TRUE,0.8270500000000001
06103,CA,"Tehama County, CA",42159,0.084703148,0.217984298,0.697312555,0.992,0.991,65484,0.9271,0.8253,0.9892,0.7213,0.7728,"Tehama County, CA",Q4: Most vulnerable,TRUE,0.95905
06105,CA,"Trinity County, CA",12981,3.08143e-4,0.140127879,0.859563978,0.996,0.996,15889,0.7206,0.769,0.7388,0.5444,0.5107,"Trinity County, CA",Q3,FALSE,0.8583000000000001
06107,CA,"Tulare County, CA",188928,0.538115049,0.121993564,0.339891387,0.942,0.945,473446,0.9147,0.9602,0.8524,0.9707,0.5705,"Tulare County, CA",Q4: Most vulnerable,TRUE,0.92985
06109,CA,"Tuolumne County, CA",44250,0.001491525,0.163435028,0.835073446,0.984,0.992,54993,0.6319,0.5501,0.622,0.5415,0.6876,"Tuolumne County, CA",Q3,FALSE,0.81195
06111,CA,"Ventura County, CA",270715,0.319912085,0.548207525,0.131880391,0.937,0.964,842009,0.6249,0.5921,0.3312,0.9017,0.6293,"Ventura County, CA",Q3,FALSE,0.79445
06113,CA,"Yolo County, CA",72597,0.67495902,0.170971252,0.154069727,0.909,0.923,217141,0.7366,0.6198,0.1572,0.8966,0.9653,"Yolo County, CA",Q3,FALSE,0.8298000000000001
06115,CA,"Yuba County, CA",34127,0.114894365,0.414539807,0.470565828,0.97,0.986,81705,0.9268,0.8651,0.9109,0.8616,0.8651,"Yuba County, CA",Q4: Most vulnerable,TRUE,0.9563999999999999
08001,CO,"Adams County, CO",172122,0.858664203,0.029403563,0.111932234,0.581,0.597,520149,0.7264,0.6825,0.6758,0.8832,0.545,"Adams County, CO",Q3,FALSE,0.6617
08003,CO,"Alamosa County, CO",11080,0.026714801,0.491155235,0.482129964,0.296,0.339,16460,0.8253,0.5721,0.7658,0.889,0.9411,"Alamosa County, CO",Q4: Most vulnerable,FALSE,0.5821500000000001
08005,CO,"Arapahoe County, CO",192251,0.730539763,0.136555857,0.13290438,0.726,0.729,654453,0.4661,0.4101,0.4038,0.8031,0.4117,"Arapahoe County, CO",Q2,FALSE,0.59755
08007,CO,"Archuleta County, CO",12497,0.002880691,0.11674802,0.880371289,0.871,0.908,13509,0.3484,0.5237,0.1473,0.5969,0.2304,"Archuleta County, CO",Q2,FALSE,0.6282
08009,CO,"Baca County, CO",5764,0.009541985,0.392435808,0.598022207,0.866,0.863,3496,0.5472,0.5463,0.4566,0.4839,0.5832,"Baca County, CO",Q3,FALSE,0.7051000000000001
08011,CO,"Bent County, CO",4665,0.028081458,0.441586281,0.530332262,0.812,0.81,5561,0.8804,0.8937,0.2692,0.8377,0.9838,"Bent County, CO",Q4: Most vulnerable,TRUE,0.8452
08013,CO,"Boulder County, CO",119558,0.474639924,0.258393416,0.266966661,0.957,0.972,328658,0.209,0.2202,0.0169,0.5892,0.5962,"Boulder County, CO",Q1: Least vulnerable,FALSE,0.5905
08014,CO,"Broomfield County, CO",23098,0.88033596,0.029223309,0.090440731,0.691,0.684,73946,0.0436,0.0353,0.0557,0.6128,0.1088,"Broomfield County, CO",Q1: Least vulnerable,FALSE,0.3638
08015,CO,"Chaffee County, CO",16755,2.38735e-4,0.436168308,0.563592957,0.591,0.71,19564,0.6096,0.5657,0.693,0.4378,0.5915,"Chaffee County, CO",Q3,FALSE,0.6597999999999999
08017,CO,"Cheyenne County, CO",3162,0.021505376,0.389310563,0.589184061,0.482,0.496,1726,0.0837,0.0843,0.4197,0.5294,0.0334,"Cheyenne County, CO",Q1: Least vulnerable,FALSE,0.28985
08019,CO,"Clear Creek County, CO",6236,3.20718e-4,0.281911482,0.7177678,0.915,0.952,9403,0.1394,0.3245,0.0356,0.4018,0.1677,"Clear Creek County, CO",Q1: Least vulnerable,FALSE,0.5457
08021,CO,"Conejos County, CO",8186,0.183972636,0.232225751,0.583801613,0.433,0.527,7553,0.8377,0.8062,0.8311,0.8931,0.608,"Conejos County, CO",Q4: Most vulnerable,FALSE,0.68235
08023,CO,"Costilla County, CO",4796,0.005629691,0.228106756,0.766263553,0.467,0.591,3534,0.8727,0.8511,0.9965,0.9462,0.2466,"Costilla County, CO",Q4: Most vulnerable,FALSE,0.73185
08025,CO,"Crowley County, CO",3342,0.050568522,0.330939557,0.61849192099999994,0.678,0.688,5782,0.86,0.8823,0.5864,0.8571,0.8059,"Crowley County, CO",Q4: Most vulnerable,FALSE,0.774
08027,CO,"Custer County, CO",7822,0,0.072615699,0.927384301,0.827,0.876,4885,0.1012,0.2905,0.0404,0.377,0.083,"Custer County, CO",Q1: Least vulnerable,FALSE,0.4886
08029,CO,"Delta County, CO",26387,0.088717929,0.294955849,0.616326221,0.723,0.803,31173,0.581,0.6312,0.7086,0.5383,0.3344,"Delta County, CO",Q3,FALSE,0.692
08031,CO,"Denver County, CO",223962,0.947075843,0.031398184,0.021525973,0.52,0.513,710800,0.5603,0.546,0.057,0.8447,0.8486,"Denver County, CO",Q3,FALSE,0.5366500000000001
08033,CO,"Dolores County, CO",3058,0.001962067,0.202419882,0.795618051,0.82,0.865,2329,0.1858,0.0923,0.2673,0.5819,0.3439,"Dolores County, CO",Q1: Least vulnerable,FALSE,0.5254
08035,CO,"Douglas County, CO",123588,0.196086999,0.489545911,0.314367091,0.964,0.979,360206,0.022,0.0083,0.078,0.5383,0.064,"Douglas County, CO",Q1: Least vulnerable,FALSE,0.5005
08037,CO,"Eagle County, CO",20681,1.93414e-4,0.577534935,0.42227165,0.673,0.76,55650,0.3497,0.4219,0.0719,0.7321,0.4445,"Eagle County, CO",Q2,FALSE,0.5548500000000001
08039,CO,"Elbert County, CO",20813,0,0.062220727,0.937779273,0.799,0.805,26457,6e-4,0.0038,0.0127,0.4445,0.001,"Elbert County, CO",Q1: Least vulnerable,FALSE,0.40280000000000005
08041,CO,"El Paso County, CO",267598,0.458807614,0.243379995,0.29781239,0.92,0.941,730323,0.4604,0.4168,0.3153,0.7038,0.5052,"El Paso County, CO",Q2,FALSE,0.7007
08043,CO,"Fremont County, CO",31222,0.077637563,0.384184229,0.538178208,0.908,0.944,49107,0.6688,0.5889,0.4286,0.5542,0.8511,"Fremont County, CO",Q3,FALSE,0.8064
08045,CO,"Garfield County, CO",28578,0.061900763,0.444992652,0.493106585,0.799,0.842,61683,0.6058,0.5002,0.5247,0.7191,0.6634,"Garfield County, CO",Q3,FALSE,0.7239
08047,CO,"Gilpin County, CO",5098,0,0.080619851,0.919380149,0.926,0.956,5856,0.0967,0.2491,0.0064,0.4416,0.2727,"Gilpin County, CO",Q1: Least vulnerable,FALSE,0.52635
08049,CO,"Grand County, CO",17814,0.008925564,0.251431458,0.739642977,0.623,0.68,15724,0.1565,0.3891,0.0089,0.4932,0.2456,"Grand County, CO",Q1: Least vulnerable,FALSE,0.41825
08051,CO,"Gunnison County, CO",15094,0,0.276069962,0.723930038,0.594,0.711,17018,0.1222,0.2116,0.0022,0.4273,0.5997,"Gunnison County, CO",Q1: Least vulnerable,FALSE,0.41659999999999997
08053,CO,"Hinsdale County, CO",2361,0.003811944,0.304955527,0.691232529,0.627,0.721,911,0.0869,0.2335,0.4419,0.2984,0.0054,"Hinsdale County, CO",Q1: Least vulnerable,FALSE,0.40395
08055,CO,"Huerfano County, CO",8806,0,0.303656598,0.696343402,0.722,0.802,6896,0.5383,0.5778,0.5075,0.7636,0.3236,"Huerfano County, CO",Q3,FALSE,0.67015
08057,CO,"Jackson County, CO",3071,0,0.213611202,0.78638879800000006,0.461,0.504,1440,0.3751,0.8781,0.049,0.3824,0.1085,"Jackson County, CO",Q2,FALSE,0.43955
08059,CO,"Jefferson County, CO",210118,0.568423457,0.22105198,0.210524562,0.967,0.981,580519,0.0948,0.1193,0.0337,0.5829,0.2164,"Jefferson County, CO",Q1: Least vulnerable,FALSE,0.5379
08061,CO,"Kiowa County, CO",2593,0.027381411,0.363671423,0.608947165,0.671,0.687,1347,0.3312,0.5024,0.4785,0.2214,0.1724,"Kiowa County, CO",Q2,FALSE,0.5091
08063,CO,"Kit Carson County, CO",8978,0.29282691,0.212965026,0.494208064,0.359,0.38,7039,0.6825,0.5756,0.9211,0.5829,0.4604,"Kit Carson County, CO",Q3,FALSE,0.53125
08065,CO,"Lake County, CO",5191,0,0.553072626,0.446927374,0.406,0.497,7403,0.1152,0.2342,0.0165,0.776,0.1368,"Lake County, CO",Q1: Least vulnerable,FALSE,0.3061
08067,CO,"La Plata County, CO",35043,4.56582e-4,0.255714408,0.74382901,0.87,0.903,55983,0.258,0.2965,0.0108,0.5797,0.7031,"La Plata County, CO",Q2,FALSE,0.5805
08069,CO,"Larimer County, CO",155984,0.471689404,0.159901015,0.36840958,0.918,0.939,359363,0.1524,0.2676,0.0105,0.5161,0.3824,"Larimer County, CO",Q1: Least vulnerable,FALSE,0.5457
08071,CO,"Las Animas County, CO",14821,0,0.386816004,0.613183996,0.869,0.904,14422,0.9068,0.8645,0.9065,0.8571,0.7706,"Las Animas County, CO",Q4: Most vulnerable,TRUE,0.9054
08073,CO,"Lincoln County, CO",6035,9.942e-4,0.369676885,0.629328915,0.572,0.601,5583,0.385,0.4197,0.0528,0.6045,0.6612,"Lincoln County, CO",Q2,FALSE,0.493
08075,CO,"Logan County, CO",16887,0.276129567,0.285959614,0.437910819,0.533,0.552,21302,0.6004,0.4327,0.2135,0.5867,0.9593,"Logan County, CO",Q3,FALSE,0.5762
08077,CO,"Mesa County, CO",82450,0.452128563,0.30776228,0.240109157,0.799,0.847,156131,0.6462,0.5772,0.6497,0.5371,0.6691,"Mesa County, CO",Q3,FALSE,0.7465999999999999
08079,CO,"Mineral County, CO",2349,0,0.147722435,0.852277565,0.61,0.709,794,0.056,0.4878,0.0083,0.1654,0.0185,"Mineral County, CO",Q1: Least vulnerable,FALSE,0.3825
08081,CO,"Moffat County, CO",10815,0.005177994,0.444475266,0.550346741,0.82,0.85,13232,0.8164,0.7003,0.8944,0.5501,0.7913,"Moffat County, CO",Q4: Most vulnerable,TRUE,0.8331999999999999
08083,CO,"Montezuma County, CO",23432,0.010839877,0.222558894,0.766601229,0.844,0.884,26070,0.6061,0.567,0.6382,0.6516,0.5164,"Montezuma County, CO",Q3,FALSE,0.74505
08085,CO,"Montrose County, CO",29505,0.297644467,0.211930181,0.490425352,0.721,0.798,42823,0.5164,0.6013,0.7337,0.6102,0.1591,"Montrose County, CO",Q3,FALSE,0.6572
08087,CO,"Morgan County, CO",20290,0.341005421,0.266781666,0.392212913,0.612,0.62,29045,0.8371,0.706,0.8075,0.8116,0.8346,"Morgan County, CO",Q4: Most vulnerable,FALSE,0.72855
08089,CO,"Otero County, CO",14339,0.246251482,0.453657856,0.300090662,0.729,0.734,18580,0.9535,0.8479,0.9551,0.8651,0.9211,"Otero County, CO",Q4: Most vulnerable,FALSE,0.84375
08091,CO,"Ouray County, CO",5081,0,0.174178311,0.825821689,0.645,0.74,4936,0.0834,0.307,0.064,0.2587,0.0423,"Ouray County, CO",Q1: Least vulnerable,FALSE,0.4117
08093,CO,"Park County, CO",19192,1.56315e-4,0.047676115,0.95216757,0.843,0.879,17597,0.0032,0.1374,0.0092,0.3592,0.0013,"Park County, CO",Q1: Least vulnerable,FALSE,0.4411
08095,CO,"Phillips County, CO",5446,0.56573632,0.020381932,0.413881748,0.33,0.356,4493,0.4203,0.4868,0.5348,0.6624,0.1775,"Phillips County, CO",Q2,FALSE,0.38815
08097,CO,"Pitkin County, CO",9826,0,0.367290861,0.632709139,0.726,0.813,17325,0.0617,0.0897,0.0124,0.5119,0.266,"Pitkin County, CO",Q1: Least vulnerable,FALSE,0.43734999999999996
08099,CO,"Prowers County, CO",10132,0.089814449,0.543821555,0.366363995,0.782,0.789,11968,0.9615,0.8183,0.965,0.8151,0.966,"Prowers County, CO",Q4: Most vulnerable,TRUE,0.8752500000000001
08101,CO,"Pueblo County, CO",87939,0.309680574,0.434210077,0.256109349,0.793,0.817,168135,0.8533,0.6914,0.8826,0.8686,0.8314,"Pueblo County, CO",Q4: Most vulnerable,TRUE,0.83515
08103,CO,"Rio Blanco County, CO",6975,0,0.329892473,0.670107527,0.874,0.903,6511,0.5167,0.5177,0.5937,0.4871,0.4184,"Rio Blanco County, CO",Q3,FALSE,0.7098500000000001
08105,CO,"Rio Grande County, CO",12230,0.25690924,0.211774325,0.531316435,0.411,0.502,11442,0.7868,0.5463,0.9214,0.8616,0.721,"Rio Grande County, CO",Q4: Most vulnerable,FALSE,0.6444000000000001
08107,CO,"Routt County, CO",17757,0,0.338063862,0.661936138,0.682,0.749,24944,0.1314,0.1985,0.0395,0.4613,0.2596,"Routt County, CO",Q1: Least vulnerable,FALSE,0.4402
08109,CO,"Saguache County, CO",7661,0.172823391,0.104686072,0.722490536,0.467,0.558,6454,0.6608,0.8791,0.8177,0.7989,0.0652,"Saguache County, CO",Q3,FALSE,0.6094
08111,CO,"San Juan County, CO",863,0,0.555040556,0.444959444,0.644,0.759,690,0.4276,0.7595,0.2179,0.5501,0.1168,"San Juan County, CO",Q2,FALSE,0.5932999999999999
08113,CO,"San Miguel County, CO",6005,0.00549542,0.229975021,0.764529559,0.765,0.83,8082,0.2911,0.3758,0.0509,0.4378,0.5425,"San Miguel County, CO",Q2,FALSE,0.56055
08115,CO,"Sedgwick County, CO",3493,0.081878042,0.506441454,0.411680504,0.435,0.462,2391,0.6729,0.5059,0.9831,0.5978,0.3296,"Sedgwick County, CO",Q3,FALSE,0.56745
08117,CO,"Summit County, CO",17104,0.001286249,0.448725444,0.549988307,0.464,0.537,30955,0.1696,0.2533,0.0095,0.5597,0.4725,"Summit County, CO",Q1: Least vulnerable,FALSE,0.3533
08119,CO,"Teller County, CO",18563,0,0.1313904,0.8686096,0.976,0.987,24758,0.0496,0.2256,0.0223,0.4416,0.0369,"Teller County, CO",Q1: Least vulnerable,FALSE,0.5183
08121,CO,"Washington County, CO",8173,0.09298911,0.215098495,0.691912394,0.511,0.541,4817,0.2848,0.2004,0.4928,0.4146,0.3805,"Washington County, CO",Q2,FALSE,0.41290000000000004
08123,CO,"Weld County, CO",150181,0.564871721,0.104520545,0.330607733,0.754,0.752,331466,0.5889,0.5269,0.5367,0.7391,0.5457,"Weld County, CO",Q3,FALSE,0.67045
08125,CO,"Yuma County, CO",12831,0.233107318,0.193126023,0.573766659,0.515,0.562,9938,0.6783,0.8202,0.601,0.6475,0.3411,"Yuma County, CO",Q3,FALSE,0.62015
09110,CT,"Capitol Planning Region, CT",359815,0.412086767,0.172171811,0.415741423,0.206,0.219,977165,0.5877,0.3952,0.427,0.7735,0.7891,"Capitol Planning Region, CT",Q3,FALSE,0.40335
09120,CT,"Greater Bridgeport Planning Region, CT",105518,0.655594306,0.083502341,0.260903353,0.226,0.237,326381,0.8142,0.7391,0.5924,0.791,0.8673,"Greater Bridgeport Planning Region, CT",Q4: Most vulnerable,FALSE,0.5256000000000001
09130,CT,"Lower Connecticut River Valley Planning Region, CT",88472,0.150284836,0.222115472,0.627599693,0.279,0.3,175244,0.1534,0.1145,0.1467,0.5065,0.3229,"Lower Connecticut River Valley Planning Region, CT",Q1: Least vulnerable,FALSE,0.2267
09140,CT,"Naugatuck Valley Planning Region, CT",166478,0.178540107,0.378884898,0.442574995,0.266,0.279,451887,0.5641,0.4836,0.5746,0.7636,0.5142,"Naugatuck Valley Planning Region, CT",Q3,FALSE,0.42155000000000004
09150,CT,"Northeastern Connecticut Planning Region, CT",55464,0.034274484,0.150800519,0.814924996,0.187,0.205,95687,0.2409,0.3894,0.2953,0.5065,0.0955,"Northeastern Connecticut Planning Region, CT",Q1: Least vulnerable,FALSE,0.22294999999999998
09160,CT,"Northwest Hills Planning Region, CT",69123,0.005454046,0.209105508,0.785440447,0.257,0.267,112696,0.2727,0.2558,0.3608,0.5597,0.2606,"Northwest Hills Planning Region, CT",Q2,FALSE,0.26985000000000003
09170,CT,"South Central Connecticut Planning Region, CT",194130,0.425951682,0.283011384,0.291036934,0.244,0.253,571298,0.6637,0.4884,0.3681,0.7655,0.9039,"South Central Connecticut Planning Region, CT",Q3,FALSE,0.45835
09180,CT,"Southeastern Connecticut Planning Region, CT",125928,0.253120831,0.205681024,0.541198145,0.205,0.226,280293,0.4865,0.3541,0.4734,0.6128,0.6055,"Southeastern Connecticut Planning Region, CT",Q2,FALSE,0.35625
09190,CT,"Western Connecticut Planning Region, CT",381959,0.288622601,0.13943905,0.571938349,0.249,0.259,620666,0.4664,0.4034,0.3102,0.7751,0.5008,"Western Connecticut Planning Region, CT",Q2,FALSE,0.3627
10001,DE,"Kent County, DE",83390,0.362261662,0.128372707,0.509365631,0.353,0.383,182400,0.8151,0.6306,0.8676,0.7964,0.7881,"Kent County, DE",Q4: Most vulnerable,FALSE,0.5990500000000001
10003,DE,"New Castle County, DE",173202,0.589150241,0.108393668,0.302456092,0.319,0.331,570567,0.5132,0.3376,0.4018,0.8352,0.6561,"New Castle County, DE",Q3,FALSE,0.42210000000000003
10005,DE,"Sussex County, DE",156468,0.343706061,0.235888488,0.42040545,0.401,0.414,240668,0.5183,0.4483,0.6904,0.6166,0.3948,"Sussex County, DE",Q3,FALSE,0.46614999999999995
12001,FL,"Alachua County, FL",95366,0.08252417,0.218704779,0.69877105,0.797,0.812,279729,0.6099,0.629,0.0309,0.7881,0.9357,"Alachua County, FL",Q3,FALSE,0.71095
12003,FL,"Baker County, FL",14564,0,0.164240593,0.835759407,0.79,0.772,27969,0.6188,0.6118,0.4073,0.5558,0.7051,"Baker County, FL",Q3,FALSE,0.6954
12005,FL,"Bay County, FL",97625,0.419554417,0.295764405,0.284681178,0.797,0.803,181055,0.7407,0.6405,0.8126,0.6083,0.6952,"Bay County, FL",Q3,FALSE,0.77185
12007,FL,"Bradford County, FL",16209,9.87106e-4,0.106360664,0.89265223,0.839,0.82,27816,0.8867,0.9144,0.3198,0.6354,0.9901,"Bradford County, FL",Q4: Most vulnerable,TRUE,0.85335
12009,FL,"Brevard County, FL",258467,0.548592277,0.21010806,0.241299663,0.982,0.976,610723,0.4817,0.4833,0.4913,0.6424,0.3659,"Brevard County, FL",Q2,FALSE,0.72885
12011,FL,"Broward County, FL",463982,0.878126738,0.063657642,0.05821562,0.998,1,1940907,0.7814,0.791,0.4935,0.9481,0.6777,"Broward County, FL",Q4: Most vulnerable,TRUE,0.8907
12013,FL,"Calhoun County, FL",10264,3.89712e-4,0.095869057,0.903741231,0.696,0.673,13753,0.8756,0.7989,0.7124,0.6045,0.9628,"Calhoun County, FL",Q4: Most vulnerable,FALSE,0.7743
12015,FL,"Charlotte County, FL",103208,0.503497791,0.262295558,0.234206651,0.96,0.956,189900,0.5953,0.5908,0.6554,0.489,0.5145,"Charlotte County, FL",Q3,FALSE,0.77565
12017,FL,"Citrus County, FL",91642,0.093832522,0.312727789,0.593439689,0.824,0.831,155173,0.5698,0.7321,0.5857,0.3977,0.3264,"Citrus County, FL",Q3,FALSE,0.7003999999999999
12019,FL,"Clay County, FL",89430,0.10388013,0.379335793,0.516784077,0.804,0.795,219650,0.3649,0.2978,0.5087,0.6647,0.2857,"Clay County, FL",Q2,FALSE,0.57995
12021,FL,"Collier County, FL",152377,0.470208759,0.262638062,0.267153179,0.965,0.97,380221,0.6141,0.588,0.4362,0.7636,0.5953,"Collier County, FL",Q3,FALSE,0.7920499999999999
12023,FL,"Columbia County, FL",38822,0,0.173561383,0.826438617,0.733,0.715,69832,0.9138,0.8311,0.818,0.6487,0.9701,"Columbia County, FL",Q4: Most vulnerable,FALSE,0.8144
12027,FL,"DeSoto County, FL",19884,0.001659626,0.3335345,0.664805874,0.913,0.884,34258,0.9981,0.992,0.9656,0.8447,0.9876,"DeSoto County, FL",Q4: Most vulnerable,TRUE,0.9410499999999999
12029,FL,"Dixie County, FL",11592,0.005779848,0.209195997,0.785024155,0.815,0.827,16737,0.7719,0.7681,0.4884,0.4699,0.8944,"Dixie County, FL",Q4: Most vulnerable,TRUE,0.79945
12031,FL,"Duval County, FL",359482,0.49845332999999997,0.183967487,0.317579183,0.761,0.798,995708,0.7935,0.7105,0.6144,0.8711,0.8062,"Duval County, FL",Q4: Most vulnerable,TRUE,0.79575
12033,FL,"Escambia County, FL",157852,0.424302511,0.176266376,0.399431113,0.821,0.799,321296,0.839,0.783,0.644,0.7474,0.8801,"Escambia County, FL",Q4: Most vulnerable,TRUE,0.819
12035,FL,"Flagler County, FL",52549,0.135778036,0.432834117,0.431387848,0.892,0.878,117515,0.3121,0.4559,0.5597,0.6277,0.0554,"Flagler County, FL",Q2,FALSE,0.59505
12037,FL,"Franklin County, FL",10143,0.269249729,0.355318939,0.375431332,0.945,0.95,12276,0.9017,0.9644,0.6176,0.5711,0.8902,"Franklin County, FL",Q4: Most vulnerable,TRUE,0.92585
12039,FL,"Gadsden County, FL",25764,0.001630182,0.160262382,0.838107437,0.69,0.692,43746,0.9742,0.8855,0.971,0.9532,0.9405,"Gadsden County, FL",Q4: Most vulnerable,FALSE,0.8331
12041,FL,"Gilchrist County, FL",12089,0.002398875,0.075440483,0.922160642,0.701,0.702,18070,0.7337,0.455,0.896,0.3697,0.9141,"Gilchrist County, FL",Q3,FALSE,0.71785
12043,FL,"Glades County, FL",10666,0.072567035,0.371929496,0.555503469,0.934,0.926,12179,0.9058,0.9516,0.7735,0.8088,0.7229,"Glades County, FL",Q4: Most vulnerable,TRUE,0.9159
12045,FL,"Gulf County, FL",11727,0.083567835,0.371450499,0.544981666,0.875,0.874,15002,0.7082,0.6125,0.6252,0.5667,0.7856,"Gulf County, FL",Q3,FALSE,0.7911
12047,FL,"Hamilton County, FL",9590,8.34202e-4,0.18717414,0.811991658,0.687,0.681,13492,0.9803,0.9777,0.8622,0.8317,0.9574,"Hamilton County, FL",Q4: Most vulnerable,FALSE,0.83065
12049,FL,"Hardee County, FL",14750,0.035728814,0.230440678,0.733830508,0.953,0.931,25528,0.993,0.9876,0.8979,0.8899,0.9685,"Hardee County, FL",Q4: Most vulnerable,TRUE,0.962
12051,FL,"Hendry County, FL",21226,0.16922642,0.187081881,0.643691699,0.898,0.869,39902,0.9946,0.993,0.8575,0.9625,0.9761,"Hendry County, FL",Q4: Most vulnerable,TRUE,0.9318
12053,FL,"Hernando County, FL",94876,0.436084995,0.22420844,0.339706564,0.865,0.858,196621,0.6602,0.7537,0.7623,0.6185,0.3048,"Hernando County, FL",Q3,FALSE,0.7591
12055,FL,"Highlands County, FL",63810,0.130841561,0.424400564,0.444757875,0.93,0.908,102339,0.8673,0.818,0.8664,0.7286,0.7607,"Highlands County, FL",Q4: Most vulnerable,TRUE,0.88765
12057,FL,"Hillsborough County, FL",501605,0.501252978,0.222780873,0.275966149,0.906,0.887,1468560,0.7789,0.7327,0.49,0.8871,0.7897,"Hillsborough County, FL",Q4: Most vulnerable,TRUE,0.8329500000000001
12059,FL,"Holmes County, FL",14973,3.33934e-4,0.062980031,0.936686035,0.576,0.561,19529,0.8081,0.7786,0.77,0.4248,0.833,"Holmes County, FL",Q4: Most vulnerable,FALSE,0.68455
12061,FL,"Indian River County, FL",75255,0.538462561,0.127991496,0.333545944,0.941,0.926,160986,0.5145,0.5975,0.5803,0.6249,0.2434,"Indian River County, FL",Q3,FALSE,0.7202500000000001
12063,FL,"Jackson County, FL",34494,0.001971357,0.108946483,0.889082159,0.553,0.526,47704,0.8085,0.7362,0.8947,0.7213,0.6223,"Jackson County, FL",Q4: Most vulnerable,FALSE,0.66725
12065,FL,"Jefferson County, FL",9670,0,0.077766287,0.922233713,0.693,0.71,14458,0.7439,0.7143,0.6325,0.776,0.6666,"Jefferson County, FL",Q3,FALSE,0.72695
12067,FL,"Lafayette County, FL",5735,0,0.106887533,0.893112467,0.732,0.73,8107,0.8409,0.9214,0.4626,0.6726,0.7906,"Lafayette County, FL",Q4: Most vulnerable,FALSE,0.78545
12069,FL,"Lake County, FL",182961,0.177239958,0.360699821,0.46206022,0.89,0.867,386829,0.6214,0.6128,0.6481,0.7086,0.4512,"Lake County, FL",Q3,FALSE,0.7442
12071,FL,"Lee County, FL",331006,0.508501356,0.279535718,0.211962925,0.911,0.905,772902,0.7086,0.6507,0.6067,0.7299,0.671,"Lee County, FL",Q3,FALSE,0.8068
12073,FL,"Leon County, FL",105806,0.152221991,0.173761412,0.674016596,0.787,0.789,294128,0.6952,0.6659,0.1021,0.8323,0.937,"Leon County, FL",Q3,FALSE,0.7421
12075,FL,"Levy County, FL",30479,0.033301618,0.099937662,0.86676072,0.819,0.82,43268,0.7582,0.7184,0.9119,0.5616,0.5224,"Levy County, FL",Q4: Most vulnerable,TRUE,0.7890999999999999
12077,FL,"Liberty County, FL",5499,7.27405e-4,0.070558283,0.928714312,0.867,0.843,7704,0.8266,0.8454,0.6077,0.636,0.8132,"Liberty County, FL",Q4: Most vulnerable,TRUE,0.8348
12079,FL,"Madison County, FL",13485,3.70782e-4,0.12962551,0.870003708,0.673,0.68,17986,0.8638,0.8011,0.5822,0.8403,0.9338,"Madison County, FL",Q4: Most vulnerable,FALSE,0.7719
12081,FL,"Manatee County, FL",169956,0.667272706,0.114306056,0.218421238,0.933,0.911,405069,0.6332,0.6516,0.4906,0.6685,0.5622,"Manatee County, FL",Q3,FALSE,0.7721
12083,FL,"Marion County, FL",192193,0.152700671,0.240128413,0.607170917,0.806,0.804,378225,0.8196,0.7926,0.7891,0.6936,0.7143,"Marion County, FL",Q4: Most vulnerable,TRUE,0.8118000000000001
12085,FL,"Martin County, FL",68351,0.386358649,0.351333558,0.262307794,0.909,0.892,159399,0.4642,0.4022,0.384,0.5797,0.5415,"Martin County, FL",Q2,FALSE,0.6781
12086,FL,"Miami-Dade County, FL",565900,0.828088001,0.082253048,0.08965895,0.995,0.999,2688237,0.881,0.9049,0.4365,0.9901,0.8909,"Miami-Dade County, FL",Q4: Most vulnerable,TRUE,0.94
12087,FL,"Monroe County, FL",45789,0.888139073,0.031885387,0.07997554,0.975,0.986,82044,0.6822,0.5247,0.3143,0.7378,0.9294,"Monroe County, FL",Q3,FALSE,0.8341000000000001
12089,FL,"Nassau County, FL",46598,0.06646208,0.224108331,0.709429589,0.798,0.812,91538,0.2539,0.2278,0.4076,0.4273,0.2724,"Nassau County, FL",Q2,FALSE,0.53295
12091,FL,"Okaloosa County, FL",92590,0.318166109,0.314818015,0.367015876,0.755,0.749,212021,0.5266,0.4238,0.573,0.6503,0.5358,"Okaloosa County, FL",Q3,FALSE,0.6377999999999999
12093,FL,"Okeechobee County, FL",25146,0.002425833,0.368925475,0.628648692,0.934,0.911,39870,0.9637,0.9481,0.9322,0.7617,0.8934,"Okeechobee County, FL",Q4: Most vulnerable,TRUE,0.93735
12095,FL,"Orange County, FL",415026,0.553521948,0.208336345,0.238141707,0.945,0.938,1427403,0.7951,0.8018,0.3767,0.9332,0.7862,"Orange County, FL",Q4: Most vulnerable,TRUE,0.8665499999999999
12097,FL,"Osceola County, FL",133447,0.153094487,0.505151858,0.341753655,0.971,0.958,393745,0.8307,0.8244,0.8043,0.9644,0.5399,"Osceola County, FL",Q4: Most vulnerable,TRUE,0.89435
12099,FL,"Palm Beach County, FL",438199,0.788333611,0.092266299,0.11940009,0.923,0.936,1494805,0.8008,0.7779,0.6354,0.8613,0.7222,"Palm Beach County, FL",Q4: Most vulnerable,TRUE,0.8684000000000001
12101,FL,"Pasco County, FL",249580,0.337474958,0.371852713,0.29067233,0.901,0.879,569211,0.7041,0.6561,0.7811,0.6599,0.5387,"Pasco County, FL",Q3,FALSE,0.79155
12103,FL,"Pinellas County, FL",375768,0.902655362,0.047739563,0.049605075,0.747,0.74,959918,0.7095,0.5546,0.5851,0.6373,0.8568,"Pinellas County, FL",Q3,FALSE,0.72475
12105,FL,"Polk County, FL",307453,0.223393494,0.381033849,0.395572657,0.96,0.947,736229,0.8912,0.8078,0.8062,0.8377,0.903,"Polk County, FL",Q4: Most vulnerable,TRUE,0.9191
12107,FL,"Putnam County, FL",47482,0.049681985,0.184238238,0.766079778,0.801,0.792,73604,0.9835,0.9838,0.966,0.6599,0.9036,"Putnam County, FL",Q4: Most vulnerable,TRUE,0.88775
12109,FL,"St. Johns County, FL",107765,0.163225537,0.41604417,0.420730293,0.764,0.769,278722,0.1266,0.1677,0.1925,0.5294,0.104,"St. Johns County, FL",Q1: Least vulnerable,FALSE,0.4478
12111,FL,"St. Lucie County, FL",129716,0.464561041,0.201594252,0.333844707,0.863,0.832,334682,0.7906,0.8136,0.8734,0.8466,0.3812,"St. Lucie County, FL",Q4: Most vulnerable,TRUE,0.8112999999999999
12113,FL,"Santa Rosa County, FL",85669,0.173434965,0.262300249,0.564264787,0.795,0.783,188994,0.3213,0.3379,0.189,0.5294,0.4353,"Santa Rosa County, FL",Q2,FALSE,0.55215
12115,FL,"Sarasota County, FL",205044,0.631201108,0.207584714,0.161214178,0.919,0.917,439392,0.3653,0.2927,0.413,0.504,0.4566,"Sarasota County, FL",Q2,FALSE,0.64115
12117,FL,"Seminole County, FL",150066,0.473971453,0.191309157,0.33471939,0.944,0.937,471321,0.3996,0.4111,0.3051,0.8075,0.2829,"Seminole County, FL",Q2,FALSE,0.6683
12119,FL,"Sumter County, FL",81721,0.278312796,0.411656734,0.31003047,0.881,0.855,131832,0.3026,0.2109,0.3945,0.4445,0.4744,"Sumter County, FL",Q2,FALSE,0.5788
12121,FL,"Suwannee County, FL",30871,5.50679e-4,0.10893719,0.890512131,0.67,0.664,43881,0.8457,0.7598,0.7518,0.615,0.9243,"Suwannee County, FL",Q4: Most vulnerable,FALSE,0.75485
12123,FL,"Taylor County, FL",15114,0.004829959,0.221648802,0.773521239,0.831,0.836,21421,0.8062,0.6911,0.8132,0.6402,0.8177,"Taylor County, FL",Q4: Most vulnerable,TRUE,0.8210999999999999
12125,FL,"Union County, FL",7654,0,0.118500131,0.881499869,0.802,0.778,15524,0.6669,0.5081,0.4798,0.6548,0.8696,"Union County, FL",Q3,FALSE,0.72245
12127,FL,"Volusia County, FL",248592,0.402080517,0.223555062,0.37436442,0.943,0.935,558520,0.6987,0.5966,0.6914,0.678,0.6863,"Volusia County, FL",Q3,FALSE,0.8168500000000001
12129,FL,"Wakulla County, FL",17969,0.006622517,0.165284657,0.828092827,0.887,0.882,33732,0.3058,0.3198,0.0423,0.5616,0.6459,"Wakulla County, FL",Q2,FALSE,0.5939
12131,FL,"Walton County, FL",55554,0.099902797,0.332973323,0.567123879,0.696,0.696,76618,0.6287,0.553,0.5208,0.4699,0.7703,"Walton County, FL",Q3,FALSE,0.66235
12133,FL,"Washington County, FL",18237,0.002796513,0.087349893,0.909853594,0.647,0.636,25014,0.8043,0.8486,0.7665,0.5867,0.6188,"Washington County, FL",Q4: Most vulnerable,FALSE,0.7201500000000001
13001,GA,"Appling County, GA",15920,0.024623116,0.210364322,0.765012563,0.542,0.539,18441,0.9122,0.8546,0.8578,0.6911,0.9268,"Appling County, GA",Q4: Most vulnerable,FALSE,0.7256
13003,GA,"Atkinson County, GA",6285,0,0.234208433,0.765791567,0.611,0.614,8265,0.8444,0.9026,0.8081,0.8403,0.5199,"Atkinson County, GA",Q4: Most vulnerable,FALSE,0.7292000000000001
13005,GA,"Bacon County, GA",8934,0.001231251,0.211215581,0.787553168,0.532,0.53,11138,0.889,0.7362,0.9755,0.6332,0.8463,"Bacon County, GA",Q4: Most vulnerable,FALSE,0.7095
13007,GA,"Baker County, GA",3367,0.015741016,0.164241164,0.82001782,0.53,0.534,2878,0.7162,0.922,0.4394,0.8584,0.2564,"Baker County, GA",Q3,FALSE,0.6251
13009,GA,"Baldwin County, GA",23168,0.030991022,0.175543854,0.793465124,0.585,0.57,43778,0.923,0.9357,0.3363,0.86,0.9908,"Baldwin County, GA",Q4: Most vulnerable,FALSE,0.7464999999999999
13011,GA,"Banks County, GA",13728,0,0.049752331,0.950247669,0.594,0.546,18381,0.3373,0.6207,0.3096,0.3961,0.1015,"Banks County, GA",Q2,FALSE,0.44165
13013,GA,"Barrow County, GA",35534,0.017532504,0.278381269,0.704086227,0.448,0.405,84399,0.4887,0.5956,0.7738,0.7066,0.0799,"Barrow County, GA",Q2,FALSE,0.44685
13015,GA,"Bartow County, GA",50779,0.02353335,0.24051281,0.735953839,0.649,0.61,109410,0.454,0.6529,0.3964,0.6045,0.1623,"Bartow County, GA",Q2,FALSE,0.532
13017,GA,"Ben Hill County, GA",11128,0.192846873,0.078630482,0.728522646,0.529,0.519,17169,0.9265,0.8918,0.7378,0.8365,0.9535,"Ben Hill County, GA",Q4: Most vulnerable,FALSE,0.72275
13019,GA,"Berrien County, GA",14449,0.003391238,0.213025123,0.783583639,0.544,0.542,18187,0.6748,0.8406,0.8406,0.5269,0.1769,"Berrien County, GA",Q3,FALSE,0.6084
13021,GA,"Bibb County, GA",70069,0.179708573,0.246128816,0.574162611,0.542,0.513,156554,0.9644,0.9739,0.8619,0.9399,0.8422,"Bibb County, GA",Q4: Most vulnerable,FALSE,0.7387
13023,GA,"Bleckley County, GA",8146,1.2276e-4,0.23312055,0.76675669,0.481,0.47,12413,0.7063,0.686,0.6363,0.686,0.6134,"Bleckley County, GA",Q3,FALSE,0.58815
13025,GA,"Brantley County, GA",12053,0,0.041483448,0.958516552,0.678,0.665,18105,0.3974,0.7763,0.0738,0.2485,0.2733,"Brantley County, GA",Q2,FALSE,0.5312
13027,GA,"Brooks County, GA",11969,0.001086139,0.185813351,0.81310051,0.529,0.532,16275,0.9275,0.9704,0.7611,0.8492,0.7741,"Brooks County, GA",Q4: Most vulnerable,FALSE,0.72975
13029,GA,"Bryan County, GA",18490,9.73499e-4,0.269442942,0.729583559,0.676,0.751,44995,0.3115,0.28,0.7101,0.6618,0.1104,"Bryan County, GA",Q2,FALSE,0.53125
13031,GA,"Bulloch County, GA",35487,0.071265534,0.21765717,0.711077296,0.515,0.512,79829,0.8374,0.9297,0.2326,0.7521,0.8781,"Bulloch County, GA",Q4: Most vulnerable,FALSE,0.6747000000000001
13033,GA,"Burke County, GA",16680,5.9952e-5,0.212769784,0.787170264,0.551,0.538,24337,0.7483,0.8148,0.552,0.881,0.4967,"Burke County, GA",Q3,FALSE,0.64315
13035,GA,"Butts County, GA",13093,0.013900558,0.11120446,0.874894982,0.579,0.548,25522,0.5565,0.5896,0.392,0.72,0.4766,"Butts County, GA",Q3,FALSE,0.55225
13037,GA,"Calhoun County, GA",4200,0,0.247857143,0.752142857,0.507,0.506,5594,0.9688,0.9924,0.6344,0.9526,0.917,"Calhoun County, GA",Q4: Most vulnerable,FALSE,0.73740000000000006
13039,GA,"Camden County, GA",23355,0.003425391,0.3482766,0.648298009,0.764,0.809,55105,0.6618,0.587,0.6316,0.6793,0.6433,"Camden County, GA",Q3,FALSE,0.7354
13043,GA,"Candler County, GA",7722,0,0.22040922,0.77959078,0.532,0.535,10946,0.916,0.8508,0.9281,0.7798,0.8381,"Candler County, GA",Q4: Most vulnerable,FALSE,0.7255
13045,GA,"Carroll County, GA",55387,0.049488147,0.121923917,0.828587936,0.838,0.784,120060,0.8428,0.8794,0.8171,0.6885,0.6176,"Carroll County, GA",Q4: Most vulnerable,TRUE,0.8134
13047,GA,"Catoosa County, GA",32516,0.139223767,0.240466232,0.620310001,0.702,0.647,68052,0.3086,0.3519,0.5733,0.3217,0.1979,"Catoosa County, GA",Q2,FALSE,0.4778
13049,GA,"Charlton County, GA",6727,4.45964e-4,0.142857143,0.856696893,0.755,0.742,12547,0.8855,0.9889,0.2262,0.776,0.8559,"Charlton County, GA",Q4: Most vulnerable,FALSE,0.81375
13051,GA,"Chatham County, GA",125098,0.286551344,0.269284881,0.444163776,0.754,0.832,296266,0.805,0.8056,0.5647,0.8858,0.7181,"Chatham County, GA",Q4: Most vulnerable,TRUE,0.8185
13053,GA,"Chattahoochee County, GA",4366,0.005726065,0.406779661,0.587494274,0.586,0.575,9402,0.6554,0.6675,0.1629,0.8377,0.776,"Chattahoochee County, GA",Q3,FALSE,0.6152
13055,GA,"Chattooga County, GA",16215,0,0.180758557,0.819241443,0.785,0.743,24902,0.9481,0.91,0.9246,0.4948,0.9625,"Chattooga County, GA",Q4: Most vulnerable,FALSE,0.84555
13057,GA,"Cherokee County, GA",99152,0.04780539,0.26661086,0.68558375,0.587,0.55,268567,0.1969,0.2787,0.4263,0.5892,0.0503,"Cherokee County, GA",Q1: Least vulnerable,FALSE,0.37345
13059,GA,"Clarke County, GA",41147,0.130847935,0.290883904,0.57826816,0.509,0.464,128864,0.7502,0.8972,0.1069,0.833,0.7547,"Clarke County, GA",Q4: Most vulnerable,FALSE,0.6071
13061,GA,"Clay County, GA",3150,0.006984127,0.154603175,0.838412698,0.527,0.524,2855,0.9061,0.8387,0.9558,0.937,0.6685,"Clay County, GA",Q4: Most vulnerable,FALSE,0.71505
13063,GA,"Clayton County, GA",91111,0.456574947,0.13059894,0.412826113,0.466,0.421,296312,0.9488,0.9765,0.8151,0.9952,0.7334,"Clayton County, GA",Q4: Most vulnerable,FALSE,0.6849
13065,GA,"Clinch County, GA",4931,0,0.264449402,0.735550598,0.711,0.698,6713,0.9348,0.7668,0.9265,0.7366,0.9819,"Clinch County, GA",Q4: Most vulnerable,FALSE,0.8164
13067,GA,"Cobb County, GA",239518,0.390133518,0.086419392,0.52344709,0.517,0.469,765813,0.3993,0.4114,0.3525,0.8743,0.2227,"Cobb County, GA",Q2,FALSE,0.43415
13069,GA,"Coffee County, GA",27325,0.054492223,0.182763038,0.762744739,0.53,0.521,43056,0.9609,0.9004,0.95,0.8116,0.9166,"Coffee County, GA",Q4: Most vulnerable,FALSE,0.74095
13071,GA,"Colquitt County, GA",28341,0.027663103,0.223033767,0.74930313,0.485,0.49,45813,0.9847,0.964,0.9726,0.8377,0.8976,"Colquitt County, GA",Q4: Most vulnerable,FALSE,0.73735
13073,GA,"Columbia County, GA",64219,0.127734783,0.379217988,0.493047229,0.623,0.598,156921,0.23,0.2494,0.6901,0.7165,0.0302,"Columbia County, GA",Q1: Least vulnerable,FALSE,0.414
13075,GA,"Cook County, GA",12505,0.007277089,0.27445022,0.718272691,0.499,0.498,17242,0.9338,0.9742,0.8228,0.7521,0.7687,"Cook County, GA",Q4: Most vulnerable,FALSE,0.7159
13077,GA,"Coweta County, GA",60493,0.042897525,0.179822459,0.777280016,0.632,0.587,147449,0.2402,0.2479,0.4607,0.6742,0.1082,"Coweta County, GA",Q1: Least vulnerable,FALSE,0.41359999999999997
13079,GA,"Crawford County, GA",9021,0,0.041791376,0.958208624,0.64,0.617,12156,0.6837,0.7782,0.3773,0.636,0.6128,"Crawford County, GA",Q3,FALSE,0.65035
13081,GA,"Crisp County, GA",12875,0.14384466,0.272932039,0.583223301,0.478,0.474,20255,0.978,0.9908,0.952,0.8775,0.7458,"Crisp County, GA",Q4: Most vulnerable,FALSE,0.726
13083,GA,"Dade County, GA",10321,0,0.097858735,0.902141265,0.779,0.739,16239,0.4388,0.4932,0.1543,0.1985,0.7191,"Dade County, GA",Q2,FALSE,0.5889
13085,GA,"Dawson County, GA",15195,0.00526489,0.074300757,0.920434353,0.677,0.631,27355,0.1861,0.4276,0.1359,0.3166,0.0926,"Dawson County, GA",Q1: Least vulnerable,FALSE,0.40854999999999997
13087,GA,"Decatur County, GA",18901,0.042590339,0.204380721,0.75302894,0.54,0.547,29063,0.9679,0.9726,0.7547,0.8743,0.9539,"Decatur County, GA",Q4: Most vulnerable,FALSE,0.75745
13089,GA,"DeKalb County, GA",213938,0.416382316,0.054819621,0.528798063,0.387,0.356,761209,0.7903,0.7843,0.5453,0.9618,0.678,"DeKalb County, GA",Q4: Most vulnerable,FALSE,0.57315
13091,GA,"Dodge County, GA",14029,4.98966e-4,0.169791147,0.829709887,0.545,0.542,19977,0.8559,0.7741,0.7859,0.741,0.8734,"Dodge County, GA",Q4: Most vulnerable,FALSE,0.69895
13093,GA,"Dooly County, GA",7772,0.14758105999999999,0.217447247,0.634971693,0.445,0.433,11236,0.9313,0.8864,0.588,0.9115,0.9857,"Dooly County, GA",Q4: Most vulnerable,FALSE,0.68215
13095,GA,"Dougherty County, GA",39240,0.353312946,0.202115189,0.444571865,0.561,0.561,85038,0.9761,0.9955,0.8826,0.9765,0.7674,"Dougherty County, GA",Q4: Most vulnerable,FALSE,0.7685500000000001
13097,GA,"Douglas County, GA",53168,0.100267078,0.229047547,0.670685375,0.67,0.621,144735,0.7012,0.7181,0.7235,0.943,0.3404,"Douglas County, GA",Q3,FALSE,0.6611
13099,GA,"Early County, GA",9724,0.00987248,0.218942822,0.771184698,0.501,0.495,10753,0.9357,0.9672,0.6818,0.8982,0.853,"Early County, GA",Q4: Most vulnerable,FALSE,0.7153499999999999
13101,GA,"Echols County, GA",2683,0,0.122251211,0.877748789,0.681,0.671,3707,0.4623,0.4935,0.5151,0.818,0.203,"Echols County, GA",Q2,FALSE,0.56665
13103,GA,"Effingham County, GA",31393,2.54834e-4,0.204504189,0.795240977,0.548,0.534,65314,0.2851,0.3688,0.2727,0.5994,0.1874,"Effingham County, GA",Q2,FALSE,0.40955
13105,GA,"Elbert County, GA",15845,7.57337e-4,0.171158094,0.828084569,0.58,0.546,19570,0.9224,0.9373,0.8466,0.7474,0.8158,"Elbert County, GA",Q4: Most vulnerable,FALSE,0.7342
13107,GA,"Emanuel County, GA",16600,1.80723e-4,0.231385542,0.768433735,0.547,0.545,22907,0.9494,0.9192,0.9586,0.7961,0.8101,"Emanuel County, GA",Q4: Most vulnerable,FALSE,0.7472000000000001
13109,GA,"Evans County, GA",6916,0,0.251735107,0.748264893,0.568,0.578,10759,0.9784,0.9634,0.9796,0.8225,0.8317,"Evans County, GA",Q4: Most vulnerable,FALSE,0.7782
13111,GA,"Fannin County, GA",20404,0.00249951,0.059351108,0.938149382,0.752,0.715,25436,0.6172,0.8641,0.6745,0.1457,0.2838,"Fannin County, GA",Q3,FALSE,0.6660999999999999
13113,GA,"Fayette County, GA",46586,0.008564805,0.276198858,0.715236337,0.545,0.493,119259,0.1686,0.1317,0.5539,0.7989,0.0471,"Fayette County, GA",Q1: Least vulnerable,FALSE,0.3308
13115,GA,"Floyd County, GA",49570,0.004417995,0.321908412,0.673673593,0.787,0.748,98541,0.9284,0.8336,0.8842,0.6685,0.964,"Floyd County, GA",Q4: Most vulnerable,FALSE,0.8382000000000001
13117,GA,"Forsyth County, GA",90510,0.111921335,0.249773506,0.63830516,0.56,0.51,253225,0.07,0.0687,0.3067,0.7127,0.0251,"Forsyth County, GA",Q1: Least vulnerable,FALSE,0.29000000000000004
13119,GA,"Franklin County, GA",18937,0.001689814,0.101547236,0.896762951,0.566,0.512,23480,0.8314,0.931,0.7696,0.4948,0.5886,"Franklin County, GA",Q4: Most vulnerable,FALSE,0.6717
13121,GA,"Fulton County, GA",297725,0.373095978,0.156130657,0.470773365,0.497,0.456,1061944,0.6599,0.5571,0.2278,0.9259,0.8501,"Fulton County, GA",Q3,FALSE,0.5579500000000001
13123,GA,"Gilmer County, GA",20647,1.93733e-4,0.043589868,0.956216399,0.668,0.645,31519,0.545,0.5218,0.8307,0.4445,0.3245,"Gilmer County, GA",Q3,FALSE,0.595
13125,GA,"Glascock County, GA",2771,0,0.093468062,0.906531938,0.558,0.546,2903,0.6621,0.6211,0.2017,0.377,0.9615,"Glascock County, GA",Q3,FALSE,0.60405
13127,GA,"Glynn County, GA",41116,0.15828388,0.253137465,0.588578656,0.801,0.847,84566,0.7744,0.7191,0.7095,0.7448,0.714,"Glynn County, GA",Q4: Most vulnerable,TRUE,0.8107
13129,GA,"Gordon County, GA",31039,0.018976127,0.146332034,0.834691839,0.659,0.615,57785,0.7318,0.7875,0.7477,0.5924,0.482,"Gordon County, GA",Q3,FALSE,0.6734
13131,GA,"Grady County, GA",17059,5.27581e-4,0.174101647,0.825370772,0.566,0.582,26075,0.944,0.9443,0.9933,0.805,0.5157,"Grady County, GA",Q4: Most vulnerable,FALSE,0.7629999999999999
13133,GA,"Greene County, GA",13281,0.018221519,0.094872374,0.886906106,0.644,0.606,19020,0.5081,0.7086,0.4251,0.7964,0.1425,"Greene County, GA",Q3,FALSE,0.55705
13135,GA,"Gwinnett County, GA",274927,0.471594278,0.130696512,0.39770921,0.381,0.347,957977,0.6433,0.6834,0.6965,0.9453,0.2485,"Gwinnett County, GA",Q3,FALSE,0.49515
13137,GA,"Habersham County, GA",26173,3.8207e-5,0.140755741,0.859206052,0.726,0.684,46326,0.728,0.7136,0.6376,0.6029,0.6853,"Habersham County, GA",Q3,FALSE,0.706
13139,GA,"Hall County, GA",85685,0.100390967,0.158289082,0.741319951,0.604,0.555,204953,0.8136,0.7897,0.664,0.7941,0.7416,"Hall County, GA",Q4: Most vulnerable,FALSE,0.6843
13141,GA,"Hancock County, GA",8448,0.013967803,0.043205492,0.942826705,0.654,0.628,8588,0.9666,0.9806,0.6828,0.9733,0.9345,"Hancock County, GA",Q4: Most vulnerable,FALSE,0.7973
13143,GA,"Haralson County, GA",17325,4.6176e-4,0.123636364,0.875901876,0.85,0.805,30178,0.3089,0.5708,0.2332,0.2914,0.1718,"Haralson County, GA",Q2,FALSE,0.5569500000000001
13145,GA,"Harris County, GA",18717,0.006464711,0.050328578,0.94320671,0.719,0.674,34914,0.0675,0.1982,0.0878,0.5969,0.0197,"Harris County, GA",Q1: Least vulnerable,FALSE,0.37075
13147,GA,"Hart County, GA",21487,0.008423698,0.099315865,0.892260437,0.535,0.483,26110,0.7681,0.6748,0.5323,0.6166,0.9119,"Hart County, GA",Q4: Most vulnerable,FALSE,0.62555
13149,GA,"Heard County, GA",8180,0,0.037530562,0.962469438,0.751,0.702,11489,0.6459,0.7709,0.9357,0.4496,0.1444,"Heard County, GA",Q3,FALSE,0.67395
13151,GA,"Henry County, GA",90427,0.113505922,0.18047707,0.706017008,0.502,0.459,240853,0.4018,0.4817,0.5536,0.9348,0.071,"Henry County, GA",Q2,FALSE,0.4304
13153,GA,"Houston County, GA",65625,0.355900952,0.179352381,0.464746667,0.489,0.47,164117,0.4887,0.4139,0.6277,0.8447,0.286,"Houston County, GA",Q2,FALSE,0.47935
13155,GA,"Irwin County, GA",8100,0.003580247,0.222962963,0.77345679,0.485,0.476,9487,0.8282,0.9456,0.231,0.6949,0.8342,"Irwin County, GA",Q4: Most vulnerable,FALSE,0.6521
13157,GA,"Jackson County, GA",39271,1.2732e-4,0.17506557,0.82480711,0.497,0.447,77033,0.3264,0.3996,0.5017,0.5476,0.1438,"Jackson County, GA",Q2,FALSE,0.38670000000000004
13159,GA,"Jasper County, GA",9802,0.00887574,0.043562538,0.947561722,0.594,0.565,14882,0.5492,0.7432,0.6618,0.6115,0.1397,"Jasper County, GA",Q3,FALSE,0.5570999999999999
13161,GA,"Jeff Davis County, GA",10592,3.77644e-4,0.239992447,0.759629909,0.535,0.535,14791,0.8785,0.8603,0.9672,0.672,0.602,"Jeff Davis County, GA",Q4: Most vulnerable,FALSE,0.70675
13163,GA,"Jefferson County, GA",12789,7.8192e-5,0.248338416,0.751583392,0.538,0.519,15591,0.9583,0.8985,0.93,0.9115,0.902,"Jefferson County, GA",Q4: Most vulnerable,FALSE,0.73865
13165,GA,"Jenkins County, GA",6797,1.47124e-4,0.233779609,0.766073268,0.537,0.524,8704,0.8352,0.9109,0.5791,0.8151,0.6532,"Jenkins County, GA",Q4: Most vulnerable,FALSE,0.6796
13167,GA,"Johnson County, GA",6928,0,0.135536952,0.864463048,0.548,0.533,9225,0.9322,0.9201,0.657,0.7693,0.9723,"Johnson County, GA",Q4: Most vulnerable,FALSE,0.7326
13169,GA,"Jones County, GA",15902,0.00194944,0.08973714,0.90831342,0.609,0.586,28382,0.3675,0.3802,0.2494,0.6624,0.3729,"Jones County, GA",Q2,FALSE,0.47675
13171,GA,"Lamar County, GA",11192,0,0.133845604,0.866154396,0.658,0.616,18676,0.4092,0.5931,0.063,0.7146,0.3703,"Lamar County, GA",Q2,FALSE,0.5126
13173,GA,"Lanier County, GA",6048,3.30688e-4,0.21660052900000001,0.783068783,0.614,0.614,9964,0.8011,0.8457,0.4623,0.7127,0.7805,"Lanier County, GA",Q4: Most vulnerable,FALSE,0.70755
13175,GA,"Laurens County, GA",31342,0.006540744,0.191436411,0.802022845,0.522,0.515,49407,0.9014,0.9284,0.9147,0.8066,0.6332,"Laurens County, GA",Q4: Most vulnerable,FALSE,0.7081999999999999
13177,GA,"Lee County, GA",16099,0.057891795,0.192247966,0.74986024,0.516,0.515,32968,0.2606,0.1575,0.5046,0.6847,0.2415,"Lee County, GA",Q2,FALSE,0.38780000000000003
13179,GA,"Liberty County, GA",25904,0.032774861,0.36770383,0.599521309,0.711,0.778,65550,0.9007,0.8167,0.8431,0.9322,0.86,"Liberty County, GA",Q4: Most vulnerable,TRUE,0.83935
13181,GA,"Lincoln County, GA",7741,0.002325281,0.054385738,0.943288981,0.633,0.604,7726,0.5488,0.6227,0.6529,0.6993,0.2272,"Lincoln County, GA",Q3,FALSE,0.5764
13183,GA,"Long County, GA",8648,4.62535e-4,0.10672988,0.892807586,0.592,0.592,16804,0.8851,0.8298,0.9233,0.8225,0.7267,"Long County, GA",Q4: Most vulnerable,FALSE,0.73855
13185,GA,"Lowndes County, GA",52451,0.106442203,0.246630188,0.646927609,0.589,0.597,118257,0.8702,0.8753,0.4655,0.8591,0.9192,"Lowndes County, GA",Q4: Most vulnerable,FALSE,0.7336
13187,GA,"Lumpkin County, GA",17542,0,0.042868544,0.957131456,0.729,0.682,33405,0.3608,0.7728,0.0121,0.2914,0.4057,"Lumpkin County, GA",Q2,FALSE,0.5214000000000001
13189,GA,"McDuffie County, GA",14779,6.7664e-5,0.209215779,0.790716557,0.624,0.603,21715,0.6567,0.7353,0.5002,0.854,0.4076,"McDuffie County, GA",Q3,FALSE,0.62985
13191,GA,"McIntosh County, GA",8263,0.0016943,0.083867845,0.914437856,0.82,0.862,11183,0.7098,0.9112,0.3287,0.756,0.3952,"McIntosh County, GA",Q3,FALSE,0.7859
13193,GA,"Macon County, GA",8638,0.005209539,0.224241723,0.770548738,0.518,0.5,12099,0.9866,0.9994,0.7305,0.9494,0.9147,"Macon County, GA",Q4: Most vulnerable,FALSE,0.7433000000000001
13195,GA,"Madison County, GA",20008,0,0.058126749,0.941873251,0.546,0.495,30378,0.7423,0.9338,0.7251,0.5383,0.2622,"Madison County, GA",Q3,FALSE,0.6186499999999999
13197,GA,"Marion County, GA",6243,1.60179e-4,0.053339741,0.94650008,0.565,0.565,7508,0.8877,0.8072,0.9548,0.8008,0.7203,"Marion County, GA",Q4: Most vulnerable,FALSE,0.72635
13199,GA,"Meriwether County, GA",15524,6.4416e-5,0.130765267,0.869170317,0.692,0.648,20679,0.9074,0.9434,0.706,0.8139,0.8002,"Meriwether County, GA",Q4: Most vulnerable,FALSE,0.7777000000000001
13201,GA,"Miller County, GA",5827,0.061266518,0.241462159,0.697271323,0.445,0.44,5923,0.945,0.9462,0.8285,0.7105,0.9189,"Miller County, GA",Q4: Most vulnerable,FALSE,0.6925
13205,GA,"Mitchell County, GA",15064,0.02920871,0.238316516,0.732474774,0.486,0.491,21634,0.9914,0.9914,0.9316,0.8883,0.924,"Mitchell County, GA",Q4: Most vulnerable,FALSE,0.7412
13207,GA,"Monroe County, GA",15457,0.001293912,0.070259429,0.928446658,0.66,0.627,28287,0.329,0.3964,0.1031,0.6389,0.4168,"Monroe County, GA",Q2,FALSE,0.478
13209,GA,"Montgomery County, GA",6302,0,0.149000317,0.850999683,0.553,0.549,8687,0.7547,0.8858,0.5756,0.7191,0.4518,"Montgomery County, GA",Q4: Most vulnerable,FALSE,0.65185
13211,GA,"Morgan County, GA",14182,9.87167e-4,0.084825836,0.914186998,0.579,0.541,20171,0.266,0.231,0.3131,0.6332,0.2813,"Morgan County, GA",Q2,FALSE,0.4035
13213,GA,"Murray County, GA",22860,0.001968504,0.106605424,0.891426072,0.703,0.686,40063,0.6847,0.7852,0.6061,0.525,0.4909,"Murray County, GA",Q3,FALSE,0.68535
13215,GA,"Muscogee County, GA",77166,0.489619781,0.310991888,0.199388332,0.634,0.6,204572,0.9446,0.9227,0.8705,0.9259,0.8581,"Muscogee County, GA",Q4: Most vulnerable,FALSE,0.7723
13217,GA,"Newton County, GA",46676,0.027615905,0.182556346,0.789827749,0.518,0.475,113298,0.6577,0.8059,0.7483,0.9084,0.1311,"Newton County, GA",Q3,FALSE,0.5663499999999999
13219,GA,"Oconee County, GA",19581,0.007609417,0.123384914,0.869005669,0.549,0.502,41978,0.0137,0.0299,0.2475,0.4741,0.0035,"Oconee County, GA",Q1: Least vulnerable,FALSE,0.25785
13221,GA,"Oglethorpe County, GA",11710,0,0.035439795,0.964560205,0.62,0.581,14974,0.4645,0.4846,0.3936,0.615,0.3993,"Oglethorpe County, GA",Q2,FALSE,0.52275
13223,GA,"Paulding County, GA",65352,0.001805607,0.252662505,0.745531889,0.763,0.714,169898,0.1429,0.2603,0.3385,0.7165,0.0118,"Paulding County, GA",Q1: Least vulnerable,FALSE,0.42845
13225,GA,"Peach County, GA",14309,0.035851562,0.230833741,0.733314697,0.502,0.483,28054,0.8772,0.8584,0.7171,0.8925,0.8202,"Peach County, GA",Q4: Most vulnerable,FALSE,0.6800999999999999
13227,GA,"Pickens County, GA",19018,1.05164e-4,0.061362919,0.938531917,0.648,0.612,33439,0.3392,0.489,0.4505,0.1753,0.2256,"Pickens County, GA",Q2,FALSE,0.4756
13229,GA,"Pierce County, GA",14202,1.40825e-4,0.16730038,0.832558795,0.557,0.547,19822,0.3051,0.5062,0.2374,0.4588,0.1651,"Pierce County, GA",Q2,FALSE,0.42605000000000004
13231,GA,"Pike County, GA",12271,0,0.030885828,0.969114172,0.674,0.623,19145,0.0665,0.3484,0.0204,0.3847,0.0293,"Pike County, GA",Q1: Least vulnerable,FALSE,0.34475
13233,GA,"Polk County, GA",23872,0.02107071,0.22913874,0.74979054999999994,0.818,0.771,43019,0.8285,0.9023,0.931,0.6567,0.3688,"Polk County, GA",Q4: Most vulnerable,TRUE,0.79975
13235,GA,"Pulaski County, GA",6454,0.005113108,0.253641153,0.741245739,0.479,0.467,9887,0.9376,0.8126,0.7127,0.8164,0.9971,"Pulaski County, GA",Q4: Most vulnerable,FALSE,0.7023
13237,GA,"Putnam County, GA",17806,0.025833989,0.078681343,0.895484668,0.622,0.594,22206,0.5679,0.538,0.6211,0.7191,0.4248,"Putnam County, GA",Q3,FALSE,0.58095
13239,GA,"Quitman County, GA",2473,0.004043672,0.116053376,0.879902952,0.619,0.615,2180,0.8202,0.9125,0.5466,0.9084,0.5625,"Quitman County, GA",Q4: Most vulnerable,FALSE,0.7176
13241,GA,"Rabun County, GA",13349,0.009963293,0.06097835,0.929058356,0.767,0.745,16915,0.441,0.5784,0.3735,0.3503,0.328,"Rabun County, GA",Q2,FALSE,0.593
13243,GA,"Randolph County, GA",6682,2.99312e-4,0.188865609,0.810835079,0.525,0.523,6365,0.9882,0.9863,0.853,0.9577,0.9532,"Randolph County, GA",Q4: Most vulnerable,FALSE,0.7556
13245,GA,"Richmond County, GA",90483,0.372412497,0.319010201,0.308577302,0.536,0.522,206153,0.9513,0.9513,0.7324,0.9494,0.9061,"Richmond County, GA",Q4: Most vulnerable,FALSE,0.73665
13247,GA,"Rockdale County, GA",34894,0.1009056,0.211067805,0.688026595,0.453,0.413,93641,0.777,0.8536,0.7751,0.9695,0.3,"Rockdale County, GA",Q4: Most vulnerable,FALSE,0.595
13249,GA,"Schley County, GA",3389,2.95072e-4,0.102095013,0.897609914,0.558,0.548,4565,0.4973,0.8081,0.2459,0.6013,0.1626,"Schley County, GA",Q2,FALSE,0.5226500000000001
13251,GA,"Screven County, GA",11737,0,0.131208997,0.868791003,0.561,0.559,14026,0.699,0.7471,0.4321,0.8279,0.5781,"Screven County, GA",Q3,FALSE,0.629
13253,GA,"Seminole County, GA",8608,0.179948885,0.046933086,0.77311803,0.45,0.443,9117,0.8813,0.903,0.8552,0.7626,0.693,"Seminole County, GA",Q4: Most vulnerable,FALSE,0.66215
13255,GA,"Spalding County, GA",31762,0.017914489,0.234745923,0.747339588,0.596,0.551,67415,0.8206,0.9278,0.7553,0.818,0.4085,"Spalding County, GA",Q4: Most vulnerable,FALSE,0.6858
13257,GA,"Stephens County, GA",16637,0.004207489,0.207128689,0.788663822,0.661,0.618,26732,0.7836,0.8708,0.826,0.5094,0.4855,"Stephens County, GA",Q4: Most vulnerable,FALSE,0.7008
13259,GA,"Stewart County, GA",3864,7.76398e-4,0.155020704,0.844202899,0.611,0.608,5121,0.9736,0.9395,0.8126,0.9803,0.9717,"Stewart County, GA",Q4: Most vulnerable,FALSE,0.7908
13261,GA,"Sumter County, GA",17786,0.005791072,0.304228045,0.689980884,0.494,0.489,29378,0.9631,0.9647,0.6713,0.923,0.9596,"Sumter County, GA",Q4: Most vulnerable,FALSE,0.72605
13263,GA,"Talbot County, GA",5458,3.66435e-4,0.057347014,0.942286552,0.713,0.676,5793,0.6923,0.8731,0.2463,0.9176,0.4324,"Talbot County, GA",Q3,FALSE,0.68415
13265,GA,"Taliaferro County, GA",2235,0,0.032214765,0.967785235,0.681,0.65,1635,0.692,0.7098,0.6892,0.9418,0.3732,"Taliaferro County, GA",Q3,FALSE,0.671
13267,GA,"Tattnall County, GA",15759,6.98014e-4,0.21333841,0.785963576,0.576,0.583,24309,0.9287,0.9313,0.7219,0.819,0.9217,"Tattnall County, GA",Q4: Most vulnerable,FALSE,0.7558499999999999
13269,GA,"Taylor County, GA",7129,1.40272e-4,0.188385468,0.81147426,0.615,0.602,7799,0.9555,0.9873,0.7381,0.8021,0.8339,"Taylor County, GA",Q4: Most vulnerable,FALSE,0.77875
13271,GA,"Telfair County, GA",8751,0,0.264198377,0.735801623,0.571,0.571,12619,0.9765,0.7273,0.9978,0.8867,0.9841,"Telfair County, GA",Q4: Most vulnerable,FALSE,0.7737499999999999
13273,GA,"Terrell County, GA",7479,0.020189865,0.312876053,0.666934082,0.472,0.473,9004,0.9809,0.9885,0.6853,0.9399,0.9704,"Terrell County, GA",Q4: Most vulnerable,FALSE,0.72695
13275,GA,"Thomas County, GA",25741,0.090555922,0.154733693,0.754710384,0.561,0.584,45665,0.8158,0.8966,0.9408,0.805,0.2243,"Thomas County, GA",Q4: Most vulnerable,FALSE,0.6999
13277,GA,"Tift County, GA",22235,0.220463234,0.167258826,0.61227794,0.473,0.468,41247,0.8759,0.8193,0.7388,0.8428,0.8727,"Tift County, GA",Q4: Most vulnerable,FALSE,0.67195
13279,GA,"Toombs County, GA",16509,1.81719e-4,0.287600703,0.712217578,0.559,0.564,26946,0.9857,0.9752,0.9777,0.7989,0.8743,"Toombs County, GA",Q4: Most vulnerable,FALSE,0.77485
13281,GA,"Towns County, GA",11692,0.013171399,0.058073897,0.928754704,0.742,0.703,12546,0.5622,0.7607,0.2141,0.119,0.6911,"Towns County, GA",Q3,FALSE,0.6326
13283,GA,"Treutlen County, GA",4699,0,0.191742924,0.808257076,0.539,0.536,6411,0.9389,0.9943,0.8161,0.714,0.685,"Treutlen County, GA",Q4: Most vulnerable,FALSE,0.7374499999999999
13285,GA,"Troup County, GA",32354,0.050812882,0.198306237,0.75088088,0.679,0.637,69527,0.9023,0.8145,0.8613,0.8304,0.896,"Troup County, GA",Q4: Most vulnerable,FALSE,0.76965
13287,GA,"Turner County, GA",6684,0.015409934,0.364302813,0.620287253,0.524,0.521,8894,0.9675,0.9911,0.9768,0.8428,0.5581,"Turner County, GA",Q4: Most vulnerable,FALSE,0.7442500000000001
13289,GA,"Twiggs County, GA",6521,0,0.066554209,0.933445791,0.507,0.492,7955,0.6538,0.5625,0.6395,0.8304,0.566,"Twiggs County, GA",Q3,FALSE,0.5729
13291,GA,"Union County, GA",19628,0.004738129,0.031791319,0.963470552,0.725,0.681,24880,0.4932,0.448,0.3506,0.1572,0.7986,"Union County, GA",Q2,FALSE,0.5871000000000001
13293,GA,"Upson County, GA",17069,0.002694944,0.203116761,0.794188295,0.721,0.675,27638,0.6468,0.7938,0.4642,0.7066,0.378,"Upson County, GA",Q3,FALSE,0.6609
13295,GA,"Walker County, GA",39234,0.026533109,0.147550594,0.825916297,0.755,0.712,68065,0.6796,0.8215,0.6624,0.2914,0.4776,"Walker County, GA",Q3,FALSE,0.6958
13297,GA,"Walton County, GA",44974,0.020634144,0.165784676,0.81358118,0.5,0.458,97752,0.4095,0.6656,0.4432,0.6503,0.0598,"Walton County, GA",Q2,FALSE,0.43374999999999997
13299,GA,"Ware County, GA",22107,0.126113901,0.261998462,0.611887637,0.703,0.702,35917,0.9596,0.9198,0.804,0.756,0.9825,"Ware County, GA",Q4: Most vulnerable,FALSE,0.8308
13301,GA,"Warren County, GA",4978,0,0.10948172,0.89051828,0.656,0.626,5197,0.8123,0.7836,0.8158,0.9259,0.5418,"Warren County, GA",Q4: Most vulnerable,FALSE,0.71915
13303,GA,"Washington County, GA",14378,6.9551e-5,0.177841146,0.822089303,0.546,0.524,19975,0.9115,0.8734,0.6573,0.9103,0.9485,"Washington County, GA",Q4: Most vulnerable,FALSE,0.71775
13305,GA,"Wayne County, GA",19639,3.56434e-4,0.225469729,0.774173838,0.624,0.616,30277,0.9434,0.9558,0.8473,0.658,0.8896,"Wayne County, GA",Q4: Most vulnerable,FALSE,0.7797000000000001
13307,GA,"Webster County, GA",2596,3.85208e-4,0.11633282,0.883281972,0.505,0.503,2354,0.8447,0.9984,0.4305,0.9259,0.3035,"Webster County, GA",Q4: Most vulnerable,FALSE,0.6738500000000001
13309,GA,"Wheeler County, GA",4507,0,0.134235633,0.865764367,0.56,0.555,7550,0.7716,0.9653,0.0038,0.8263,0.9796,"Wheeler County, GA",Q4: Most vulnerable,FALSE,0.6633
13311,GA,"White County, GA",19891,5.0274e-4,0.069126741,0.930370519,0.739,0.696,28165,0.3455,0.4009,0.2195,0.2692,0.5049,"White County, GA",Q2,FALSE,0.5207499999999999
13313,GA,"Whitfield County, GA",43300,0.118475751,0.180969977,0.700554273,0.651,0.605,103033,0.8836,0.8766,0.8266,0.8139,0.7668,"Whitfield County, GA",Q4: Most vulnerable,FALSE,0.7443
13315,GA,"Wilcox County, GA",6881,0,0.231943032,0.768056968,0.539,0.525,8839,0.8212,0.8501,0.6262,0.7894,0.7044,"Wilcox County, GA",Q4: Most vulnerable,FALSE,0.6731
13317,GA,"Wilkes County, GA",9122,0,0.07355843,0.92644157,0.656,0.617,9610,0.6083,0.7954,0.5606,0.8632,0.1594,"Wilkes County, GA",Q3,FALSE,0.6126499999999999
13319,GA,"Wilkinson County, GA",7150,0.001818182,0.120699301,0.877482517,0.514,0.496,8852,0.784,0.8228,0.8234,0.8279,0.412,"Wilkinson County, GA",Q4: Most vulnerable,FALSE,0.64
13321,GA,"Worth County, GA",15343,0.051554455,0.189402333,0.759043212,0.526,0.533,20706,0.8571,0.938,0.8816,0.7019,0.4585,"Worth County, GA",Q4: Most vulnerable,FALSE,0.69505
15001,HI,"Hawaii County, HI",105607,0.037724772,0.352656547,0.609618681,0.808,0.844,202163,0.636,0.4502,0.7894,0.9602,0.4881,"Hawaii County, HI",Q3,FALSE,0.74
15003,HI,"Honolulu County, HI",236799,0.229418199,0.688457299,0.082124502,0.98,0.987,1010100,0.5708,0.2307,0.2638,0.9854,0.957,"Honolulu County, HI",Q3,FALSE,0.7788999999999999
15005,HI,"Kalawao County, HI",237,0.004219409,0.400843882,0.594936709,0.857,0.89,50,0.1871,0.0983,0.0614,0.9723,0.4044,"Kalawao County, HI",Q1: Least vulnerable,FALSE,0.53855
15007,HI,"Kauai County, HI",29257,0.102129405,0.541101275,0.35676932,0.885,0.912,73511,0.3964,0.2367,0.3446,0.9625,0.4566,"Kauai County, HI",Q2,FALSE,0.6542
15009,HI,"Maui County, HI",53908,0.033093418,0.61495510900000006,0.351951473,0.86,0.897,164765,0.4938,0.2918,0.4003,0.9605,0.6032,"Maui County, HI",Q2,FALSE,0.6954
16001,ID,"Ada County, ID",200711,0.568020686,0.163414063,0.268565251,0.991,0.985,497494,0.1931,0.1559,0.161,0.4779,0.3767,"Ada County, ID",Q1: Least vulnerable,FALSE,0.58905
16003,ID,"Adams County, ID",5600,1.78571e-4,0.173035714,0.826785714,0.983,0.978,4464,0.2017,0.6268,0.1549,0.2959,0.0175,"Adams County, ID",Q1: Least vulnerable,FALSE,0.58985
16005,ID,"Bannock County, ID",37696,0.332502122,0.378050722,0.289447156,0.988,0.99,87434,0.4995,0.4403,0.4337,0.489,0.6125,"Bannock County, ID",Q2,FALSE,0.74475
16007,ID,"Bear Lake County, ID",8323,6.00745e-4,0.281869518,0.717529737,0.833,0.849,6436,0.2024,0.2361,0.7105,0.182,0.0821,"Bear Lake County, ID",Q1: Least vulnerable,FALSE,0.5257
16009,ID,"Benewah County, ID",8617,0.011140768,0.279099455,0.709759777,0.713,0.771,9731,0.6717,0.8123,0.6955,0.4588,0.3618,"Benewah County, ID",Q3,FALSE,0.7213499999999999
16011,ID,"Bingham County, ID",29034,0.492767101,0.04735827,0.45987463,0.924,0.934,48253,0.5469,0.5517,0.7423,0.6249,0.2841,"Bingham County, ID",Q3,FALSE,0.74045
16013,ID,"Blaine County, ID",15267,0.005567564,0.499901749,0.494530687,0.899,0.904,24248,0.4025,0.2523,0.6462,0.6516,0.385,"Blaine County, ID",Q2,FALSE,0.65325
16015,ID,"Boise County, ID",8130,1.23001e-4,0.109102091,0.890774908,0.987,0.982,7809,0.1075,0.1578,0.1292,0.3961,0.1346,"Boise County, ID",Q1: Least vulnerable,FALSE,0.54475
16017,ID,"Bonner County, ID",38928,0.042231813,0.177147554,0.780620633,0.597,0.694,47976,0.412,0.4655,0.3318,0.2692,0.4954,"Bonner County, ID",Q2,FALSE,0.5529999999999999
16019,ID,"Bonneville County, ID",53836,0.708503604,0.027602348,0.263894049,0.858,0.875,124490,0.4473,0.4101,0.5915,0.504,0.3703,"Bonneville County, ID",Q2,FALSE,0.66115
16021,ID,"Boundary County, ID",10758,0.001394311,0.220580033,0.778025655,0.736,0.794,12335,0.5037,0.657,0.5199,0.3388,0.3067,"Boundary County, ID",Q3,FALSE,0.64885
16023,ID,"Butte County, ID",3695,0.033558863,0.446278755,0.520162382,0.808,0.833,2605,0.7009,0.5186,0.9959,0.328,0.4267,"Butte County, ID",Q3,FALSE,0.76695
16025,ID,"Camas County, ID",2111,0.180009474,0.064898153,0.755092373,0.902,0.9,1133,0.3271,0.5348,0.3824,0.5406,0.0907,"Camas County, ID",Q2,FALSE,0.61355
16027,ID,"Canyon County, ID",103855,0.495392615,0.056222618,0.448384767,0.827,0.807,235006,0.6217,0.5647,0.7311,0.6885,0.4623,"Canyon County, ID",Q3,FALSE,0.71435
16029,ID,"Caribou County, ID",7518,0.020883214,0.450385741,0.528731045,0.933,0.942,7058,0.1231,0.2332,0.0512,0.3118,0.2039,"Caribou County, ID",Q1: Least vulnerable,FALSE,0.53255
16031,ID,"Cassia County, ID",16538,0.48808804,0.076006772,0.435905188,0.984,0.987,24859,0.56,0.5103,0.5367,0.6971,0.5208,"Cassia County, ID",Q3,FALSE,0.7735000000000001
16033,ID,"Clark County, ID",1211,0.030553262,0.329479769,0.639966969,0.833,0.84,756,0.5412,0.8206,0.2068,0.8829,0.1607,"Clark County, ID",Q3,FALSE,0.6906
16035,ID,"Clearwater County, ID",8746,0.001829408,0.276354905,0.721815687,0.962,0.968,8810,0.5912,0.4709,0.5272,0.3388,0.8349,"Clearwater County, ID",Q3,FALSE,0.7796
16037,ID,"Custer County, ID",6583,0.001367158,0.284216922,0.71441592,0.762,0.799,4344,0.3713,0.4556,0.434,0.3166,0.3016,"Custer County, ID",Q2,FALSE,0.5851500000000001
16039,ID,"Elmore County, ID",16430,0.007364577,0.558064516,0.434570907,0.997,0.992,28752,0.8155,0.8804,0.6745,0.6538,0.6503,"Elmore County, ID",Q4: Most vulnerable,TRUE,0.90375
16041,ID,"Franklin County, ID",10805,0.143729755,0.286996761,0.569273484,0.917,0.929,14376,0.1101,0.3035,0.1002,0.2879,0.0627,"Franklin County, ID",Q1: Least vulnerable,FALSE,0.5195500000000001
16043,ID,"Fremont County, ID",14945,0.255470057,0.127735028,0.616794915,0.836,0.849,13519,0.5504,0.475,0.8002,0.4658,0.4333,"Fremont County, ID",Q3,FALSE,0.6997
16045,ID,"Gem County, ID",13682,0.219704722,0.066437655,0.713857623,0.994,0.985,19250,0.6153,0.3054,0.9815,0.4356,0.5657,"Gem County, ID",Q3,FALSE,0.8001499999999999
16047,ID,"Gooding County, ID",12848,0.137920299,0.325420299,0.536659402,0.983,0.975,15520,0.8059,0.7477,0.8686,0.7165,0.6408,"Gooding County, ID",Q4: Most vulnerable,TRUE,0.89045
16049,ID,"Idaho County, ID",19575,0.049655172,0.179003831,0.771340996,0.993,0.993,16787,0.5199,0.5915,0.5593,0.2816,0.4489,"Idaho County, ID",Q3,FALSE,0.7564500000000001
16051,ID,"Jefferson County, ID",17704,0.407026661,0.061285585,0.531687754,0.784,0.818,31383,0.1212,0.1699,0.2313,0.4085,0.098,"Jefferson County, ID",Q1: Least vulnerable,FALSE,0.46959999999999996
16053,ID,"Jerome County, ID",15374,0.403018082,0.083907896,0.513074021,0.925,0.912,24474,0.5826,0.7057,0.6666,0.8005,0.1801,"Jerome County, ID",Q3,FALSE,0.7473000000000001
16055,ID,"Kootenai County, ID",86057,0.329107452,0.235053511,0.435839037,0.57,0.667,173396,0.2746,0.3544,0.2071,0.3675,0.322,"Kootenai County, ID",Q2,FALSE,0.4708
16057,ID,"Latah County, ID",21706,0.373583341,0.140099512,0.486317147,0.872,0.877,39872,0.2825,0.4518,0.0035,0.3847,0.8097,"Latah County, ID",Q2,FALSE,0.57975
16059,ID,"Lemhi County, ID",9420,3.18471e-4,0.289171975,0.710509554,0.908,0.926,8043,0.4073,0.3579,0.5555,0.1985,0.5212,"Lemhi County, ID",Q2,FALSE,0.66665
16061,ID,"Lewis County, ID",3969,0.197026959,0.304862686,0.498110355,0.957,0.946,3630,0.7146,0.7261,0.9217,0.5183,0.3557,"Lewis County, ID",Q3,FALSE,0.8303
16063,ID,"Lincoln County, ID",4649,0.014626801,0.359001936,0.626371263,0.976,0.971,5203,0.6742,0.7738,0.7146,0.7359,0.2784,"Lincoln County, ID",Q3,FALSE,0.8226
16065,ID,"Madison County, ID",13292,0.637676798,0.044613301,0.317709901,0.777,0.826,52487,0.4318,0.7264,0.0016,0.4057,0.8657,"Madison County, ID",Q2,FALSE,0.6289
16067,ID,"Minidoka County, ID",15025,0.707021631,0.013843594,0.279134775,0.806,0.818,21626,0.5978,0.6118,0.5931,0.7725,0.3913,"Minidoka County, ID",Q3,FALSE,0.7079
16069,ID,"Nez Perce County, ID",25228,0.303194863,0.384057397,0.312747741,0.929,0.919,42200,0.5892,0.4378,0.5565,0.4018,0.8333,"Nez Perce County, ID",Q3,FALSE,0.7541
16071,ID,"Oneida County, ID",4623,0.106640709,0.294830197,0.598529094,0.984,0.983,4572,0.0792,0.1149,0.4814,0.182,0.0395,"Oneida County, ID",Q1: Least vulnerable,FALSE,0.5311
16073,ID,"Owyhee County, ID",10356,0.249034376,0.107570491,0.643395133,0.969,0.962,12043,0.7432,0.5892,0.9828,0.6872,0.3968,"Owyhee County, ID",Q3,FALSE,0.8526
16075,ID,"Payette County, ID",15833,0.405292743,0.129792206,0.464915051,0.964,0.943,25571,0.6713,0.5689,0.9271,0.5927,0.4197,"Payette County, ID",Q3,FALSE,0.80715
16077,ID,"Power County, ID",6231,0.108489809,0.483229016,0.408281175,0.981,0.98,7918,0.762,0.7747,0.8616,0.776,0.3926,"Power County, ID",Q4: Most vulnerable,TRUE,0.871
16079,ID,"Shoshone County, ID",10952,0,0.540540541,0.459459459,0.722,0.814,13399,0.7493,0.8416,0.7359,0.3166,0.5877,"Shoshone County, ID",Q3,FALSE,0.78165
16081,ID,"Teton County, ID",8572,0.007816146,0.134391041,0.857792814,0.823,0.836,11813,0.2052,0.4041,0.0932,0.5294,0.1266,"Teton County, ID",Q1: Least vulnerable,FALSE,0.5206
16083,ID,"Twin Falls County, ID",45802,0.571372429,0.100650627,0.327976944,0.971,0.966,90592,0.5756,0.6185,0.6405,0.5854,0.3837,"Twin Falls County, ID",Q3,FALSE,0.7707999999999999
16085,ID,"Valley County, ID",15996,0.010752688,0.165541385,0.823705926,0.985,0.984,11830,0.1365,0.482,0.043,0.0025,0.1196,"Valley County, ID",Q1: Least vulnerable,FALSE,0.56025
16087,ID,"Washington County, ID",10196,0.084641036,0.424382111,0.490976854,0.985,0.973,10612,0.9093,0.8186,0.9987,0.5501,0.6577,"Washington County, ID",Q4: Most vulnerable,TRUE,0.9411499999999999
17001,IL,"Adams County, IL",47004,0.668751596,0.087822313,0.243426091,0.174,0.17,65583,0.2965,0.1343,0.4849,0.2628,0.6481,"Adams County, IL",Q2,FALSE,0.23325
17003,IL,"Alexander County, IL",5929,0.192949907,0.355877888,0.451172204,0.238,0.227,5261,0.8941,0.9052,0.8521,0.7423,0.7509,"Alexander County, IL",Q4: Most vulnerable,FALSE,0.56055
17005,IL,"Bond County, IL",14436,0.255195345,0.26967304,0.475131615,0.114,0.108,16750,0.5253,0.3159,0.2167,0.3888,0.9736,"Bond County, IL",Q3,FALSE,0.31665
17007,IL,"Boone County, IL",27055,0.741082979,0.002587322,0.256329699,0.042,0.043,53459,0.4655,0.5189,0.6465,0.658,0.174,"Boone County, IL",Q2,FALSE,0.25425000000000003
17009,IL,"Brown County, IL",5833,0.020058289,0.512943597,0.466998114,0.142,0.14,6334,0.4753,0.2469,0.2199,0.6013,0.9144,"Brown County, IL",Q2,FALSE,0.30765
17011,IL,"Bureau County, IL",31891,0.674516321,0.072277445,0.253206234,0.047,0.047,33203,0.3544,0.4069,0.5644,0.4057,0.1973,"Bureau County, IL",Q2,FALSE,0.2007
17013,IL,"Calhoun County, IL",6664,0.033313325,0.241146459,0.725540216,0.225,0.215,4472,0.0541,0.043,0.2297,0.0474,0.188,"Calhoun County, IL",Q1: Least vulnerable,FALSE,0.13455
17015,IL,"Carroll County, IL",18202,0.532578837,0.126359741,0.341061422,0.149,0.15,15594,0.2304,0.3271,0.1133,0.3118,0.3519,"Carroll County, IL",Q1: Least vulnerable,FALSE,0.19019999999999998
17017,IL,"Cass County, IL",10903,0.576355132,0.161148308,0.262496561,0.08,0.085,12955,0.4998,0.3519,0.8148,0.6277,0.356,"Cass County, IL",Q2,FALSE,0.2924
17019,IL,"Champaign County, IL",81614,0.854461244,0.046670914,0.098867841,0.005,0.005,206525,0.4658,0.4388,0.0395,0.7226,0.8269,"Champaign County, IL",Q2,FALSE,0.2354
17021,IL,"Christian County, IL",26345,0.691554375,0.101878914,0.206566711,0.051,0.051,33893,0.1966,0.2329,0.2173,0.1508,0.3509,"Christian County, IL",Q1: Least vulnerable,FALSE,0.1238
17023,IL,"Clark County, IL",16201,0.503178816,0.054996605,0.441824579,0.056,0.055,15467,0.0745,0.1553,0.1642,0.015,0.1238,"Clark County, IL",Q1: Least vulnerable,FALSE,0.06475
17025,IL,"Clay County, IL",13872,0.447808535,0.13761534,0.414576125,0.037,0.035,13248,0.5813,0.5196,0.8673,0.0407,0.5956,"Clay County, IL",Q3,FALSE,0.30815000000000003
17027,IL,"Clinton County, IL",28267,0.594367991,0.183853964,0.221778045,0.039,0.038,36998,0.1168,0.0754,0.0951,0.2444,0.4664,"Clinton County, IL",Q1: Least vulnerable,FALSE,0.0774
17029,IL,"Coles County, IL",29956,0.638402991,0.124349045,0.237247964,0.03,0.028,47076,0.5574,0.6892,0.0566,0.2984,0.8941,"Coles County, IL",Q3,FALSE,0.2927
17031,IL,"Cook County, IL",1638633,0.978968445,0.010886513,0.010145042,0.294,0.275,5225367,0.7964,0.7754,0.3926,0.9138,0.8298,"Cook County, IL",Q4: Most vulnerable,FALSE,0.5357000000000001
17033,IL,"Crawford County, IL",17701,0.534150613,0.062990791,0.402858596,0.029,0.027,18729,0.1919,0.1709,0.1635,0.2587,0.4467,"Crawford County, IL",Q1: Least vulnerable,FALSE,0.10944999999999999
17035,IL,"Cumberland County, IL",11309,0.297285348,0.237156247,0.465558405,0.032,0.032,10447,0.015,0.0347,0.1511,0.0191,0.0318,"Cumberland County, IL",Q1: Least vulnerable,FALSE,0.0235
17037,IL,"DeKalb County, IL",45092,0.847023862,0,0.152976138,0.011,0.011,100686,0.5523,0.5087,0.2329,0.6166,0.7604,"DeKalb County, IL",Q3,FALSE,0.28165
17039,IL,"De Witt County, IL",13319,0.695322472,0.065995946,0.238681583,0.023,0.023,15535,0.0493,0.1941,0.0751,0.0881,0.0538,"De Witt County, IL",Q1: Least vulnerable,FALSE,0.03615
17041,IL,"Douglas County, IL",16458,0.810183497,0.01087617,0.178940333,0.006,0.006,19714,0.4578,0.447,0.4454,0.3322,0.5492,"Douglas County, IL",Q2,FALSE,0.2319
17043,IL,"DuPage County, IL",300735,0.940555639,0.014507789,0.044936572,0.216,0.217,930559,0.2284,0.1632,0.1667,0.7296,0.3579,"DuPage County, IL",Q1: Least vulnerable,FALSE,0.2227
17045,IL,"Edgar County, IL",17725,0.623356841,0.076107193,0.300535966,0.033,0.033,16852,0.343,0.3067,0.3875,0.0099,0.6402,"Edgar County, IL",Q2,FALSE,0.188
17047,IL,"Edwards County, IL",7714,0.492870106,0.063909774,0.443220119,0.02,0.02,6182,0.3058,0.3789,0.8632,0.0299,0.1037,"Edwards County, IL",Q2,FALSE,0.16290000000000002
17049,IL,"Effingham County, IL",27041,0.406678747,0.191930772,0.401390481,0.057,0.055,34594,0.2081,0.0452,0.6032,0.0455,0.6169,"Effingham County, IL",Q1: Least vulnerable,FALSE,0.13155
17051,IL,"Fayette County, IL",20159,0.317773699,0.19797609,0.484250211,0.135,0.129,21464,0.5644,0.4391,0.6207,0.3118,0.7789,"Fayette County, IL",Q3,FALSE,0.3467
17053,IL,"Ford County, IL",13147,0.830075302,0,0.169924698,0.004,0.004,13484,0.3824,0.3449,0.5667,0.2536,0.4263,"Ford County, IL",Q2,FALSE,0.1932
17055,IL,"Franklin County, IL",31632,0.397951442,0.179564997,0.422483561,0.166,0.156,37810,0.4871,0.6704,0.4948,0.0579,0.4025,"Franklin County, IL",Q2,FALSE,0.32155
17057,IL,"Fulton County, IL",31615,0.216637672,0.442037008,0.34132532,0.121,0.12,33691,0.2106,0.4343,0.0754,0.2109,0.2399,"Fulton County, IL",Q1: Least vulnerable,FALSE,0.1653
17059,IL,"Gallatin County, IL",5920,0.465371622,0.134966216,0.399662162,0.211,0.201,4967,0.4521,0.4572,0.8078,0.0932,0.3408,"Gallatin County, IL",Q2,FALSE,0.32655
17061,IL,"Greene County, IL",14087,0.373677859,0.271881877,0.354440264,0.124,0.121,12015,0.1044,0.2043,0.3996,0.0099,0.0592,"Greene County, IL",Q1: Least vulnerable,FALSE,0.1127
17063,IL,"Grundy County, IL",29179,0.558552384,0.210356763,0.231090853,0.123,0.127,52624,0.0773,0.0865,0.2043,0.4518,0.0891,"Grundy County, IL",Q1: Least vulnerable,FALSE,0.10214999999999999
17065,IL,"Hamilton County, IL",9778,0.358560033,0.080895889,0.560544079,0.156,0.147,8008,0.3029,0.4213,0.6507,0.0474,0.1794,"Hamilton County, IL",Q2,FALSE,0.22494999999999998
17067,IL,"Hancock County, IL",21355,0.507749941,0.175930695,0.316319363,0.131,0.13,17582,0.0885,0.1285,0.5577,0.0474,0.0484,"Hancock County, IL",Q1: Least vulnerable,FALSE,0.10925
17069,IL,"Hardin County, IL",4806,6.2422e-4,0.190178943,0.809196837,0.374,0.343,3665,0.2383,0.1696,0.5301,0.0073,0.4588,"Hardin County, IL",Q1: Least vulnerable,FALSE,0.29065
17071,IL,"Henderson County, IL",8834,0.418723115,0.215078107,0.366198777,0.178,0.179,6374,0.0391,0.1543,0.1438,0.0821,0.0204,"Henderson County, IL",Q1: Least vulnerable,FALSE,0.10905
17073,IL,"Henry County, IL",42537,0.719303195,0.045983497,0.234713308,0.046,0.046,49157,0.126,0.0916,0.447,0.3388,0.1339,"Henry County, IL",Q1: Least vulnerable,FALSE,0.086
17075,IL,"Iroquois County, IL",28531,0.755353826,0.001577232,0.243068943,0.01,0.01,27043,0.2673,0.4092,0.6456,0.3388,0.0573,"Iroquois County, IL",Q2,FALSE,0.13865
17077,IL,"Jackson County, IL",34208,0.164464453,0.297708138,0.537827409,0.217,0.206,53176,0.8479,0.8225,0.3452,0.6316,0.9863,"Jackson County, IL",Q4: Most vulnerable,FALSE,0.52695
17079,IL,"Jasper County, IL",12278,0.339306076,0.250447956,0.410245968,0.019,0.019,9295,0.0875,0.1352,0.3239,0.0115,0.1139,"Jasper County, IL",Q1: Least vulnerable,FALSE,0.05325
17081,IL,"Jefferson County, IL",27551,0.294689848,0.133134913,0.572175239,0.137,0.131,37043,0.7117,0.503,0.8164,0.4445,0.8406,"Jefferson County, IL",Q3,FALSE,0.42135
17083,IL,"Jersey County, IL",17384,0.383283479,0.13869075,0.478025771,0.125,0.121,21462,0.0318,0.0541,0.1152,0.0407,0.0986,"Jersey County, IL",Q1: Least vulnerable,FALSE,0.0764
17085,IL,"Jo Daviess County, IL",25860,0.198839907,0.217208043,0.583952049,0.195,0.188,21942,0.076,0.092,0.272,0.1276,0.1295,"Jo Daviess County, IL",Q1: Least vulnerable,FALSE,0.132
17087,IL,"Johnson County, IL",11269,0.01268968,0.209424084,0.777886237,0.359,0.328,13313,0.3834,0.2969,0.3716,0.503,0.5259,"Johnson County, IL",Q2,FALSE,0.3557
17089,IL,"Kane County, IL",179097,0.862443257,0.012228011,0.125328732,0.097,0.095,517254,0.5084,0.4823,0.5033,0.8263,0.3427,"Kane County, IL",Q3,FALSE,0.30169999999999997
17091,IL,"Kankakee County, IL",61084,0.823063323,0.001489752,0.175446926,0.06,0.062,107421,0.7241,0.5695,0.7206,0.6656,0.7652,"Kankakee County, IL",Q3,FALSE,0.39305
17093,IL,"Kendall County, IL",48248,0.792986238,0,0.207013762,0.044,0.04,132795,0.0996,0.0694,0.4537,0.7251,0.0331,"Kendall County, IL",Q1: Least vulnerable,FALSE,0.0698
17095,IL,"Knox County, IL",38272,0.709813963,0.053302676,0.236883361,0.054,0.053,49751,0.644,0.6074,0.4397,0.504,0.7731,"Knox County, IL",Q3,FALSE,0.34850000000000003
17097,IL,"Lake County, IL",255171,0.757488116,0.04709391,0.195417975,0.228,0.22,713159,0.475,0.3086,0.3847,0.7941,0.6118,"Lake County, IL",Q2,FALSE,0.3475
17099,IL,"LaSalle County, IL",77525,0.582134795,0.195885198,0.221980006,0.071,0.071,109495,0.3894,0.301,0.5142,0.4588,0.4556,"LaSalle County, IL",Q2,FALSE,0.23020000000000002
17101,IL,"Lawrence County, IL",13281,0.344778255,0.268729764,0.386491981,0.033,0.033,15302,0.5657,0.6039,0.4995,0.434,0.5533,"Lawrence County, IL",Q3,FALSE,0.29935
17103,IL,"Lee County, IL",29211,0.693882442,0.025195988,0.280921571,0.028,0.027,34221,0.3777,0.2501,0.3745,0.4222,0.6332,"Lee County, IL",Q2,FALSE,0.20235
17105,IL,"Livingston County, IL",30628,0.812132689,0,0.187867311,0.009,0.009,35771,0.328,0.1842,0.5301,0.3248,0.5606,"Livingston County, IL",Q2,FALSE,0.1685
17107,IL,"Logan County, IL",21707,0.851200074,0,0.148799926,0.018,0.019,28027,0.2921,0.1912,0.1409,0.3847,0.7238,"Logan County, IL",Q2,FALSE,0.15555000000000002
17109,IL,"McDonough County, IL",21784,0.572484392,0.166360632,0.261154976,0.046,0.046,27370,0.539,0.6672,0.0646,0.3847,0.8123,"McDonough County, IL",Q3,FALSE,0.29250000000000004
17111,IL,"McHenry County, IL",131609,0.667446755,0.064463676,0.268089568,0.144,0.143,311133,0.0923,0.1403,0.2431,0.5472,0.041,"McHenry County, IL",Q1: Least vulnerable,FALSE,0.11764999999999999
17113,IL,"McLean County, IL",77412,0.885159924,0.004056219,0.110783858,0.013,0.013,171284,0.1903,0.1168,0.0573,0.552,0.6029,"McLean County, IL",Q1: Least vulnerable,FALSE,0.10165
17115,IL,"Macon County, IL",63621,0.759026108,0.077615882,0.163358011,0.023,0.022,103542,0.5396,0.3971,0.511,0.6102,0.6755,"Macon County, IL",Q3,FALSE,0.2808
17117,IL,"Macoupin County, IL",40295,0.439434173,0.234346693,0.326219134,0.082,0.078,44907,0.1161,0.2386,0.2561,0.0525,0.1009,"Macoupin County, IL",Q1: Least vulnerable,FALSE,0.09705
17119,IL,"Madison County, IL",144190,0.670691449,0.115299258,0.214009293,0.074,0.07,265512,0.2561,0.2663,0.3175,0.4658,0.2625,"Madison County, IL",Q2,FALSE,0.16305
17121,IL,"Marion County, IL",29040,0.477066116,0.093112948,0.429820937,0.091,0.087,37543,0.6036,0.567,0.721,0.2816,0.6204,"Marion County, IL",Q3,FALSE,0.3453
17123,IL,"Marshall County, IL",12150,0.40781893,0.296296296,0.295884774,0.063,0.061,11740,0.0894,0.1467,0.2536,0.1572,0.0993,"Marshall County, IL",Q1: Least vulnerable,FALSE,0.07519999999999999
17125,IL,"Mason County, IL",13938,0.545343665,0.196728368,0.257927967,0.063,0.066,13074,0.1254,0.2568,0.1823,0.021,0.1409,"Mason County, IL",Q1: Least vulnerable,FALSE,0.09570000000000001
17127,IL,"Massac County, IL",12075,0.096231884,0.310641822,0.593126294,0.285,0.262,14135,0.5625,0.5476,0.6389,0.3977,0.5444,"Massac County, IL",Q3,FALSE,0.41225
17129,IL,"Menard County, IL",10390,0.448219442,0.220019249,0.331761309,0.08,0.08,12284,0.0283,0.0522,0.3834,0.0474,0.0162,"Menard County, IL",Q1: Least vulnerable,FALSE,0.054150000000000004
17131,IL,"Mercer County, IL",17064,0.554617909,0.115271917,0.330110173,0.189,0.187,15692,0.064,0.1419,0.2762,0.0932,0.048,"Mercer County, IL",Q1: Least vulnerable,FALSE,0.1255
17133,IL,"Monroe County, IL",22521,0.486079659,0.173127303,0.340793038,0.155,0.153,34905,0.001,0.0016,0.0465,0.0299,0.0083,"Monroe County, IL",Q1: Least vulnerable,FALSE,0.077
17135,IL,"Montgomery County, IL",25492,0.446414561,0.255335007,0.298250432,0.095,0.092,28352,0.3191,0.343,0.1492,0.1861,0.6382,"Montgomery County, IL",Q2,FALSE,0.20555
17137,IL,"Morgan County, IL",24657,0.718335564,0.060469644,0.221194793,0.034,0.034,32882,0.4935,0.5052,0.3156,0.3563,0.6421,"Morgan County, IL",Q2,FALSE,0.26375
17139,IL,"Moultrie County, IL",11646,0.665722136,0.090932509,0.243345355,0.021,0.021,14531,0.4827,0.3926,0.4298,0.0229,0.8476,"Moultrie County, IL",Q2,FALSE,0.25185
17141,IL,"Ogle County, IL",39301,0.608992138,0.070888781,0.320119081,0.058,0.059,51672,0.3131,0.2539,0.5982,0.4378,0.28,"Ogle County, IL",Q2,FALSE,0.18605
17143,IL,"Peoria County, IL",100892,0.636670896,0.184712366,0.178616739,0.089,0.087,181186,0.6656,0.5444,0.6446,0.6923,0.7041,"Peoria County, IL",Q3,FALSE,0.37629999999999997
17145,IL,"Perry County, IL",17945,0.201504597,0.362942324,0.435553079,0.162,0.153,20996,0.6001,0.4677,0.545,0.4057,0.8263,"Perry County, IL",Q3,FALSE,0.37655
17147,IL,"Piatt County, IL",13051,0.587771052,0.192935407,0.219293541,0.008,0.008,16698,0.0045,0.0745,0.042,0.0299,0.0086,"Piatt County, IL",Q1: Least vulnerable,FALSE,0.00625
17149,IL,"Pike County, IL",18315,0.377886978,0.233033033,0.389079989,0.218,0.21,14776,0.2771,0.2988,0.8091,0.0337,0.1581,"Pike County, IL",Q2,FALSE,0.24355
17151,IL,"Pope County, IL",5552,0.002161383,0.102485591,0.895353026,0.367,0.337,3799,0.3277,0.391,0.2657,0.3086,0.4114,"Pope County, IL",Q2,FALSE,0.33235000000000003
17153,IL,"Pulaski County, IL",5687,0.077545279,0.36047125,0.561983471,0.242,0.225,5177,0.6357,0.5256,0.7111,0.749,0.5428,"Pulaski County, IL",Q3,FALSE,0.43035
17155,IL,"Putnam County, IL",6078,0.407699901,0.191674893,0.400625206,0.136,0.131,5628,0.0048,0.014,0.2269,0.2536,0.0032,"Putnam County, IL",Q1: Least vulnerable,FALSE,0.0679
17157,IL,"Randolph County, IL",26270,0.181347545,0.449029311,0.369623144,0.144,0.141,30413,0.4897,0.3077,0.6322,0.3939,0.6869,"Randolph County, IL",Q2,FALSE,0.31535
17159,IL,"Richland County, IL",14673,0.629182853,0.013426021,0.357391127,0.013,0.013,15716,0.413,0.189,0.8995,0.0881,0.5577,"Richland County, IL",Q2,FALSE,0.213
17161,IL,"Rock Island County, IL",81555,0.747740788,0.084899761,0.167359451,0.282,0.272,143819,0.7556,0.5816,0.8482,0.6701,0.7385,"Rock Island County, IL",Q4: Most vulnerable,FALSE,0.5138
17163,IL,"St. Clair County, IL",133603,0.744429392,0.094249381,0.161321228,0.058,0.055,256791,0.532,0.4438,0.5902,0.7821,0.4505,"St. Clair County, IL",Q3,FALSE,0.29350000000000004
17165,IL,"Saline County, IL",19896,0.416465621,0.108464013,0.475070366,0.271,0.247,23662,0.6557,0.5934,0.7372,0.2109,0.7506,"Saline County, IL",Q3,FALSE,0.45135
17167,IL,"Sangamon County, IL",113448,0.792186729,0.074122065,0.133691207,0.069,0.069,196122,0.4041,0.2437,0.4531,0.546,0.5978,"Sangamon County, IL",Q2,FALSE,0.23655
17169,IL,"Schuyler County, IL",8330,0.04909964,0.491116447,0.459783914,0.097,0.096,6879,0.4957,0.4674,0.7719,0.2323,0.4238,"Schuyler County, IL",Q2,FALSE,0.29585
17171,IL,"Scott County, IL",5757,0.271495571,0.368247351,0.360257078,0.087,0.086,4899,0.0512,0.0652,0.4976,0.0264,0.0455,"Scott County, IL",Q1: Least vulnerable,FALSE,0.0686
17173,IL,"Shelby County, IL",23475,0.559190628,0.070883919,0.369925453,0.081,0.08,21042,0.1069,0.0935,0.259,0.0099,0.2953,"Shelby County, IL",Q1: Least vulnerable,FALSE,0.09345
17175,IL,"Stark County, IL",6585,0.71556568,0.017767654,0.266666667,0.014,0.015,5395,0.0579,0.2059,0.2351,0.1457,0.014,"Stark County, IL",Q1: Least vulnerable,FALSE,0.036449999999999996
17177,IL,"Stephenson County, IL",36261,0.704806817,4.96401e-4,0.294696782,0.067,0.063,44482,0.5218,0.4668,0.6621,0.5119,0.4537,"Stephenson County, IL",Q3,FALSE,0.2924
17179,IL,"Tazewell County, IL",75475,0.576177542,0.23908579,0.184736668,0.051,0.051,131276,0.1085,0.1075,0.1311,0.1572,0.3204,"Tazewell County, IL",Q1: Least vulnerable,FALSE,0.07975
17181,IL,"Union County, IL",15029,0.003859206,0.25623794,0.739902854,0.327,0.297,17122,0.602,0.6631,0.4378,0.265,0.7063,"Union County, IL",Q3,FALSE,0.4495
17183,IL,"Vermilion County, IL",56147,0.542807274,0.162448572,0.294744154,0.024,0.023,74113,0.6806,0.5116,0.8231,0.5679,0.6904,"Vermilion County, IL",Q3,FALSE,0.3518
17185,IL,"Wabash County, IL",9446,0.675947491,0.029006987,0.295045522,0.027,0.026,11321,0.4209,0.2294,0.7712,0.1928,0.6045,"Wabash County, IL",Q2,FALSE,0.22345
17187,IL,"Warren County, IL",15823,0.727611704,0.0073311,0.265057195,0.036,0.036,16760,0.5441,0.4661,0.7143,0.4973,0.4948,"Warren County, IL",Q3,FALSE,0.29005000000000003
17189,IL,"Washington County, IL",17338,0.485177068,0.176260238,0.338562695,0.059,0.056,13781,0.0347,0.0885,0.1168,0.0379,0.0585,"Washington County, IL",Q1: Least vulnerable,FALSE,0.04535
17191,IL,"Wayne County, IL",18254,0.354826339,0.147967569,0.497206092,0.038,0.037,16127,0.4843,0.4811,0.6468,0.0229,0.5772,"Wayne County, IL",Q2,FALSE,0.26065
17193,IL,"White County, IL",14146,0.389438711,0.199985862,0.410575428,0.099,0.095,13834,0.3999,0.4209,0.6577,0.0191,0.4193,"White County, IL",Q2,FALSE,0.24745
17195,IL,"Whiteside County, IL",42172,0.708100161,0.078061273,0.213838566,0.068,0.068,55569,0.3236,0.2669,0.7652,0.4814,0.1661,"Whiteside County, IL",Q2,FALSE,0.1958
17197,IL,"Will County, IL",263189,0.867118307,0.023257051,0.109624642,0.221,0.214,696774,0.244,0.2062,0.3904,0.7706,0.1559,"Will County, IL",Q1: Least vulnerable,FALSE,0.22899999999999998
17199,IL,"Williamson County, IL",46187,0.294390196,0.201658475,0.503951328,0.313,0.286,67120,0.3948,0.3038,0.6192,0.3388,0.4553,"Williamson County, IL",Q2,FALSE,0.3404
17201,IL,"Winnebago County, IL",136594,0.799456784,0.036114324,0.164428891,0.118,0.113,284591,0.7728,0.7502,0.8591,0.7127,0.5227,"Winnebago County, IL",Q4: Most vulnerable,FALSE,0.4429
17203,IL,"Woodford County, IL",26305,0.485383007,0.202661091,0.311955902,0.052,0.051,38414,0.0175,0.0515,0.0795,0.0675,0.057,"Woodford County, IL",Q1: Least vulnerable,FALSE,0.03425
18001,IN,"Adams County, IN",25136,0.705323043,0,0.294676957,0.004,0.004,35827,0.5355,0.6411,0.2055,0.1654,0.7569,"Adams County, IN",Q3,FALSE,0.26975
18003,IN,"Allen County, IN",179264,0.78657176,0.01995939,0.19346885,0.022,0.021,385456,0.5374,0.4426,0.699,0.6468,0.4435,"Allen County, IN",Q3,FALSE,0.2792
18005,IN,"Bartholomew County, IN",44305,0.5463266,0.053402551,0.40027085,0.109,0.099,82371,0.287,0.167,0.5492,0.5415,0.3484,"Bartholomew County, IN",Q2,FALSE,0.193
18007,IN,"Benton County, IN",8533,0.724364233,0,0.275635767,0,0,8709,0.3369,0.3738,0.9074,0.2587,0.0678,"Benton County, IN",Q2,FALSE,0.16845
18009,IN,"Blackford County, IN",10251,0.643839625,0,0.356160375,0.006,0.007,12074,0.4801,0.6748,0.5972,0.0675,0.2975,"Blackford County, IN",Q2,FALSE,0.24355000000000002
18011,IN,"Boone County, IN",37003,0.650487798,0,0.349512202,0.016,0.016,71235,0.0331,0.0251,0.2526,0.3446,0.0366,"Boone County, IN",Q1: Least vulnerable,FALSE,0.02455
18013,IN,"Brown County, IN",12773,0.007907304,0.03303844,0.959054255,0.147,0.138,15513,0.1712,0.2055,0.3261,0.0544,0.2542,"Brown County, IN",Q1: Least vulnerable,FALSE,0.15460000000000002
18015,IN,"Carroll County, IN",18240,0.564254386,0,0.435745614,0.012,0.012,20397,0.0821,0.2097,0.2084,0.1753,0.0458,"Carroll County, IN",Q1: Least vulnerable,FALSE,0.04705
18017,IN,"Cass County, IN",27276,0.656731192,0.006489221,0.336779586,0.012,0.012,37820,0.5587,0.4528,0.8479,0.5797,0.3961,"Cass County, IN",Q3,FALSE,0.28535
18019,IN,"Clark County, IN",64243,0.464766589,0.1046651,0.430568311,0.125,0.114,121484,0.3093,0.2654,0.4171,0.504,0.3411,"Clark County, IN",Q2,FALSE,0.21165
18021,IN,"Clay County, IN",21552,0.193160728,0.222345954,0.584493318,0.065,0.059,26396,0.1718,0.1444,0.4496,0.0675,0.2873,"Clay County, IN",Q1: Least vulnerable,FALSE,0.1154
18023,IN,"Clinton County, IN",22936,0.719305895,0,0.280694105,0.003,0.004,33020,0.3443,0.335,0.587,0.5202,0.2094,"Clinton County, IN",Q2,FALSE,0.17415
18025,IN,"Crawford County, IN",11805,0.001524778,0.095044473,0.90343075,0.173,0.161,10511,0.3124,0.5899,0.1247,0.0407,0.3449,"Crawford County, IN",Q2,FALSE,0.23670000000000002
18027,IN,"Daviess County, IN",26472,0.471592626,0.019190088,0.509217286,0.062,0.058,33337,0.6239,0.5304,0.4136,0.328,0.9077,"Daviess County, IN",Q3,FALSE,0.34095000000000003
18029,IN,"Dearborn County, IN",31685,0.004166009,0.196591447,0.799242544,0.153,0.141,50709,0.0312,0.0662,0.1241,0.0337,0.071,"Dearborn County, IN",Q1: Least vulnerable,FALSE,0.0861
18031,IN,"Decatur County, IN",21498,0.54093404,0.058563587,0.400502372,0.066,0.061,26432,0.0159,0.0725,0.0229,0.1094,0.0659,"Decatur County, IN",Q1: Least vulnerable,FALSE,0.03845
18033,IN,"DeKalb County, IN",29235,0.554780229,0.083632632,0.361587139,0.031,0.028,43312,0.1384,0.1667,0.2138,0.0821,0.2934,"DeKalb County, IN",Q1: Least vulnerable,FALSE,0.0832
18035,IN,"Delaware County, IN",64360,0.684524549,0.002159727,0.313315724,0.017,0.017,112156,0.6309,0.7226,0.2116,0.413,0.7903,"Delaware County, IN",Q3,FALSE,0.32395
18037,IN,"Dubois County, IN",30412,0.28649875,0.137741681,0.575759569,0.138,0.13,43584,0.1619,0.0697,0.461,0.335,0.3067,"Dubois County, IN",Q1: Least vulnerable,FALSE,0.14595
18039,IN,"Elkhart County, IN",100005,0.663546823,0.04080796,0.295645218,0.026,0.022,206841,0.8132,0.7245,0.7852,0.6287,0.819,"Elkhart County, IN",Q4: Most vulnerable,FALSE,0.4176
18041,IN,"Fayette County, IN",17100,0.549590643,0.04122807,0.409181287,0.066,0.061,23391,0.6293,0.7022,0.8454,0.1037,0.4703,"Fayette County, IN",Q3,FALSE,0.34514999999999996
18043,IN,"Floyd County, IN",41976,0.241709548,0.207118353,0.551172098,0.143,0.134,80191,0.1915,0.1333,0.412,0.3888,0.2641,"Floyd County, IN",Q1: Least vulnerable,FALSE,0.16275
18045,IN,"Fountain County, IN",15176,0.411900369,0.124077491,0.46402214,0.044,0.043,16468,0.2924,0.4629,0.7318,0.0821,0.0795,"Fountain County, IN",Q2,FALSE,0.1677
18047,IN,"Franklin County, IN",20951,0.055796859,0.234404086,0.709799055,0.12,0.111,22850,0.1199,0.0872,0.2335,0.015,0.3996,"Franklin County, IN",Q1: Least vulnerable,FALSE,0.11545
18049,IN,"Fulton County, IN",17828,0.615436392,0.008582006,0.375981602,0.01,0.011,20420,0.5415,0.6577,0.6293,0.2854,0.3802,"Fulton County, IN",Q3,FALSE,0.27625
18051,IN,"Gibson County, IN",25675,0.485180136,0.063836417,0.450983447,0.088,0.085,33006,0.2342,0.0986,0.3548,0.2536,0.616,"Gibson County, IN",Q1: Least vulnerable,FALSE,0.1596
18053,IN,"Grant County, IN",42302,0.70228358,0,0.29771642,0.009,0.009,66560,0.7649,0.6965,0.6666,0.4537,0.8683,"Grant County, IN",Q4: Most vulnerable,FALSE,0.38695
18055,IN,"Greene County, IN",28017,0.105471678,0.201484813,0.693043509,0.1,0.093,30900,0.5275,0.6491,0.5514,0.0299,0.5332,"Greene County, IN",Q3,FALSE,0.31024999999999997
18057,IN,"Hamilton County, IN",125401,0.800169058,0,0.199830942,0.028,0.024,349527,0.0302,0.0064,0.2682,0.5081,0.034,"Hamilton County, IN",Q1: Least vulnerable,FALSE,0.0271
18059,IN,"Hancock County, IN",41756,0.661126545,0,0.338873455,0.018,0.018,80170,0.0185,0.0598,0.1085,0.2781,0.0178,"Hancock County, IN",Q1: Least vulnerable,FALSE,0.01825
18061,IN,"Harrison County, IN",32693,2.75288e-4,0.113632888,0.886091824,0.159,0.146,39684,0.1009,0.1117,0.09,0.0544,0.3815,"Harrison County, IN",Q1: Least vulnerable,FALSE,0.12345
18063,IN,"Hendricks County, IN",74797,0.691057128,0,0.308942872,0.038,0.038,175639,0.0904,0.0334,0.2819,0.5148,0.168,"Hendricks County, IN",Q1: Least vulnerable,FALSE,0.0642
18065,IN,"Henry County, IN",35398,0.592406351,0.01539635,0.392197299,0.03,0.029,48913,0.3045,0.3414,0.3121,0.1696,0.4521,"Henry County, IN",Q2,FALSE,0.16675
18067,IN,"Howard County, IN",49519,0.783335689,0,0.216664311,0.007,0.007,83452,0.4505,0.4193,0.7238,0.4604,0.28,"Howard County, IN",Q2,FALSE,0.22875
18069,IN,"Huntington County, IN",24959,0.505308706,0.088344886,0.406346408,0.018,0.017,36699,0.1362,0.1766,0.2052,0.1152,0.2428,"Huntington County, IN",Q1: Least vulnerable,FALSE,0.0766
18071,IN,"Jackson County, IN",31517,0.389281975,0.125456103,0.485261922,0.096,0.089,46212,0.4556,0.3134,0.5956,0.4057,0.5972,"Jackson County, IN",Q2,FALSE,0.2723
18073,IN,"Jasper County, IN",24349,0.517680398,0.002833792,0.479485811,0.067,0.066,33045,0.1005,0.0939,0.4489,0.342,0.0659,"Jasper County, IN",Q1: Least vulnerable,FALSE,0.08325
18075,IN,"Jay County, IN",18751,0.670524239,0,0.329475761,0.005,0.005,20451,0.4626,0.5762,0.5749,0.0881,0.3964,"Jay County, IN",Q2,FALSE,0.2338
18077,IN,"Jefferson County, IN",22673,0.031006042,0.330392978,0.638600979,0.146,0.135,33057,0.5832,0.4633,0.531,0.2062,0.8848,"Jefferson County, IN",Q3,FALSE,0.35910000000000003
18079,IN,"Jennings County, IN",21533,0.041099707,0.214554405,0.744345888,0.137,0.126,27610,0.3573,0.4645,0.497,0.0932,0.308,"Jennings County, IN",Q2,FALSE,0.24165
18081,IN,"Johnson County, IN",69279,0.719294447,0.019587465,0.261118088,0.109,0.097,161952,0.1117,0.1451,0.1645,0.3977,0.1387,"Johnson County, IN",Q1: Least vulnerable,FALSE,0.10435
18083,IN,"Knox County, IN",26755,0.631059615,0.007250981,0.361689404,0.035,0.035,36148,0.497,0.2953,0.7938,0.265,0.6561,"Knox County, IN",Q2,FALSE,0.266
18085,IN,"Kosciusko County, IN",56358,0.584761702,0.02812378,0.387114518,0.017,0.017,80442,0.3926,0.314,0.5797,0.3917,0.4311,"Kosciusko County, IN",Q2,FALSE,0.2048
18087,IN,"LaGrange County, IN",33188,0.365824997,0.119169579,0.515005424,0.041,0.039,40364,0.3961,0.4251,0.4782,0.1152,0.4862,"LaGrange County, IN",Q2,FALSE,0.21755
18089,IN,"Lake County, IN",239141,0.848169072,0.056548229,0.095282699,0.336,0.315,497682,0.7031,0.6258,0.7824,0.8549,0.4731,"Lake County, IN",Q3,FALSE,0.50905
18091,IN,"LaPorte County, IN",66898,0.540300158,0.052109181,0.40759066,0.132,0.128,112215,0.5046,0.4295,0.4155,0.5667,0.615,"LaPorte County, IN",Q3,FALSE,0.3163
18093,IN,"Lawrence County, IN",35125,0.090419929,0.175914591,0.73366548,0.131,0.122,45113,0.2981,0.2529,0.3866,0.0757,0.574,"Lawrence County, IN",Q2,FALSE,0.21005
18095,IN,"Madison County, IN",79219,0.705701915,0,0.294298085,0.014,0.015,130545,0.5985,0.5619,0.6643,0.4636,0.5689,"Madison County, IN",Q3,FALSE,0.30675
18097,IN,"Marion County, IN",372000,0.893473118,0,0.106526882,0.088,0.074,971737,0.826,0.8132,0.7814,0.8565,0.6287,"Marion County, IN",Q4: Most vulnerable,FALSE,0.44999999999999996
18099,IN,"Marshall County, IN",33326,0.508221809,0.069825362,0.42195283,0.027,0.026,46208,0.4493,0.4648,0.4617,0.3939,0.4473,"Marshall County, IN",Q2,FALSE,0.23765
18101,IN,"Martin County, IN",9803,0.13149036,0.132000408,0.736509232,0.125,0.118,9863,0.1613,0.1909,0.1228,0.0675,0.4365,"Martin County, IN",Q1: Least vulnerable,FALSE,0.13965
18103,IN,"Miami County, IN",26260,0.654226961,0,0.345773039,0.011,0.011,35952,0.3904,0.5021,0.2479,0.3748,0.4038,"Miami County, IN",Q2,FALSE,0.20070000000000002
18105,IN,"Monroe County, IN",55930,0.219274093,0.141998927,0.63872698000000006,0.132,0.123,140065,0.4302,0.5619,0.0076,0.4779,0.8877,"Monroe County, IN",Q2,FALSE,0.2766
18107,IN,"Montgomery County, IN",27268,0.544777761,0.024937656,0.430284583,0.017,0.018,38018,0.455,0.3948,0.6475,0.2816,0.4846,"Montgomery County, IN",Q2,FALSE,0.23650000000000002
18109,IN,"Morgan County, IN",43345,0.177229208,0.178475026,0.644295767,0.113,0.104,71757,0.0538,0.1521,0.1712,0.0675,0.0566,"Morgan County, IN",Q1: Least vulnerable,FALSE,0.0789
18111,IN,"Newton County, IN",12743,0.482382485,0.041591462,0.476026054,0.106,0.113,13829,0.3229,0.566,0.7331,0.3388,0.0226,"Newton County, IN",Q2,FALSE,0.21795
18113,IN,"Noble County, IN",32293,0.447620227,0.107360728,0.445019044,0.033,0.033,47431,0.5418,0.3828,0.5883,0.4085,0.7502,"Noble County, IN",Q3,FALSE,0.2874
18115,IN,"Ohio County, IN",5360,0.005037313,0.240671642,0.754291045,0.167,0.149,5974,0.1734,0.0869,0.4031,0.0579,0.4785,"Ohio County, IN",Q1: Least vulnerable,FALSE,0.1612
18117,IN,"Orange County, IN",17745,0.082389405,0.132769794,0.7848408,0.138,0.128,19768,0.5791,0.4601,0.8384,0.1339,0.692,"Orange County, IN",Q3,FALSE,0.35355
18119,IN,"Owen County, IN",18409,0.015481558,0.124938889,0.859579553,0.11,0.101,21361,0.238,0.574,0.188,0.0299,0.1241,"Owen County, IN",Q1: Least vulnerable,FALSE,0.16949999999999998
18121,IN,"Parke County, IN",15580,0.083119384,0.291463415,0.625417202,0.09,0.086,16327,0.6424,0.7038,0.2307,0.0757,0.9472,"Parke County, IN",Q3,FALSE,0.36419999999999997
18123,IN,"Perry County, IN",15633,0.002686624,0.32085972,0.676453656,0.175,0.162,19186,0.3182,0.2084,0.0426,0.1457,0.9682,"Perry County, IN",Q2,FALSE,0.24009999999999998
18125,IN,"Pike County, IN",11894,0.218093156,0.089961325,0.691945519,0.192,0.185,12227,0.0465,0.1056,0.0436,0.0264,0.1944,"Pike County, IN",Q1: Least vulnerable,FALSE,0.11574999999999999
18127,IN,"Porter County, IN",82192,0.604389722,0.041123224,0.354487055,0.309,0.289,173355,0.1374,0.1473,0.1152,0.5148,0.2218,"Porter County, IN",Q1: Least vulnerable,FALSE,0.2132
18129,IN,"Posey County, IN",20467,0.380466116,0.124053354,0.49548053,0.079,0.076,25226,0.0092,0.0331,0.0439,0.0525,0.0547,"Posey County, IN",Q1: Least vulnerable,FALSE,0.0426
18131,IN,"Pulaski County, IN",12889,0.539219489,0.020404997,0.440375514,0.02,0.02,12498,0.3866,0.4257,0.5711,0.1753,0.3573,"Pulaski County, IN",Q2,FALSE,0.2033
18133,IN,"Putnam County, IN",26608,0.135485568,0.249624173,0.614890259,0.069,0.068,36942,0.1502,0.1129,0.0554,0.2364,0.6134,"Putnam County, IN",Q1: Least vulnerable,FALSE,0.1091
18135,IN,"Randolph County, IN",22773,0.658103895,0.002151671,0.339744434,0.009,0.008,24586,0.5113,0.4321,0.881,0.2164,0.4101,"Randolph County, IN",Q3,FALSE,0.25965
18137,IN,"Ripley County, IN",25469,0.063017786,0.281557972,0.655424241,0.131,0.123,28990,0.2062,0.2017,0.1654,0.0544,0.5447,"Ripley County, IN",Q1: Least vulnerable,FALSE,0.1646
18139,IN,"Rush County, IN",16617,0.646085334,0.005596678,0.348317988,0.015,0.015,16716,0.2125,0.5791,0.1604,0.0525,0.0843,"Rush County, IN",Q1: Least vulnerable,FALSE,0.11374999999999999
18141,IN,"St. Joseph County, IN",128889,0.720007138,0.073660281,0.206332581,0.034,0.031,272388,0.6134,0.5167,0.5358,0.6567,0.6882,"St. Joseph County, IN",Q3,FALSE,0.3222
18143,IN,"Scott County, IN",17033,0.215640228,0.044149592,0.74021018,0.126,0.115,24403,0.5807,0.6723,0.5052,0.0983,0.6662,"Scott County, IN",Q3,FALSE,0.34785
18145,IN,"Shelby County, IN",30570,0.625646058,0,0.374353942,0.019,0.018,44940,0.2832,0.2641,0.3427,0.2364,0.4528,"Shelby County, IN",Q2,FALSE,0.1506
18147,IN,"Spencer County, IN",17867,0.186153243,0.069569598,0.744277159,0.164,0.151,19935,0.0369,0.0665,0.1063,0.1037,0.097,"Spencer County, IN",Q1: Least vulnerable,FALSE,0.09395
18149,IN,"Starke County, IN",19589,0.342692327,0.048904998,0.608402675,0.094,0.093,23308,0.2829,0.4658,0.4413,0.2109,0.1355,"Starke County, IN",Q2,FALSE,0.18795
18151,IN,"Steuben County, IN",30860,0.275275437,0.225502268,0.499222294,0.061,0.057,34507,0.1651,0.2297,0.0538,0.1753,0.4582,"Steuben County, IN",Q1: Least vulnerable,FALSE,0.11105
18153,IN,"Sullivan County, IN",17201,0.361897564,0.064879949,0.573222487,0.061,0.06,20791,0.574,0.4992,0.5476,0.2536,0.7887,"Sullivan County, IN",Q3,FALSE,0.31699999999999995
18155,IN,"Switzerland County, IN",10219,0.005577845,0.14551326,0.848908895,0.164,0.148,9896,0.5886,0.6379,0.7432,0.0757,0.5514,"Switzerland County, IN",Q3,FALSE,0.3683
18157,IN,"Tippecanoe County, IN",73133,0.681976673,0.024653713,0.293369614,0.025,0.023,186955,0.5087,0.5107,0.0477,0.6211,0.8594,"Tippecanoe County, IN",Q3,FALSE,0.26585000000000003
18159,IN,"Tipton County, IN",13242,0.704349796,0,0.295650204,0.001,0.001,15328,0.0382,0.1849,0.0617,0.0821,0.0325,"Tipton County, IN",Q1: Least vulnerable,FALSE,0.0196
18161,IN,"Union County, IN",7879,0.237339764,0.251300927,0.51135931,0.038,0.037,7041,0.0897,0.3169,0.1903,0.0757,0.0267,"Union County, IN",Q1: Least vulnerable,FALSE,0.06335
18163,IN,"Vanderburgh County, IN",90216,0.590028376,0.087600869,0.322370755,0.112,0.104,179900,0.5612,0.5415,0.4518,0.4948,0.636,"Vanderburgh County, IN",Q3,FALSE,0.3326
18165,IN,"Vermillion County, IN",13972,0.328371028,0.231105067,0.440523905,0.074,0.075,15488,0.391,0.3777,0.7626,0.0264,0.3598,"Vermillion County, IN",Q2,FALSE,0.233
18167,IN,"Vigo County, IN",59946,0.487004971,0.083124812,0.429870217,0.092,0.088,106355,0.7286,0.776,0.3185,0.434,0.8711,"Vigo County, IN",Q3,FALSE,0.4083
18169,IN,"Wabash County, IN",24406,0.590633451,0.007375236,0.401991314,0.014,0.016,31032,0.147,0.1775,0.1947,0.1276,0.2905,"Wabash County, IN",Q1: Least vulnerable,FALSE,0.08149999999999999
18171,IN,"Warren County, IN",8746,0.354562086,0.062428539,0.583009376,0.037,0.036,8454,0.0315,0.0646,0.1849,0.0544,0.0477,"Warren County, IN",Q1: Least vulnerable,FALSE,0.03375
18173,IN,"Warrick County, IN",35689,0.244276948,0.190843117,0.564879935,0.208,0.198,64065,0.0194,0.0099,0.2084,0.2587,0.0465,"Warrick County, IN",Q1: Least vulnerable,FALSE,0.1087
18175,IN,"Washington County, IN",24828,0.114749476,0.082809731,0.802440793,0.116,0.107,28133,0.3382,0.4594,0.4696,0.0229,0.3268,"Washington County, IN",Q2,FALSE,0.2226
18177,IN,"Wayne County, IN",43842,0.599356781,0.032160942,0.368482277,0.041,0.04,66522,0.7515,0.7035,0.9084,0.377,0.63,"Wayne County, IN",Q4: Most vulnerable,FALSE,0.39575
18179,IN,"Wells County, IN",19664,0.669853539,0,0.330146461,0.003,0.002,28167,0.0531,0.064,0.293,0.1457,0.0878,"Wells County, IN",Q1: Least vulnerable,FALSE,0.02755
18181,IN,"White County, IN",22893,0.669855414,0,0.330144586,0.004,0.004,24630,0.2221,0.2851,0.6058,0.3484,0.0773,"White County, IN",Q1: Least vulnerable,FALSE,0.11305
18183,IN,"Whitley County, IN",25310,0.541604109,0.014184117,0.444211774,0.018,0.018,34259,0.0735,0.1588,0.2014,0.1339,0.0732,"Whitley County, IN",Q1: Least vulnerable,FALSE,0.04575
19001,IA,"Adair County, IA",10283,0.546241369,0.008655062,0.445103569,0.391,0.383,7479,0.0554,0.1133,0.1861,0.0881,0.0872,"Adair County, IA",Q1: Least vulnerable,FALSE,0.2192
19003,IA,"Adams County, IA",6638,0.293311238,0.166767099,0.539921663,0.452,0.432,3680,0.091,0.1257,0.3484,0.0821,0.1098,"Adams County, IA",Q1: Least vulnerable,FALSE,0.2615
19005,IA,"Allamakee County, IA",17971,0.244282455,0.17005175,0.585665795,0.264,0.245,14046,0.2164,0.1505,0.5982,0.3166,0.2269,"Allamakee County, IA",Q1: Least vulnerable,FALSE,0.23070000000000002
19007,IA,"Appanoose County, IA",13095,0.074455899,0.294158076,0.631386025,0.638,0.607,12279,0.4547,0.6634,0.3783,0.1094,0.3738,"Appanoose County, IA",Q2,FALSE,0.53085
19009,IA,"Audubon County, IA",9488,0.576833895,0.061340641,0.361825464,0.336,0.329,5651,0.0611,0.0846,0.3843,0.0579,0.0706,"Audubon County, IA",Q1: Least vulnerable,FALSE,0.19505
19011,IA,"Benton County, IA",25687,0.533149064,0.167711294,0.299139643,0.322,0.312,25652,0.007,0.0092,0.125,0.0474,0.0283,"Benton County, IA",Q1: Least vulnerable,FALSE,0.1595
19013,IA,"Black Hawk County, IA",72688,0.807863746,0.017416905,0.174719348,0.165,0.165,131041,0.5667,0.4308,0.441,0.5383,0.7992,"Black Hawk County, IA",Q3,FALSE,0.36585
19015,IA,"Boone County, IA",22905,0.466361057,0.158131412,0.375507531,0.129,0.132,26700,0.0255,0.0204,0.0321,0.1152,0.252,"Boone County, IA",Q1: Least vulnerable,FALSE,0.07875
19017,IA,"Bremer County, IA",20887,0.534112127,0.149231579,0.316656293,0.167,0.172,25012,0.021,0.0045,0.0894,0.1225,0.1766,"Bremer County, IA",Q1: Least vulnerable,FALSE,0.09649999999999999
19019,IA,"Buchanan County, IA",20726,0.686914986,0.028949146,0.284135868,0.075,0.081,20631,0.0655,0.077,0.2549,0.0407,0.1537,"Buchanan County, IA",Q1: Least vulnerable,FALSE,0.07325000000000001
19021,IA,"Buena Vista County, IA",17578,0.743827512,0.041130959,0.215041529,0.11,0.121,20687,0.6258,0.4123,0.6055,0.8263,0.7366,"Buena Vista County, IA",Q3,FALSE,0.3734
19023,IA,"Butler County, IA",18891,0.544968504,0.116351702,0.338679795,0.158,0.17,14376,0.0325,0.0827,0.1747,0.0407,0.0375,"Butler County, IA",Q1: Least vulnerable,FALSE,0.10125
19025,IA,"Calhoun County, IA",13026,0.72263166,0,0.27736834,0.025,0.03,9893,0.092,0.036,0.3398,0.1696,0.2593,"Calhoun County, IA",Q1: Least vulnerable,FALSE,0.061
19027,IA,"Carroll County, IA",20525,0.721120585,0.027186358,0.251693057,0.146,0.156,20728,0.0815,0.0344,0.2736,0.1409,0.2819,"Carroll County, IA",Q1: Least vulnerable,FALSE,0.11875
19029,IA,"Cass County, IA",14231,0.618368351,0.039069637,0.342562013,0.374,0.366,13116,0.2144,0.2609,0.3738,0.0881,0.2704,"Cass County, IA",Q1: Least vulnerable,FALSE,0.2902
19031,IA,"Cedar County, IA",19732,0.647020069,0.027974863,0.325005068,0.276,0.265,18479,0.0089,0.0146,0.0694,0.0675,0.0496,"Cedar County, IA",Q1: Least vulnerable,FALSE,0.13695000000000002
19033,IA,"Cerro Gordo County, IA",31822,0.824272516,0.001916913,0.173810571,0.066,0.073,42979,0.1343,0.0738,0.14,0.314,0.4531,"Cerro Gordo County, IA",Q1: Least vulnerable,FALSE,0.10364999999999999
19035,IA,"Cherokee County, IA",15208,0.538992635,0.062927407,0.398079958,0.178,0.187,11601,0.1546,0.1002,0.2103,0.265,0.4318,"Cherokee County, IA",Q1: Least vulnerable,FALSE,0.1708
19037,IA,"Chickasaw County, IA",15296,0.606367678,0.064722803,0.328909519,0.128,0.135,11957,0.0433,0.0582,0.3961,0.0544,0.0436,"Chickasaw County, IA",Q1: Least vulnerable,FALSE,0.08915000000000001
19039,IA,"Clarke County, IA",9319,0.085846121,0.28779912,0.626354759,0.584,0.567,9737,0.8107,0.6262,0.9141,0.552,0.8371,"Clarke County, IA",Q4: Most vulnerable,FALSE,0.68885
19041,IA,"Clay County, IA",16422,0.623431981,0.039520156,0.337047863,0.234,0.269,16423,0.1826,0.14,0.7407,0.1985,0.1199,"Clay County, IA",Q1: Least vulnerable,FALSE,0.2258
19043,IA,"Clayton County, IA",22812,0.165746099,0.330483956,0.503769946,0.192,0.185,17123,0.2752,0.2883,0.6048,0.0407,0.2981,"Clayton County, IA",Q2,FALSE,0.2301
19045,IA,"Clinton County, IA",36630,0.636800437,0.139284739,0.223914824,0.292,0.286,46488,0.3446,0.2949,0.6281,0.2914,0.3446,"Clinton County, IA",Q2,FALSE,0.3153
19047,IA,"Crawford County, IA",16986,0.607618038,0.003944425,0.388437537,0.286,0.302,16450,0.7563,0.5231,0.979,0.7448,0.5186,"Crawford County, IA",Q4: Most vulnerable,FALSE,0.52915
19049,IA,"Dallas County, IA",42985,0.659067116,0.041782017,0.299150867,0.288,0.283,100367,0.0515,0.0121,0.2186,0.4814,0.1394,"Dallas County, IA",Q1: Least vulnerable,FALSE,0.16724999999999998
19051,IA,"Davis County, IA",10485,0.07486886,0.195422031,0.729709108,0.632,0.599,9093,0.4585,0.4508,0.5329,0.0337,0.6437,"Davis County, IA",Q2,FALSE,0.52875
19053,IA,"Decatur County, IA",8793,0.11509155,0.209143637,0.675764813,0.624,0.599,7684,0.524,0.5234,0.1705,0.2364,0.8705,"Decatur County, IA",Q3,FALSE,0.5615
19055,IA,"Delaware County, IA",20988,0.566990661,0.101295979,0.33171336,0.078,0.081,17523,0.0248,0.0309,0.0805,0.0379,0.1406,"Delaware County, IA",Q1: Least vulnerable,FALSE,0.0529
19057,IA,"Des Moines County, IA",27842,0.520257165,0.253034983,0.226707851,0.42,0.398,38824,0.4174,0.2192,0.7967,0.4273,0.4655,"Des Moines County, IA",Q2,FALSE,0.4077
19059,IA,"Dickinson County, IA",18068,0.619991145,0.002601284,0.377407571,0.277,0.323,17692,0.055,0.0296,0.3395,0.1152,0.1505,"Dickinson County, IA",Q1: Least vulnerable,FALSE,0.189
19061,IA,"Dubuque County, IA",53163,0.480352877,0.211425239,0.308221884,0.19,0.184,98812,0.2281,0.1422,0.2148,0.3058,0.5762,"Dubuque County, IA",Q1: Least vulnerable,FALSE,0.20605
19063,IA,"Emmet County, IA",10564,0.607345702,0.022434684,0.370219614,0.204,0.229,9349,0.2494,0.1887,0.6338,0.4699,0.1791,"Emmet County, IA",Q1: Least vulnerable,FALSE,0.23920000000000002
19065,IA,"Fayette County, IA",22929,0.527149025,0.139430416,0.333420559,0.161,0.158,19519,0.2179,0.3583,0.2851,0.2294,0.1629,"Fayette County, IA",Q1: Least vulnerable,FALSE,0.18795
19067,IA,"Floyd County, IA",17125,0.678014599,0.019854015,0.302131387,0.124,0.129,15601,0.1196,0.0802,0.2542,0.3086,0.2501,"Floyd County, IA",Q1: Least vulnerable,FALSE,0.1243
19069,IA,"Franklin County, IA",14078,0.715371502,0,0.284628498,0.043,0.05,10015,0.2132,0.2797,0.6487,0.4613,0.0414,"Franklin County, IA",Q1: Least vulnerable,FALSE,0.1316
19071,IA,"Fremont County, IA",9132,0.417652212,0.149912396,0.432435392,0.432,0.448,6639,0.0146,0.0337,0.1896,0.1508,0.0124,"Fremont County, IA",Q1: Least vulnerable,FALSE,0.2313
19073,IA,"Greene County, IA",11489,0.591435286,0.028462007,0.380102707,0.093,0.103,8801,0.1664,0.104,0.6214,0.1572,0.2125,"Greene County, IA",Q1: Least vulnerable,FALSE,0.1347
19075,IA,"Grundy County, IA",14283,0.715745992,2.1004e-4,0.284043968,0.075,0.085,12351,0.0029,0.0029,0.0948,0.0379,0.0216,"Grundy County, IA",Q1: Least vulnerable,FALSE,0.04395
19077,IA,"Guthrie County, IA",13439,0.32673562,0.141826029,0.531438351,0.436,0.42,10619,0.0178,0.0484,0.1203,0.1094,0.0353,"Guthrie County, IA",Q1: Least vulnerable,FALSE,0.21889999999999998
19079,IA,"Hamilton County, IA",16007,0.676578997,0.030736553,0.292684451,0.054,0.062,14979,0.1289,0.0862,0.4146,0.3675,0.1712,"Hamilton County, IA",Q1: Least vulnerable,FALSE,0.09545
19081,IA,"Hancock County, IA",14260,0.710238429,0.002454418,0.287307153,0.029,0.037,10790,0.0713,0.0401,0.3392,0.2294,0.1467,"Hancock County, IA",Q1: Least vulnerable,FALSE,0.054150000000000004
19083,IA,"Hardin County, IA",18168,0.682188463,0.009412153,0.308399384,0.197,0.196,16861,0.1514,0.119,0.2825,0.2399,0.3061,"Hardin County, IA",Q1: Least vulnerable,FALSE,0.17370000000000002
19085,IA,"Harrison County, IA",15243,0.417109493,0.143475694,0.439414813,0.492,0.517,14623,0.0388,0.049,0.0643,0.0474,0.2024,"Harrison County, IA",Q1: Least vulnerable,FALSE,0.27790000000000004
19087,IA,"Henry County, IA",16518,0.583666303,0.063445938,0.352887759,0.429,0.405,20436,0.2001,0.1174,0.4967,0.3847,0.273,"Henry County, IA",Q1: Least vulnerable,FALSE,0.30255
19089,IA,"Howard County, IA",13164,0.605666971,0.022333637,0.371999392,0.09,0.094,9479,0.0846,0.1282,0.2024,0.0474,0.1645,"Howard County, IA",Q1: Least vulnerable,FALSE,0.08929999999999999
19091,IA,"Humboldt County, IA",10476,0.673825888,0.048491791,0.277682321,0.024,0.032,9606,0.1941,0.0815,0.8285,0.2265,0.1868,"Humboldt County, IA",Q1: Least vulnerable,FALSE,0.11305
19093,IA,"Ida County, IA",9986,0.609052674,0.002803925,0.388143401,0.198,0.212,6969,0.0445,0.0496,0.1995,0.1457,0.0999,"Ida County, IA",Q1: Least vulnerable,FALSE,0.12825
19095,IA,"Iowa County, IA",16921,0.480527156,0.156019148,0.363453697,0.475,0.459,16575,0.0484,0.0261,0.3245,0.1457,0.1228,"Iowa County, IA",Q1: Least vulnerable,FALSE,0.25370000000000004
19097,IA,"Jackson County, IA",22072,0.238628126,0.31596593,0.445405944,0.359,0.339,19470,0.078,0.1225,0.0999,0.0627,0.2265,"Jackson County, IA",Q1: Least vulnerable,FALSE,0.20850000000000002
19099,IA,"Jasper County, IA",31026,0.601205441,0.005060272,0.393734287,0.347,0.333,37808,0.2078,0.1693,0.4423,0.1985,0.3134,"Jasper County, IA",Q1: Least vulnerable,FALSE,0.27040000000000003
19101,IA,"Jefferson County, IA",14240,0.548033708,0.037921348,0.414044944,0.461,0.433,15785,0.6774,0.5339,0.5463,0.4683,0.9001,"Jefferson County, IA",Q3,FALSE,0.5552
19103,IA,"Johnson County, IA",57443,0.624183974,0.071427328,0.304388698,0.396,0.384,153360,0.3863,0.3408,0.0213,0.5829,0.8855,"Johnson County, IA",Q2,FALSE,0.38515
19105,IA,"Jones County, IA",19608,0.33624031,0.254793962,0.408965728,0.29,0.28,20733,0.1082,0.0471,0.342,0.1985,0.2873,"Jones County, IA",Q1: Least vulnerable,FALSE,0.19410000000000002
19107,IA,"Keokuk County, IA",14399,0.553927356,0.131398014,0.31467463,0.405,0.39,10026,0.0633,0.1623,0.5542,0.0264,0.0095,"Keokuk County, IA",Q1: Least vulnerable,FALSE,0.22665000000000002
19109,IA,"Kossuth County, IA",21727,0.632300824,0.066829291,0.300869885,0.03,0.042,14718,0.203,0.085,0.7168,0.1696,0.3099,"Kossuth County, IA",Q1: Least vulnerable,FALSE,0.12250000000000001
19111,IA,"Lee County, IA",28315,0.459826947,0.194879039,0.345294014,0.426,0.401,33442,0.2631,0.2504,0.4114,0.2781,0.336,"Lee County, IA",Q2,FALSE,0.33205
19113,IA,"Linn County, IA",114414,0.738117713,0.036551471,0.225330816,0.243,0.235,229308,0.1944,0.1009,0.2984,0.4588,0.3999,"Linn County, IA",Q1: Least vulnerable,FALSE,0.2147
19115,IA,"Louisa County, IA",11125,0.29941573,0.321617978,0.378966292,0.388,0.375,10823,0.2676,0.2106,0.5393,0.5679,0.2113,"Louisa County, IA",Q2,FALSE,0.32130000000000003
19117,IA,"Lucas County, IA",9652,0.038023208,0.31382097,0.648155823,0.613,0.588,8666,0.3458,0.3239,0.7302,0.0544,0.3328,"Lucas County, IA",Q2,FALSE,0.4669
19119,IA,"Lyon County, IA",16549,0.624086047,0.013233428,0.362680525,0.23,0.267,12023,0.0286,0.0105,0.2965,0.0675,0.0881,"Lyon County, IA",Q1: Least vulnerable,FALSE,0.14780000000000001
19121,IA,"Madison County, IA",15153,0.257836732,0.14254603,0.599617238,0.49,0.471,16609,0.0035,0.006,0.0869,0.0821,0.0194,"Madison County, IA",Q1: Least vulnerable,FALSE,0.23725
19123,IA,"Mahaska County, IA",20173,0.674961582,0.038417687,0.286620731,0.399,0.382,22059,0.1575,0.099,0.5161,0.182,0.2488,"Mahaska County, IA",Q1: Least vulnerable,FALSE,0.26975
19125,IA,"Marion County, IA",24332,0.507726451,0.042947559,0.44932599,0.463,0.442,33487,0.099,0.0248,0.2784,0.1094,0.4375,"Marion County, IA",Q1: Least vulnerable,FALSE,0.2705
19127,IA,"Marshall County, IA",27476,0.486206144,0.202249236,0.311544621,0.362,0.348,40049,0.6799,0.4149,0.6841,0.7003,0.8645,"Marshall County, IA",Q3,FALSE,0.5139499999999999
19129,IA,"Mills County, IA",13022,0.507909691,0.033558593,0.458531716,0.391,0.398,14605,0.0811,0.07,0.3054,0.1276,0.1709,"Mills County, IA",Q1: Least vulnerable,FALSE,0.23955
19131,IA,"Mitchell County, IA",14690,0.693328795,0,0.306671205,0.059,0.064,10537,0.085,0.1028,0.3433,0.0169,0.1362,"Mitchell County, IA",Q1: Least vulnerable,FALSE,0.07450000000000001
19133,IA,"Monona County, IA",11551,0.525668773,0.060860532,0.413470695,0.669,0.691,8671,0.0951,0.0999,0.4066,0.0983,0.1234,"Monona County, IA",Q1: Least vulnerable,FALSE,0.39304999999999995
19135,IA,"Monroe County, IA",8892,0.043072425,0.327372919,0.629554656,0.653,0.619,7574,0.1203,0.0932,0.1018,0.0675,0.5002,"Monroe County, IA",Q1: Least vulnerable,FALSE,0.36965
19137,IA,"Montgomery County, IA",11223,0.626303128,0.004276931,0.369419941,0.363,0.358,10285,0.1432,0.1744,0.5406,0.2062,0.0869,"Montgomery County, IA",Q1: Least vulnerable,FALSE,0.2506
19139,IA,"Muscatine County, IA",27803,0.649282452,0.067438766,0.283278783,0.373,0.358,42968,0.4792,0.2173,0.8212,0.6077,0.5329,"Muscatine County, IA",Q2,FALSE,0.41859999999999997
19141,IA,"O'Brien County, IA",17465,0.664242771,0.005782995,0.329974234,0.122,0.136,14138,0.3681,0.1234,0.6026,0.2733,0.784,"O'Brien County, IA",Q2,FALSE,0.25205
19143,IA,"Osceola County, IA",9842,0.637065637,0,0.362934363,0.079,0.109,6149,0.251,0.2593,0.776,0.3939,0.0665,"Osceola County, IA",Q2,FALSE,0.18
19145,IA,"Page County, IA",14918,0.591030969,0.011261563,0.397707467,0.352,0.346,15225,0.3878,0.3904,0.4327,0.265,0.4623,"Page County, IA",Q2,FALSE,0.3669
19147,IA,"Palo Alto County, IA",12047,0.710135303,0.010625052,0.279239645,0.162,0.194,8938,0.1422,0.0745,0.371,0.2536,0.3188,"Palo Alto County, IA",Q1: Least vulnerable,FALSE,0.1681
19149,IA,"Plymouth County, IA",26397,0.601128916,0.010114786,0.388756298,0.444,0.536,25621,0.0624,0.015,0.4664,0.3016,0.1158,"Plymouth County, IA",Q1: Least vulnerable,FALSE,0.2992
19151,IA,"Pocahontas County, IA",11666,0.788273616,0,0.211726384,0.022,0.03,7061,0.1476,0.2631,0.4836,0.2323,0.0417,"Pocahontas County, IA",Q1: Least vulnerable,FALSE,0.0888
19153,IA,"Polk County, IA",206691,0.791911598,0.02827409,0.179814312,0.283,0.28,493378,0.4477,0.2431,0.5947,0.5994,0.595,"Polk County, IA",Q2,FALSE,0.36385
19155,IA,"Pottawattamie County, IA",58463,0.697979919,0.020440278,0.281579803,0.355,0.37,93543,0.4944,0.2864,0.7448,0.4085,0.6312,"Pottawattamie County, IA",Q2,FALSE,0.43220000000000003
19157,IA,"Poweshiek County, IA",18299,0.575605224,0.058090606,0.36630417,0.396,0.382,18608,0.2348,0.2132,0.0665,0.2364,0.6946,"Poweshiek County, IA",Q1: Least vulnerable,FALSE,0.3084
19159,IA,"Ringgold County, IA",7754,0.271601754,0.046040753,0.682357493,0.57,0.559,4690,0.2176,0.1018,0.7556,0.0821,0.3261,"Ringgold County, IA",Q1: Least vulnerable,FALSE,0.38830000000000003
19161,IA,"Sac County, IA",15075,0.694328358,0,0.305671642,0.064,0.072,9778,0.0614,0.0605,0.1941,0.1152,0.1814,"Sac County, IA",Q1: Least vulnerable,FALSE,0.0667
19163,IA,"Scott County, IA",83491,0.811608437,0.041944641,0.146446922,0.331,0.313,174315,0.3252,0.1896,0.482,0.5581,0.4534,"Scott County, IA",Q2,FALSE,0.3191
19165,IA,"Shelby County, IA",15306,0.65536391,0,0.34463609,0.213,0.226,11737,0.029,0.0783,0.1193,0.1654,0.036,"Shelby County, IA",Q1: Least vulnerable,FALSE,0.1275
19167,IA,"Sioux County, IA",30697,0.68788481,0.0044304,0.30768479,0.181,0.205,35815,0.1311,0.0509,0.2625,0.4057,0.3458,"Sioux County, IA",Q1: Least vulnerable,FALSE,0.16804999999999998
19169,IA,"Story County, IA",40803,0.73457834,0.001176384,0.264245276,0.152,0.152,98573,0.2364,0.4521,0.001,0.4839,0.6974,"Story County, IA",Q1: Least vulnerable,FALSE,0.19419999999999998
19171,IA,"Tama County, IA",20122,0.442600139,0.158930524,0.398469337,0.481,0.465,17017,0.4384,0.35,0.7292,0.5476,0.293,"Tama County, IA",Q2,FALSE,0.4517
19173,IA,"Taylor County, IA",8651,0.354409895,0.062073749,0.583516356,0.456,0.444,5916,0.1292,0.1187,0.567,0.3503,0.0741,"Taylor County, IA",Q1: Least vulnerable,FALSE,0.2866
19175,IA,"Union County, IA",11133,0.515674122,0.063235426,0.421090452,0.498,0.482,12107,0.3767,0.3233,0.5991,0.1339,0.4887,"Union County, IA",Q2,FALSE,0.42935
19177,IA,"Van Buren County, IA",9913,0.073539796,0.296681126,0.629779078,0.564,0.531,7207,0.3608,0.5724,0.4292,0.0229,0.2424,"Van Buren County, IA",Q2,FALSE,0.4459
19179,IA,"Wapello County, IA",26482,0.405256401,0.208745563,0.385998036,0.567,0.532,35292,0.7852,0.6478,0.922,0.5383,0.728,"Wapello County, IA",Q4: Most vulnerable,FALSE,0.6586000000000001
19181,IA,"Warren County, IA",32007,0.376761333,0.096166464,0.527072203,0.498,0.475,52709,0.0741,0.0137,0.2389,0.1654,0.3761,"Warren County, IA",Q1: Least vulnerable,FALSE,0.27454999999999996
19183,IA,"Washington County, IA",21570,0.566713027,0.11015299,0.323133982,0.391,0.374,22534,0.1397,0.0948,0.6548,0.3016,0.1034,"Washington County, IA",Q1: Least vulnerable,FALSE,0.25685
19185,IA,"Wayne County, IA",8910,0.313468013,0.084624018,0.601907969,0.563,0.541,6484,0.4168,0.3105,0.8626,0.0881,0.405,"Wayne County, IA",Q2,FALSE,0.4789
19187,IA,"Webster County, IA",28058,0.490448357,0.246311212,0.263240431,0.083,0.09,36986,0.3439,0.2039,0.2844,0.4273,0.6977,"Webster County, IA",Q2,FALSE,0.21694999999999998
19189,IA,"Winnebago County, IA",10927,0.659467374,0.004118239,0.336414386,0.064,0.077,10704,0.1403,0.0286,0.6258,0.2914,0.2832,"Winnebago County, IA",Q1: Least vulnerable,FALSE,0.10865
19191,IA,"Winneshiek County, IA",22786,0.449398754,0.100105328,0.450495919,0.194,0.187,20050,0.0522,0.0337,0.0821,0.0735,0.3423,"Winneshiek County, IA",Q1: Least vulnerable,FALSE,0.1196
19193,IA,"Woodbury County, IA",54150,0.669141274,0.093979686,0.23687904,0.6,0.654,105526,0.7197,0.4804,0.8766,0.6752,0.7276,"Woodbury County, IA",Q3,FALSE,0.68685
19195,IA,"Worth County, IA",10111,0.629611314,8.9012e-4,0.369498566,0.089,0.104,7417,0.0232,0.0585,0.0802,0.1037,0.0675,"Worth County, IA",Q1: Least vulnerable,FALSE,0.06359999999999999
19197,IA,"Wright County, IA",13954,0.750680808,0,0.249319192,0.025,0.034,12897,0.3971,0.1464,0.9742,0.4814,0.2351,"Wright County, IA",Q2,FALSE,0.21555000000000002
20001,KS,"Allen County, KS",11682,0.487758945,0.008217771,0.504023284,0.483,0.487,12554,0.5854,0.5702,0.6433,0.3217,0.6115,"Allen County, KS",Q3,FALSE,0.5362
20003,KS,"Anderson County, KS",8885,0.08745076,0.298480585,0.614068655,0.546,0.578,7799,0.4085,0.5854,0.7595,0.1928,0.105,"Anderson County, KS",Q2,FALSE,0.49324999999999997
20005,KS,"Atchison County, KS",14046,0.226185391,0.232592909,0.5412217,0.595,0.588,16309,0.4728,0.3859,0.3535,0.3824,0.7181,"Atchison County, KS",Q2,FALSE,0.5304
20007,KS,"Barber County, KS",6204,0.085106383,0.460992908,0.453900709,0.973,0.967,4081,0.5107,0.42,0.7531,0.3847,0.476,"Barber County, KS",Q3,FALSE,0.73885
20009,KS,"Barton County, KS",21729,0.508583,0.215380367,0.276036633,0.476,0.572,25477,0.7006,0.5562,0.9847,0.5269,0.3716,"Barton County, KS",Q3,FALSE,0.6363
20011,KS,"Bourbon County, KS",13008,0.136915744,0.254612546,0.60847171,0.6,0.587,14405,0.5126,0.4057,0.707,0.328,0.5647,"Bourbon County, KS",Q3,FALSE,0.5498
20013,KS,"Brown County, KS",11280,0.567641844,0.007269504,0.425088652,0.505,0.501,9486,0.1893,0.3188,0.3258,0.5183,0.0544,"Brown County, KS",Q1: Least vulnerable,FALSE,0.34515
20015,KS,"Butler County, KS",43246,0.374254266,0.128034963,0.497710771,0.841,0.884,67618,0.1295,0.0818,0.2173,0.3917,0.2927,"Butler County, KS",Q1: Least vulnerable,FALSE,0.50675
20017,KS,"Chase County, KS",3796,0.009483667,0.301369863,0.68914647,0.872,0.909,2570,0.2358,0.2246,0.482,0.3503,0.216,"Chase County, KS",Q1: Least vulnerable,FALSE,0.5724
20019,KS,"Chautauqua County, KS",5237,1.90949e-4,0.229329769,0.770479282,0.959,0.962,3389,0.5781,0.6557,0.5186,0.4613,0.4881,"Chautauqua County, KS",Q3,FALSE,0.7700499999999999
20021,KS,"Cherokee County, KS",17558,0.191422713,0.263355735,0.545221551,0.419,0.404,19380,0.4718,0.4598,0.5816,0.4018,0.4346,"Cherokee County, KS",Q2,FALSE,0.4379
20023,KS,"Cheyenne County, KS",5064,0.137045814,0.283965245,0.578988942,0.544,0.564,2619,0.2953,0.4858,0.8056,0.3058,0.0213,"Cheyenne County, KS",Q2,FALSE,0.42965
20025,KS,"Clark County, KS",2869,0.176716626,0.28755664,0.535726734,0.975,0.962,1977,0.2354,0.0528,0.9424,0.4445,0.1604,"Clark County, KS",Q1: Least vulnerable,FALSE,0.5987
20027,KS,"Clay County, KS",9936,0.519927536,0.023852657,0.456219807,0.599,0.703,8088,0.4636,0.1814,0.8743,0.1985,0.7086,"Clay County, KS",Q2,FALSE,0.5832999999999999
20029,KS,"Cloud County, KS",9872,0.628646677,0.016106159,0.355247164,0.395,0.426,9008,0.3427,0.4454,0.3611,0.2692,0.3137,"Cloud County, KS",Q2,FALSE,0.38434999999999997
20031,KS,"Coffey County, KS",9133,0.24614037,0.168071827,0.585787802,0.752,0.798,8334,0.2743,0.2599,0.7477,0.1985,0.1798,"Coffey County, KS",Q2,FALSE,0.53615
20033,KS,"Comanche County, KS",2804,0.006776034,0.413338088,0.579885877,0.996,0.993,1825,0.2577,0.125,0.8594,0.0264,0.3344,"Comanche County, KS",Q2,FALSE,0.62535
20035,KS,"Cowley County, KS",26762,0.27131754,0.256856737,0.471825723,0.873,0.914,34661,0.7871,0.5441,0.9411,0.5616,0.8164,"Cowley County, KS",Q4: Most vulnerable,TRUE,0.85055
20037,KS,"Crawford County, KS",26983,0.448319312,0.066115702,0.485564985,0.45,0.43,39012,0.7213,0.6023,0.4108,0.42,0.965,"Crawford County, KS",Q3,FALSE,0.57565
20039,KS,"Decatur County, KS",5004,0.084732214,0.401478817,0.513788969,0.306,0.323,2771,0.0681,0.1747,0.3913,0.1985,0.0115,"Decatur County, KS",Q1: Least vulnerable,FALSE,0.19555
20041,KS,"Dickinson County, KS",19249,0.460023897,0.072783002,0.467193101,0.595,0.699,18492,0.1884,0.168,0.4569,0.3166,0.1969,"Dickinson County, KS",Q1: Least vulnerable,FALSE,0.4437
20043,KS,"Doniphan County, KS",9030,0.292026578,0.218161683,0.489811739,0.438,0.426,7501,0.1861,0.238,0.0185,0.3166,0.5921,"Doniphan County, KS",Q1: Least vulnerable,FALSE,0.30605
20045,KS,"Douglas County, KS",45855,0.509606368,0.132918984,0.357474648,0.513,0.509,119094,0.3602,0.4738,0.007,0.574,0.7964,"Douglas County, KS",Q2,FALSE,0.4346
20047,KS,"Edwards County, KS",4038,0.234274393,0.326894502,0.438831105,0.506,0.653,2849,0.4639,0.3726,0.9615,0.6179,0.0923,"Edwards County, KS",Q2,FALSE,0.55845
20049,KS,"Elk County, KS",4585,0.006543075,0.252562704,0.74089422,0.955,0.965,2453,0.336,0.4922,0.7041,0.3446,0.0624,"Elk County, KS",Q2,FALSE,0.6505
20051,KS,"Ellis County, KS",18541,0.53141686,0.173075886,0.295507254,0.461,0.489,28921,0.2393,0.3557,0.0331,0.3446,0.4951,"Ellis County, KS",Q1: Least vulnerable,FALSE,0.36415
20053,KS,"Ellsworth County, KS",7554,0.328832407,0.179904686,0.491262907,0.701,0.763,6374,0.1731,0.1721,0.0563,0.4356,0.4572,"Ellsworth County, KS",Q1: Least vulnerable,FALSE,0.46805
20055,KS,"Finney County, KS",18475,0.588092016,0.152909337,0.258998647,0.353,0.37,38187,0.8966,0.8346,0.7366,0.9224,0.895,"Finney County, KS",Q4: Most vulnerable,FALSE,0.6333
20057,KS,"Ford County, KS",18155,0.421646929,0.232608097,0.345744974,0.606,0.666,34212,0.7359,0.5492,0.7283,0.9294,0.7187,"Ford County, KS",Q3,FALSE,0.70095
20059,KS,"Franklin County, KS",19469,0.413066927,0.030304587,0.556628486,0.524,0.528,25968,0.224,0.2472,0.3347,0.3058,0.2558,"Franklin County, KS",Q1: Least vulnerable,FALSE,0.376
20061,KS,"Geary County, KS",15955,0.559511125,0.137449076,0.303039799,0.835,0.862,36247,0.7353,0.5832,0.8556,0.8279,0.5797,"Geary County, KS",Q3,FALSE,0.79865
20063,KS,"Gove County, KS",4806,0.237619642,0.185185185,0.577195173,0.367,0.383,2758,0.0372,0.1441,0.3516,0.0821,0.0045,"Gove County, KS",Q1: Least vulnerable,FALSE,0.2101
20065,KS,"Graham County, KS",4363,0.013064405,0.438918176,0.548017419,0.454,0.479,2430,0.2765,0.49,0.6147,0.3697,0.0344,"Graham County, KS",Q2,FALSE,0.37775000000000003
20067,KS,"Grant County, KS",5877,0.04815382,0.58839544,0.36345074,0.597,0.619,7336,0.3363,0.3646,0.2208,0.8804,0.2332,"Grant County, KS",Q2,FALSE,0.47765
20069,KS,"Gray County, KS",5805,0.224461671,0.252713178,0.522825151,0.337,0.355,5719,0.2816,0.2685,0.35,0.5371,0.2825,"Gray County, KS",Q2,FALSE,0.3183
20071,KS,"Greeley County, KS",2180,0.01559633,0.469266055,0.515137615,0.291,0.318,1279,0.2689,0.1241,0.8969,0.5727,0.1254,"Greeley County, KS",Q2,FALSE,0.29345
20073,KS,"Greenwood County, KS",8983,0.004341534,0.309807414,0.685851052,0.922,0.947,6001,0.2978,0.3229,0.7919,0.2536,0.1209,"Greenwood County, KS",Q2,FALSE,0.6224
20075,KS,"Hamilton County, KS",3003,0.005994006,0.477855478,0.516150516,0.539,0.571,2520,0.3398,0.3334,0.433,0.7251,0.2062,"Hamilton County, KS",Q2,FALSE,0.45539999999999997
20077,KS,"Harper County, KS",7278,0.50714482,0.094531465,0.398323715,0.785,0.825,5457,0.6316,0.5431,0.9905,0.363,0.2307,"Harper County, KS",Q3,FALSE,0.7283
20079,KS,"Harvey County, KS",22215,0.727121314,0.003376097,0.269502588,0.459,0.529,33959,0.4193,0.2739,0.6223,0.5119,0.4795,"Harvey County, KS",Q2,FALSE,0.47415
20081,KS,"Haskell County, KS",4006,0.586370444,0.005741388,0.407888168,0.428,0.447,3735,0.4143,0.5132,0.2574,0.72,0.2625,"Haskell County, KS",Q2,FALSE,0.43065
20083,KS,"Hodgeman County, KS",3351,0.04983587,0.290062668,0.660101462,0.446,0.472,1770,0.0646,0.0786,0.7404,0.2587,0.007,"Hodgeman County, KS",Q1: Least vulnerable,FALSE,0.2683
20085,KS,"Jackson County, KS",13203,0.111338332,0.111641294,0.777020374,0.808,0.797,13274,0.2472,0.1371,0.8005,0.4741,0.1511,"Jackson County, KS",Q1: Least vulnerable,FALSE,0.5221
20087,KS,"Jefferson County, KS",16635,0.061076044,0.176735798,0.762188157,0.665,0.654,18387,0.0197,0.1072,0.0522,0.1928,0.0261,"Jefferson County, KS",Q1: Least vulnerable,FALSE,0.33685000000000004
20089,KS,"Jewell County, KS",6954,0.371728502,0.090307737,0.537963762,0.318,0.335,2929,0.0455,0.1572,0.1677,0.1696,0.021,"Jewell County, KS",Q1: Least vulnerable,FALSE,0.19025
20091,KS,"Johnson County, KS",205817,0.747571872,0.055593075,0.196835052,0.362,0.351,610742,0.0605,0.0439,0.1976,0.5542,0.0808,"Johnson County, KS",Q1: Least vulnerable,FALSE,0.20575
20093,KS,"Kearny County, KS",3945,0.054499366,0.459569075,0.485931559,0.365,0.386,3964,0.5358,0.5641,0.9198,0.7591,0.0792,"Kearny County, KS",Q3,FALSE,0.46090000000000003
20095,KS,"Kingman County, KS",9614,0.193363844,0.243811109,0.562825047,0.789,0.816,7369,0.1079,0.2631,0.0897,0.2485,0.1018,"Kingman County, KS",Q1: Least vulnerable,FALSE,0.46194999999999997
20097,KS,"Kiowa County, KS",3267,0.371594735,0.102540557,0.525864708,0.947,0.95,2445,0.2879,0.2749,0.5425,0.3446,0.2498,"Kiowa County, KS",Q2,FALSE,0.61895
20099,KS,"Labette County, KS",17809,0.357235106,0.100904037,0.541860857,0.43,0.419,20096,0.4941,0.3341,0.8317,0.4445,0.4502,"Labette County, KS",Q2,FALSE,0.45655
20101,KS,"Lane County, KS",3082,0.087605451,0.383517197,0.528877352,0.389,0.412,1528,0.0716,0.1384,0.4502,0.4613,0.0073,"Lane County, KS",Q1: Least vulnerable,FALSE,0.2418
20103,KS,"Leavenworth County, KS",40802,0.203641978,0.193912063,0.602445959,0.519,0.503,82050,0.2475,0.2068,0.146,0.5581,0.4416,"Leavenworth County, KS",Q1: Least vulnerable,FALSE,0.37525
20105,KS,"Lincoln County, KS",5790,0.188082902,0.277547496,0.534369603,0.499,0.544,2929,0.1021,0.1581,0.3481,0.1508,0.0805,"Lincoln County, KS",Q1: Least vulnerable,FALSE,0.32305
20107,KS,"Linn County, KS",11015,0.166318656,0.107217431,0.726463913,0.521,0.506,9696,0.2733,0.461,0.3315,0.2265,0.1731,"Linn County, KS",Q2,FALSE,0.38965
20109,KS,"Logan County, KS",3625,0.501793103,0.028965517,0.469241379,0.404,0.42,2752,0.28,0.16,0.9787,0.3058,0.062,"Logan County, KS",Q2,FALSE,0.35
20111,KS,"Lyon County, KS",20517,0.528927231,0.041185358,0.42988741,0.852,0.891,32182,0.7222,0.6153,0.3325,0.6656,0.9376,"Lyon County, KS",Q3,FALSE,0.8066
20113,KS,"McPherson County, KS",23349,0.664311105,0.015589533,0.320099362,0.595,0.676,30085,0.1635,0.1311,0.2469,0.2781,0.3462,"McPherson County, KS",Q1: Least vulnerable,FALSE,0.41975
20115,KS,"Marion County, KS",14544,0.405528053,0.075770077,0.51870187,0.603,0.696,11867,0.1355,0.1619,0.3233,0.2234,0.1569,"Marion County, KS",Q1: Least vulnerable,FALSE,0.41574999999999995
20117,KS,"Marshall County, KS",13372,0.263685313,0.26720012,0.469114568,0.637,0.724,10014,0.181,0.1397,0.4391,0.1339,0.308,"Marshall County, KS",Q1: Least vulnerable,FALSE,0.4525
20119,KS,"Meade County, KS",4835,0.232264736,0.255015512,0.512719752,0.946,0.938,4019,0.2628,0.2119,0.6697,0.6204,0.1174,"Meade County, KS",Q2,FALSE,0.6003999999999999
20121,KS,"Miami County, KS",24098,0.151755332,0.145323263,0.702921404,0.461,0.449,34312,0.0757,0.0729,0.2927,0.2294,0.1215,"Miami County, KS",Q1: Least vulnerable,FALSE,0.26235
20123,KS,"Mitchell County, KS",7916,0.650202122,0.036003032,0.313794846,0.323,0.35,5829,0.1285,0.1101,0.3815,0.1572,0.2059,"Mitchell County, KS",Q1: Least vulnerable,FALSE,0.23925
20125,KS,"Montgomery County, KS",25444,0.379893099,0.115272756,0.504834146,0.743,0.752,31448,0.8209,0.6993,0.8785,0.5616,0.825,"Montgomery County, KS",Q4: Most vulnerable,TRUE,0.78645
20127,KS,"Morris County, KS",7766,0.146149884,0.180530518,0.673319598,0.823,0.865,5385,0.1569,0.1534,0.5364,0.3016,0.1164,"Morris County, KS",Q1: Least vulnerable,FALSE,0.51095
20129,KS,"Morton County, KS",3499,0.071734781,0.437267791,0.490997428,0.85,0.841,2688,0.3077,0.3411,0.8549,0.6567,0.0245,"Morton County, KS",Q2,FALSE,0.5743499999999999
20131,KS,"Nemaha County, KS",13264,0.520506634,0.032267793,0.447225573,0.695,0.729,10219,0.057,0.0426,0.181,0.0881,0.2106,"Nemaha County, KS",Q1: Least vulnerable,FALSE,0.393
20133,KS,"Neosho County, KS",14337,0.477715003,0.029713329,0.492571668,0.456,0.446,15826,0.6911,0.5367,0.8759,0.3503,0.7311,"Neosho County, KS",Q3,FALSE,0.56855
20135,KS,"Ness County, KS",5428,0.06890199,0.364775239,0.566322771,0.389,0.416,2677,0.0999,0.1126,0.4858,0.4973,0.027,"Ness County, KS",Q1: Least vulnerable,FALSE,0.25795
20137,KS,"Norton County, KS",6336,0.232165404,0.308869949,0.458964646,0.378,0.392,5431,0.223,0.3045,0.3277,0.3917,0.1546,"Norton County, KS",Q1: Least vulnerable,FALSE,0.3075
20139,KS,"Osage County, KS",14860,0.274899058,0.066352624,0.658748318,0.712,0.762,15787,0.1909,0.2784,0.4302,0.182,0.1269,"Osage County, KS",Q1: Least vulnerable,FALSE,0.47645
20141,KS,"Osborne County, KS",6234,0.214469041,0.376323388,0.409207571,0.426,0.453,3493,0.0687,0.0716,0.517,0.1572,0.0515,"Osborne County, KS",Q1: Least vulnerable,FALSE,0.26085
20143,KS,"Ottawa County, KS",7062,0.410506939,0.069951855,0.519541206,0.617,0.697,5768,0.042,0.1336,0.1817,0.1409,0.0232,"Ottawa County, KS",Q1: Least vulnerable,FALSE,0.3695
20145,KS,"Pawnee County, KS",6453,0.352239269,0.26530296,0.382457772,0.352,0.418,6288,0.3019,0.2475,0.1734,0.4658,0.5727,"Pawnee County, KS",Q2,FALSE,0.35995
20147,KS,"Phillips County, KS",7677,0.388302722,0.190829751,0.420867526,0.42,0.441,4960,0.3137,0.3423,0.6484,0.1753,0.2374,"Phillips County, KS",Q2,FALSE,0.37734999999999996
20149,KS,"Pottawatomie County, KS",18198,0.135784152,0.283712496,0.580503352,0.858,0.889,25482,0.0544,0.0191,0.0993,0.3322,0.2889,"Pottawatomie County, KS",Q1: Least vulnerable,FALSE,0.4717
20151,KS,"Pratt County, KS",8607,0.567445103,0.087719298,0.344835599,0.814,0.852,9175,0.3341,0.252,0.7754,0.3917,0.2234,"Pratt County, KS",Q2,FALSE,0.59305
20153,KS,"Rawlins County, KS",5434,0.022819286,0.350570482,0.626610232,0.377,0.393,2544,0.3958,0.1928,0.8772,0.335,0.4123,"Rawlins County, KS",Q2,FALSE,0.3944
20155,KS,"Reno County, KS",41850,0.625997611,0.044802867,0.329199522,0.84,0.883,61881,0.5011,0.4314,0.6153,0.4725,0.5072,"Reno County, KS",Q3,FALSE,0.69205
20157,KS,"Republic County, KS",8725,0.493065903,0.065329513,0.441604585,0.257,0.299,4686,0.041,0.0445,0.2918,0.0881,0.0655,"Republic County, KS",Q1: Least vulnerable,FALSE,0.16999999999999998
20159,KS,"Rice County, KS",9666,0.639561349,0.022656735,0.337781916,0.79,0.848,9441,0.1823,0.1387,0.5927,0.5148,0.1031,"Rice County, KS",Q1: Least vulnerable,FALSE,0.51515
20161,KS,"Riley County, KS",28066,0.355804176,0.353345685,0.290850139,0.838,0.869,72105,0.567,0.5733,0.0503,0.5978,0.9287,"Riley County, KS",Q3,FALSE,0.718
20163,KS,"Rooks County, KS",6572,0.352099817,0.262629337,0.385270846,0.466,0.494,4925,0.071,0.0277,0.224,0.1037,0.3185,"Rooks County, KS",Q1: Least vulnerable,FALSE,0.2825
20165,KS,"Rush County, KS",5367,0.420346562,0.048816844,0.530836594,0.314,0.34,2939,0.0916,0.2844,0.1164,0.3446,0.0296,"Rush County, KS",Q1: Least vulnerable,FALSE,0.21580000000000002
20167,KS,"Russell County, KS",8685,0.181001727,0.386989062,0.432009211,0.543,0.577,6702,0.3226,0.5857,0.3703,0.2914,0.1133,"Russell County, KS",Q2,FALSE,0.4498
20169,KS,"Saline County, KS",30744,0.759205048,0.017596929,0.223198022,0.621,0.705,54160,0.5008,0.3691,0.7248,0.5406,0.4642,"Saline County, KS",Q3,FALSE,0.6029
20171,KS,"Scott County, KS",5329,0.635203603,0.036216926,0.328579471,0.278,0.31,5128,0.4349,0.2841,0.9176,0.5953,0.1893,"Scott County, KS",Q2,FALSE,0.37245
20173,KS,"Sedgwick County, KS",229206,0.85600726,0.007861923,0.136130817,0.463,0.543,522700,0.7292,0.6596,0.8123,0.7098,0.5562,"Sedgwick County, KS",Q3,FALSE,0.6361
20175,KS,"Seward County, KS",11074,0.559418458,0.153512733,0.28706881,0.86,0.852,21942,0.8578,0.7871,0.7429,0.966,0.7954,"Seward County, KS",Q4: Most vulnerable,TRUE,0.8549
20177,KS,"Shawnee County, KS",90707,0.642166536,0.027351803,0.330481661,0.641,0.653,178625,0.6137,0.3869,0.7095,0.6398,0.7486,"Shawnee County, KS",Q3,FALSE,0.6333500000000001
20179,KS,"Sheridan County, KS",4675,0.125561497,0.272085561,0.602352941,0.305,0.325,2450,0.0706,0.0404,0.5355,0.2234,0.0757,"Sheridan County, KS",Q1: Least vulnerable,FALSE,0.1978
20181,KS,"Sherman County, KS",6656,0.563251202,0.028245192,0.408503606,0.358,0.375,5940,0.4992,0.4082,0.8956,0.4741,0.2494,"Sherman County, KS",Q2,FALSE,0.4371
20183,KS,"Smith County, KS",6919,0.492267669,0.096834803,0.410897529,0.376,0.396,3561,0.0404,0.0792,0.3128,0.1152,0.029,"Smith County, KS",Q1: Least vulnerable,FALSE,0.2182
20185,KS,"Stafford County, KS",5781,0.512714063,0.078706106,0.40857983,0.805,0.867,4054,0.2272,0.1782,0.8031,0.4814,0.0671,"Stafford County, KS",Q1: Least vulnerable,FALSE,0.5471
20187,KS,"Stanton County, KS",2579,0.416052734,0.085304382,0.498642885,0.616,0.651,2060,0.3786,0.5603,0.3999,0.8225,0.063,"Stanton County, KS",Q2,FALSE,0.5148
20189,KS,"Stevens County, KS",4857,0.41527692,0.160798847,0.423924233,0.736,0.75,5275,0.6879,0.63,0.7257,0.797,0.4992,"Stevens County, KS",Q3,FALSE,0.71895
20191,KS,"Sumner County, KS",21228,0.564396081,0.039381948,0.396221971,0.32,0.376,22517,0.3322,0.3783,0.3929,0.3535,0.3124,"Sumner County, KS",Q2,FALSE,0.35409999999999997
20193,KS,"Thomas County, KS",7802,0.489618047,0.077672392,0.432709562,0.195,0.219,7907,0.1247,0.1021,0.3948,0.2628,0.1572,"Thomas County, KS",Q1: Least vulnerable,FALSE,0.17185
20195,KS,"Trego County, KS",4932,0.041970803,0.364760746,0.593268451,0.414,0.436,2798,0.0105,0.0506,0.0417,0.0089,0.0563,"Trego County, KS",Q1: Least vulnerable,FALSE,0.22325
20197,KS,"Wabaunsee County, KS",8507,0.051604561,0.24203597,0.706359469,0.884,0.918,6922,0.0636,0.0458,0.3761,0.2733,0.0859,"Wabaunsee County, KS",Q1: Least vulnerable,FALSE,0.4908
20199,KS,"Wallace County, KS",2573,0.023707734,0.359891178,0.616401088,0.413,0.431,1489,0.1756,0.0891,0.7865,0.3166,0.1219,"Wallace County, KS",Q1: Least vulnerable,FALSE,0.3033
20201,KS,"Washington County, KS",10468,0.441918227,0.040982041,0.517099733,0.578,0.701,5529,0.0802,0.029,0.6013,0.1928,0.1126,"Washington County, KS",Q1: Least vulnerable,FALSE,0.39059999999999995
20203,KS,"Wichita County, KS",3453,0.348971908,0.085432957,0.565595135,0.275,0.306,2131,0.4858,0.3455,0.9583,0.6437,0.1473,"Wichita County, KS",Q2,FALSE,0.39590000000000003
20205,KS,"Wilson County, KS",9637,0.31856386799999997,0.114766006,0.566670126,0.778,0.804,8667,0.4566,0.3898,0.8533,0.2485,0.3207,"Wilson County, KS",Q2,FALSE,0.6303000000000001
20207,KS,"Woodson County, KS",4623,0.051914341,0.233181917,0.714903742,0.805,0.828,3134,0.2491,0.4174,0.5877,0.1861,0.0681,"Woodson County, KS",Q1: Least vulnerable,FALSE,0.53855
20209,KS,"Wyandotte County, KS",67558,0.708043459,0.058793925,0.233162616,0.382,0.366,167989,0.9386,0.9612,0.8941,0.9227,0.678,"Wyandotte County, KS",Q4: Most vulnerable,FALSE,0.6523
21001,KY,"Adair County, KY",19644,0.022449603,0.064803502,0.912746895,0.336,0.303,18887,0.6026,0.7461,0.2109,0.2265,0.7735,"Adair County, KY",Q3,FALSE,0.4528
21003,KY,"Allen County, KY",17619,6.81083e-4,0.09018673,0.909132187,0.213,0.198,20773,0.6484,0.7563,0.7617,0.0932,0.5288,"Allen County, KY",Q3,FALSE,0.4232
21005,KY,"Anderson County, KY",15704,0,0.238155884,0.761844116,0.179,0.167,23839,0.0843,0.2908,0.3968,0.1696,0.0051,"Anderson County, KY",Q1: Least vulnerable,FALSE,0.12565
21007,KY,"Ballard County, KY",8477,0.206087059,0.155597499,0.638315442,0.217,0.208,7742,0.2507,0.2574,0.2039,0.2164,0.4757,"Ballard County, KY",Q2,FALSE,0.22935
21009,KY,"Barren County, KY",34941,0.079848888,0.096247961,0.823903151,0.226,0.211,44511,0.7919,0.7916,0.9068,0.3118,0.6599,"Barren County, KY",Q4: Most vulnerable,FALSE,0.5014500000000001
21011,KY,"Bath County, KY",12550,7.17131e-4,0.08876494,0.910517928,0.391,0.36,12739,0.5269,0.5075,0.5772,0.0544,0.7108,"Bath County, KY",Q3,FALSE,0.44345
21013,KY,"Bell County, KY",15795,0,0.311490978,0.688509022,0.902,0.864,24248,0.7782,0.9319,0.4187,0.1339,0.818,"Bell County, KY",Q4: Most vulnerable,TRUE,0.8210999999999999
21015,KY,"Boone County, KY",50684,0.165653855,0.289381264,0.54496488,0.13,0.12,136150,0.1177,0.0369,0.4731,0.4146,0.1877,"Boone County, KY",Q1: Least vulnerable,FALSE,0.11885
21017,KY,"Bourbon County, KY",16606,0,0.315428158,0.684571842,0.217,0.202,20228,0.5237,0.6691,0.6583,0.4416,0.2122,"Bourbon County, KY",Q3,FALSE,0.36285
21019,KY,"Boyd County, KY",28192,0.195587401,0.369147276,0.435265323,0.557,0.51,48242,0.6704,0.637,0.7585,0.1985,0.7315,"Boyd County, KY",Q3,FALSE,0.5902000000000001
21021,KY,"Boyle County, KY",18499,0.128817774,0.113411536,0.75777069,0.266,0.24,30613,0.5304,0.6402,0.5339,0.4407,0.357,"Boyle County, KY",Q3,FALSE,0.3852
21023,KY,"Bracken County, KY",9453,0.001057865,0.079974611,0.918967524,0.17,0.151,8420,0.2568,0.4432,0.2908,0.0337,0.2364,"Bracken County, KY",Q2,FALSE,0.20389999999999997
21025,KY,"Breathitt County, KY",10624,0,0.107021837,0.892978163,0.913,0.875,13580,0.6962,0.7111,0.4445,0.0169,0.9497,"Breathitt County, KY",Q3,FALSE,0.7856000000000001
21027,KY,"Breckinridge County, KY",23092,0.001472371,0.11675039,0.881777239,0.191,0.18,20528,0.6481,0.7197,0.8279,0.1508,0.4976,"Breckinridge County, KY",Q3,FALSE,0.41405000000000003
21029,KY,"Bullitt County, KY",46494,0.044822988,0.311459543,0.643717469,0.179,0.169,82482,0.1779,0.1922,0.4648,0.1928,0.1728,"Bullitt County, KY",Q1: Least vulnerable,FALSE,0.17345
21031,KY,"Butler County, KY",11631,0,0.071618949,0.928381051,0.25,0.228,12365,0.7623,0.7658,0.7996,0.1152,0.8043,"Butler County, KY",Q4: Most vulnerable,FALSE,0.49515
21033,KY,"Caldwell County, KY",11814,0.03411207,0.215507026,0.750380904,0.212,0.203,12635,0.7184,0.6592,0.819,0.3058,0.7216,"Caldwell County, KY",Q3,FALSE,0.4607
21035,KY,"Calloway County, KY",25711,0.148769009,0.128505309,0.722725682,0.299,0.276,37345,0.5482,0.6363,0.1301,0.3322,0.7996,"Calloway County, KY",Q3,FALSE,0.4121
21037,KY,"Campbell County, KY",39742,0.39099693,0.082129737,0.526873333,0.127,0.117,93122,0.2103,0.2001,0.1024,0.2444,0.5542,"Campbell County, KY",Q1: Least vulnerable,FALSE,0.16365
21039,KY,"Carlisle County, KY",5463,0.219842577,0.091341754,0.688815669,0.215,0.207,4782,0.4225,0.5918,0.5059,0.1928,0.2453,"Carlisle County, KY",Q2,FALSE,0.31475
21041,KY,"Carroll County, KY",8379,4.77384e-4,0.310896288,0.688626328,0.171,0.155,10842,0.8886,0.8743,0.9609,0.3723,0.7894,"Carroll County, KY",Q4: Most vulnerable,FALSE,0.5217999999999999
21043,KY,"Carter County, KY",23751,0,0.132668098,0.867331902,0.541,0.495,26671,0.5581,0.7639,0.3808,0.0455,0.5708,"Carter County, KY",Q3,FALSE,0.5265500000000001
21045,KY,"Casey County, KY",18263,0,0.057602803,0.942397197,0.339,0.31,15942,0.8361,0.9376,0.6122,0.0881,0.8886,"Casey County, KY",Q4: Most vulnerable,FALSE,0.57305
21047,KY,"Christian County, KY",39936,0.339067508,0.069160657,0.591771835,0.212,0.202,72766,0.9469,0.929,0.9335,0.7276,0.854,"Christian County, KY",Q4: Most vulnerable,FALSE,0.57445
21049,KY,"Clark County, KY",22533,0.004393556,0.471575023,0.524031421,0.369,0.336,36897,0.51,0.4938,0.7175,0.3166,0.4235,"Clark County, KY",Q3,FALSE,0.42300000000000004
21051,KY,"Clay County, KY",14518,0,0.088648574,0.911351426,0.907,0.866,20322,0.8174,0.8377,0.5498,0.2323,0.952,"Clay County, KY",Q4: Most vulnerable,TRUE,0.8417
21053,KY,"Clinton County, KY",10895,0.001101423,0.112712253,0.886186324,0.527,0.484,9295,0.6472,0.6888,0.7862,0.119,0.5994,"Clinton County, KY",Q3,FALSE,0.5656
21055,KY,"Crittenden County, KY",9520,5.2521e-4,0.151470588,0.848004202,0.233,0.218,8979,0.518,0.5587,0.6927,0.0757,0.4922,"Crittenden County, KY",Q3,FALSE,0.368
21057,KY,"Cumberland County, KY",8279,7.24725e-4,0.08865805,0.910617224,0.361,0.329,5974,0.7544,0.8797,0.496,0.1508,0.8018,"Cumberland County, KY",Q4: Most vulnerable,FALSE,0.5417
21059,KY,"Daviess County, KY",56284,0.513751688,0.060248028,0.426000284,0.149,0.142,102916,0.6109,0.3443,0.8199,0.3888,0.8247,"Daviess County, KY",Q3,FALSE,0.37645
21061,KY,"Edmonson County, KY",12690,9.45626e-4,0.045547675,0.953506698,0.216,0.201,12179,0.3697,0.6446,0.1763,0.0455,0.3554,"Edmonson County, KY",Q2,FALSE,0.28535
21063,KY,"Elliott County, KY",7612,0,0.032317394,0.967682606,0.608,0.57,7378,0.7617,0.8848,0.2113,0.0337,0.9742,"Elliott County, KY",Q4: Most vulnerable,FALSE,0.66585
21065,KY,"Estill County, KY",11450,0,0.186550218,0.813449782,0.572,0.531,14138,0.7604,0.8686,0.958,0.0191,0.4289,"Estill County, KY",Q4: Most vulnerable,FALSE,0.6456999999999999
21067,KY,"Fayette County, KY",123842,0.491707175,0.267930104,0.24036272,0.21,0.195,321276,0.5542,0.5329,0.1639,0.672,0.7611,"Fayette County, KY",Q3,FALSE,0.37460000000000004
21069,KY,"Fleming County, KY",16939,5.9035e-5,0.105673298,0.894267666,0.349,0.319,15111,0.6771,0.7878,0.685,0.0735,0.6376,"Fleming County, KY",Q3,FALSE,0.49805
21071,KY,"Floyd County, KY",26049,3.8389e-5,0.195324197,0.804637414,0.938,0.898,35780,0.7073,0.8626,0.4811,0.0115,0.7544,"Floyd County, KY",Q3,FALSE,0.8026500000000001
21073,KY,"Franklin County, KY",27902,0.054368862,0.395312164,0.550318974,0.153,0.139,51475,0.6255,0.426,0.8295,0.5094,0.6933,"Franklin County, KY",Q3,FALSE,0.38225
21075,KY,"Fulton County, KY",5015,0.303888335,0.128215354,0.567896311,0.143,0.142,6480,0.91,0.881,0.7897,0.6685,0.943,"Fulton County, KY",Q4: Most vulnerable,FALSE,0.526
21077,KY,"Gallatin County, KY",6381,0.015671525,0.158595831,0.825732644,0.157,0.144,8720,0.5514,0.7066,0.1126,0.3563,0.7401,"Gallatin County, KY",Q3,FALSE,0.3477
21079,KY,"Garrard County, KY",14739,0.00169618,0.070425402,0.927878418,0.409,0.381,17175,0.3312,0.6316,0.42,0.1753,0.099,"Garrard County, KY",Q2,FALSE,0.35609999999999997
21081,KY,"Grant County, KY",16174,0.0055644860000000004,0.076604427,0.917831087,0.158,0.144,25085,0.2876,0.2819,0.4228,0.1753,0.4082,"Grant County, KY",Q2,FALSE,0.2158
21083,KY,"Graves County, KY",32163,0.21726829,0.0460467,0.736685011,0.227,0.216,36701,0.5507,0.5393,0.518,0.4308,0.5803,"Graves County, KY",Q3,FALSE,0.38334999999999997
21085,KY,"Grayson County, KY",26911,0.008100777,0.100144922,0.891754301,0.228,0.21,26465,0.5428,0.643,0.7025,0.0474,0.461,"Grayson County, KY",Q3,FALSE,0.37639999999999996
21087,KY,"Green County, KY",14046,0,0.08258579,0.91741421,0.239,0.218,11198,0.629,0.8046,0.8918,0.1037,0.23,"Green County, KY",Q3,FALSE,0.4235
21089,KY,"Greenup County, KY",27692,0.073270259,0.306875632,0.619854109,0.478,0.434,35853,0.2351,0.4079,0.4464,0.0407,0.1349,"Greenup County, KY",Q1: Least vulnerable,FALSE,0.33455
21091,KY,"Hancock County, KY",7979,0.081213185,0.1374859,0.781300915,0.183,0.173,9058,0.1874,0.3083,0.4181,0.0735,0.1289,"Hancock County, KY",Q1: Least vulnerable,FALSE,0.1802
21093,KY,"Hardin County, KY",59524,0.089661313,0.189822593,0.720516094,0.187,0.175,111005,0.5721,0.3697,0.714,0.6029,0.6742,"Hardin County, KY",Q3,FALSE,0.37355000000000005
21095,KY,"Harlan County, KY",19427,0,0.320842127,0.679157873,0.905,0.873,26589,0.8336,0.8495,0.8167,0.0757,0.9055,"Harlan County, KY",Q4: Most vulnerable,TRUE,0.8533
21097,KY,"Harrison County, KY",15968,0,0.169777054,0.830222946,0.168,0.149,18803,0.2714,0.2895,0.1753,0.1276,0.567,"Harrison County, KY",Q2,FALSE,0.2102
21099,KY,"Hart County, KY",19085,0.001414724,0.080534451,0.918050825,0.219,0.204,19345,0.8037,0.8291,0.7951,0.265,0.7757,"Hart County, KY",Q4: Most vulnerable,FALSE,0.50385
21101,KY,"Henderson County, KY",26875,0.462325581,0.07464186,0.463032558,0.094,0.09,44770,0.6386,0.4785,0.8463,0.4314,0.6608,"Henderson County, KY",Q3,FALSE,0.36429999999999996
21103,KY,"Henry County, KY",14495,0.004277337,0.077130045,0.918592618,0.155,0.144,15731,0.5845,0.7025,0.7362,0.2781,0.3586,"Henry County, KY",Q3,FALSE,0.36425
21105,KY,"Hickman County, KY",5174,0.249323541,0.111519134,0.639157325,0.172,0.166,4491,0.2326,0.1966,0.3586,0.4018,0.3058,"Hickman County, KY",Q1: Least vulnerable,FALSE,0.1993
21107,KY,"Hopkins County, KY",32557,0.062475044,0.186012225,0.751512732,0.27,0.25,45223,0.6344,0.5552,0.7961,0.3592,0.6239,"Hopkins County, KY",Q3,FALSE,0.4422
21109,KY,"Jackson County, KY",12568,0,0.017186505,0.982813495,0.846,0.795,13002,0.664,0.7464,0.7789,0.0041,0.6325,"Jackson County, KY",Q3,FALSE,0.7295
21111,KY,"Jefferson County, KY",349130,0.581952281,0.165537192,0.252510526,0.134,0.122,779232,0.622,0.468,0.6723,0.7226,0.6516,"Jefferson County, KY",Q3,FALSE,0.372
21113,KY,"Jessamine County, KY",26384,0,0.408808369,0.591191631,0.253,0.231,53381,0.3474,0.3987,0.5574,0.3697,0.2148,"Jessamine County, KY",Q2,FALSE,0.2892
21115,KY,"Johnson County, KY",15412,2.59538e-4,0.164352453,0.835388009,0.893,0.844,22631,0.7509,0.7687,0.6841,0.0099,0.9007,"Johnson County, KY",Q4: Most vulnerable,TRUE,0.79745
21117,KY,"Kenton County, KY",65772,0.21325184,0.350635529,0.436112632,0.126,0.114,169066,0.308,0.2313,0.3856,0.3723,0.4935,"Kenton County, KY",Q2,FALSE,0.211
21119,KY,"Knott County, KY",10376,9.6376e-5,0.015805705,0.984097918,0.946,0.913,14282,0.7334,0.7248,0.4836,0.0115,0.973,"Knott County, KY",Q3,FALSE,0.8232
21121,KY,"Knox County, KY",22594,0,0.235416482,0.764583518,0.905,0.861,30207,0.8584,0.9154,0.7757,0.0474,0.9316,"Knox County, KY",Q4: Most vulnerable,TRUE,0.8597
21123,KY,"Larue County, KY",13880,0.050432277,0.110446686,0.839121037,0.177,0.164,14902,0.2501,0.4553,0.5437,0.2587,0.0522,"Larue County, KY",Q2,FALSE,0.20705
21125,KY,"Laurel County, KY",42586,0.048161368,0.190860846,0.760977786,0.899,0.845,62442,0.5285,0.5826,0.4706,0.0407,0.6942,"Laurel County, KY",Q3,FALSE,0.68675
21127,KY,"Lawrence County, KY",14269,0.00105123,0.146331208,0.852617563,0.812,0.765,16228,0.4744,0.7445,0.5765,0.0115,0.2214,"Lawrence County, KY",Q2,FALSE,0.6197
21129,KY,"Lee County, KY",6224,0,0.06651671,0.93348329,0.745,0.697,7338,0.8492,0.854,0.4407,0.2062,0.9968,"Lee County, KY",Q4: Most vulnerable,FALSE,0.7730999999999999
21131,KY,"Leslie County, KY",8065,0,0.022442653,0.977557347,0.937,0.902,10468,0.5746,0.7041,0.1324,0.0057,0.9182,"Leslie County, KY",Q3,FALSE,0.7383
21133,KY,"Letcher County, KY",16403,0,0.112479424,0.887520576,0.931,0.896,21490,0.7012,0.7833,0.7512,0.0073,0.6962,"Letcher County, KY",Q3,FALSE,0.7986
21135,KY,"Lewis County, KY",14838,8.76129e-4,0.129599677,0.869524195,0.42,0.394,13063,0.5495,0.8002,0.503,0.0048,0.4038,"Lewis County, KY",Q3,FALSE,0.47175
21137,KY,"Lincoln County, KY",22743,0,0.09062129,0.90937871,0.395,0.363,24320,0.5835,0.7031,0.8155,0.1457,0.3455,"Lincoln County, KY",Q3,FALSE,0.47325
21139,KY,"Livingston County, KY",9859,0.034891977,0.103560199,0.861547824,0.279,0.258,8980,0.2374,0.497,0.496,0.0735,0.0582,"Livingston County, KY",Q1: Least vulnerable,FALSE,0.2477
21141,KY,"Logan County, KY",23646,0.157489639,0.094561448,0.747948913,0.184,0.173,27498,0.4671,0.6274,0.4852,0.3503,0.2599,"Logan County, KY",Q2,FALSE,0.32005
21143,KY,"Lyon County, KY",7940,0.069899244,0.053148615,0.876952141,0.299,0.276,8721,0.1845,0.1718,0.1616,0.3563,0.3576,"Lyon County, KY",Q1: Least vulnerable,FALSE,0.23025
21145,KY,"McCracken County, KY",41206,0.204387711,0.150657671,0.644954618,0.254,0.236,67573,0.5517,0.3436,0.4763,0.4913,0.8626,"McCracken County, KY",Q3,FALSE,0.39385
21147,KY,"McCreary County, KY",11375,0,0.087120879,0.912879121,0.831,0.783,16892,0.6965,0.7311,0.3077,0.314,0.9087,"McCreary County, KY",Q3,FALSE,0.73975
21149,KY,"McLean County, KY",9811,0.212108857,0.09621853,0.691672612,0.151,0.145,9173,0.1839,0.195,0.21,0.0627,0.4165,"McLean County, KY",Q1: Least vulnerable,FALSE,0.16444999999999999
21151,KY,"Madison County, KY",46497,0.042454352,0.322278857,0.635266791,0.471,0.425,92955,0.3843,0.4843,0.1005,0.328,0.5982,"Madison County, KY",Q2,FALSE,0.40464999999999995
21153,KY,"Magoffin County, KY",10358,0,0.062270709,0.937729291,0.9,0.856,11647,0.7595,0.8396,0.6872,0.0057,0.8062,"Magoffin County, KY",Q4: Most vulnerable,TRUE,0.80775
21155,KY,"Marion County, KY",17733,6.76704e-4,0.164439181,0.834884114,0.205,0.19,19627,0.7859,0.6949,0.8791,0.3697,0.7957,"Marion County, KY",Q4: Most vulnerable,FALSE,0.48795
21157,KY,"Marshall County, KY",28550,0.040805604,0.087635727,0.871558669,0.34,0.316,31706,0.1699,0.1833,0.3163,0.0191,0.3175,"Marshall County, KY",Q1: Least vulnerable,FALSE,0.24295
21159,KY,"Martin County, KY",7523,0,0.089591918,0.910408082,0.947,0.916,11298,0.6869,0.7079,0.1537,0.3592,0.9618,"Martin County, KY",Q3,FALSE,0.80145
21161,KY,"Mason County, KY",15081,0.01611299,0.21696174,0.76692527,0.231,0.212,17068,0.6542,0.6042,0.8304,0.3535,0.5743,"Mason County, KY",Q3,FALSE,0.4331
21163,KY,"Meade County, KY",20463,0.008112203,0.095831501,0.896056297,0.162,0.149,29964,0.1559,0.1839,0.2272,0.335,0.2084,"Meade County, KY",Q1: Least vulnerable,FALSE,0.15245
21165,KY,"Menifee County, KY",6668,0,0.013797241,0.986202759,0.556,0.522,6174,0.5676,0.5469,0.6907,0.0191,0.7136,"Menifee County, KY",Q3,FALSE,0.5448
21167,KY,"Mercer County, KY",18911,0.090793718,0.077256623,0.831949659,0.209,0.196,22662,0.1591,0.2774,0.2323,0.2781,0.126,"Mercer County, KY",Q1: Least vulnerable,FALSE,0.17754999999999999
21169,KY,"Metcalfe County, KY",11771,4.24773e-4,0.042902047,0.95667318,0.299,0.271,10313,0.5453,0.6217,0.4108,0.0627,0.7194,"Metcalfe County, KY",Q3,FALSE,0.40815
21171,KY,"Monroe County, KY",12316,0,0.089477103,0.910522897,0.308,0.279,11331,0.714,0.581,0.9112,0.1409,0.777,"Monroe County, KY",Q3,FALSE,0.4965
21173,KY,"Montgomery County, KY",18379,0.019533163,0.267642418,0.712824419,0.398,0.365,28188,0.5896,0.6936,0.7,0.1753,0.4617,"Montgomery County, KY",Q3,FALSE,0.4773
21175,KY,"Morgan County, KY",12029,0,0.036162607,0.963837393,0.698,0.658,13840,0.5918,0.5845,0.2256,0.1985,0.9297,"Morgan County, KY",Q3,FALSE,0.6249
21177,KY,"Muhlenberg County, KY",24131,0.003481,0.14259666,0.853922341,0.308,0.285,30735,0.3535,0.5307,0.2584,0.182,0.3325,"Muhlenberg County, KY",Q2,FALSE,0.31925
21179,KY,"Nelson County, KY",34449,0.010595373,0.165636158,0.823768469,0.187,0.175,46779,0.0888,0.1359,0.3532,0.2879,0.0496,"Nelson County, KY",Q1: Least vulnerable,FALSE,0.1319
21181,KY,"Nicholas County, KY",7869,5.08324e-4,0.09086288,0.908628797,0.235,0.216,7613,0.4111,0.6001,0.1868,0.0229,0.5345,"Nicholas County, KY",Q2,FALSE,0.31355
21183,KY,"Ohio County, KY",20556,0.05526367,0.087371084,0.857365246,0.245,0.226,23782,0.4251,0.4158,0.9252,0.1225,0.1817,"Ohio County, KY",Q2,FALSE,0.32555
21185,KY,"Oldham County, KY",28674,0.014996164,0.216433006,0.768570831,0.145,0.136,67997,0.0398,0.0181,0.1702,0.3723,0.112,"Oldham County, KY",Q1: Least vulnerable,FALSE,0.0879
21187,KY,"Owen County, KY",11636,0.001460983,0.026469577,0.97206944,0.167,0.15,11229,0.2711,0.5507,0.3058,0.0932,0.133,"Owen County, KY",Q2,FALSE,0.21055000000000001
21189,KY,"Owsley County, KY",4542,0,0.035887274,0.964112726,0.867,0.821,4054,0.5078,0.7082,0.2246,0.2323,0.5371,"Owsley County, KY",Q3,FALSE,0.6644
21191,KY,"Pendleton County, KY",12989,7.6988e-5,0.089306336,0.910616676,0.151,0.137,14638,0.5221,0.6252,0.3662,0.1225,0.6351,"Pendleton County, KY",Q3,FALSE,0.32955
21193,KY,"Perry County, KY",17213,0,0.19601464,0.80398536,0.941,0.905,28136,0.6901,0.7566,0.7343,0.0932,0.6767,"Perry County, KY",Q3,FALSE,0.79755
21195,KY,"Pike County, KY",40517,0,0.12513266,0.87486734,0.952,0.921,58196,0.7506,0.8673,0.5272,0.0229,0.8489,"Pike County, KY",Q4: Most vulnerable,TRUE,0.8358000000000001
21197,KY,"Powell County, KY",9450,0,0.254074074,0.745925926,0.531,0.502,13089,0.7992,0.867,0.5651,0.0757,0.938,"Powell County, KY",Q4: Most vulnerable,FALSE,0.6506000000000001
21199,KY,"Pulaski County, KY",53149,0.105025494,0.168018213,0.726956293,0.671,0.622,65145,0.6456,0.7483,0.8886,0.1339,0.3735,"Pulaski County, KY",Q3,FALSE,0.6337999999999999
21201,KY,"Robertson County, KY",3124,0,9.60307e-4,0.999039693,0.186,0.173,2207,0.587,0.7251,0.5339,0.0115,0.6246,"Robertson County, KY",Q3,FALSE,0.38
21203,KY,"Rockcastle County, KY",15072,9.95223e-4,0.148089172,0.850915605,0.748,0.701,16171,0.5291,0.6389,0.4178,0.0099,0.6621,"Rockcastle County, KY",Q3,FALSE,0.61505
21205,KY,"Rowan County, KY",16465,1.82205e-4,0.21700577,0.782812026,0.474,0.437,24551,0.5065,0.6927,0.014,0.0932,0.9586,"Rowan County, KY",Q3,FALSE,0.47175
21207,KY,"Russell County, KY",20059,8.475e-4,0.076773518,0.922378982,0.388,0.356,18021,0.6029,0.6812,0.938,0.1572,0.2552,"Russell County, KY",Q3,FALSE,0.47945
21209,KY,"Scott County, KY",27326,0.137597892,0.261618971,0.600783137,0.154,0.141,57286,0.1572,0.0544,0.5501,0.4018,0.2552,"Scott County, KY",Q1: Least vulnerable,FALSE,0.1491
21211,KY,"Shelby County, KY",29122,0.185873223,0.070118811,0.744007966,0.141,0.131,48105,0.2892,0.2564,0.3789,0.5383,0.3007,"Shelby County, KY",Q2,FALSE,0.2101
21213,KY,"Simpson County, KY",14150,0.303038869,0.163816254,0.533144876,0.076,0.07,19574,0.2259,0.4779,0.0372,0.4314,0.2205,"Simpson County, KY",Q1: Least vulnerable,FALSE,0.14795
21215,KY,"Spencer County, KY",13114,4.57526e-4,0.057724569,0.941817905,0.175,0.159,19549,0.0356,0.1448,0.069,0.1276,0.0347,"Spencer County, KY",Q1: Least vulnerable,FALSE,0.0973
21217,KY,"Taylor County, KY",20223,0.097858874,0.133511348,0.768629778,0.221,0.205,26056,0.3395,0.2911,0.5654,0.3086,0.3789,"Taylor County, KY",Q2,FALSE,0.27225
21219,KY,"Todd County, KY",12870,0.196969697,0.096814297,0.706216006,0.186,0.176,12281,0.7986,0.7572,0.7455,0.4273,0.8533,"Todd County, KY",Q4: Most vulnerable,FALSE,0.48729999999999996
21221,KY,"Trigg County, KY",13460,0.021173848,0.092867756,0.885958395,0.302,0.278,14154,0.6672,0.685,0.7846,0.377,0.5352,"Trigg County, KY",Q3,FALSE,0.4726
21223,KY,"Trimble County, KY",8327,0.001441095,0.104599496,0.893959409,0.166,0.151,8510,0.3633,0.419,0.3805,0.2062,0.4232,"Trimble County, KY",Q2,FALSE,0.25715
21225,KY,"Union County, KY",11813,0.319224583,0.156183865,0.524591552,0.142,0.136,13495,0.2424,0.2794,0.1829,0.3649,0.3468,"Union County, KY",Q1: Least vulnerable,FALSE,0.1892
21227,KY,"Warren County, KY",62668,0.247016021,0.112194421,0.640789558,0.195,0.182,135307,0.7731,0.6265,0.6029,0.5819,0.9415,"Warren County, KY",Q4: Most vulnerable,FALSE,0.47755000000000003
21229,KY,"Washington County, KY",12402,0,0.090469279,0.909530721,0.209,0.195,12025,0.4184,0.3735,0.6373,0.3592,0.3818,"Washington County, KY",Q2,FALSE,0.3067
21231,KY,"Wayne County, KY",19068,8.39102e-4,0.217851898,0.781308999,0.693,0.646,19666,0.6812,0.7941,0.9255,0.1696,0.3128,"Wayne County, KY",Q3,FALSE,0.6636
21233,KY,"Webster County, KY",12199,0.091236987,0.192474793,0.71628822,0.192,0.183,12951,0.706,0.5317,0.9704,0.3484,0.5702,"Webster County, KY",Q3,FALSE,0.4445
21235,KY,"Whitley County, KY",25162,0,0.215443923,0.784556077,0.885,0.837,36648,0.8365,0.8918,0.5027,0.0407,0.9831,"Whitley County, KY",Q4: Most vulnerable,TRUE,0.83675
21237,KY,"Wolfe County, KY",6890,0,0.053120464,0.946879536,0.76,0.719,6573,0.776,0.902,0.4728,6e-4,0.8995,"Wolfe County, KY",Q4: Most vulnerable,FALSE,0.7475
21239,KY,"Woodford County, KY",16954,0.015099681,0.318744839,0.66615548,0.176,0.158,26886,0.1801,0.1085,0.6659,0.4085,0.1378,"Woodford County, KY",Q1: Least vulnerable,FALSE,0.16905
22001,LA,"Acadia Parish, LA",41126,0.244516851,0.259252055,0.496231095,0.338,0.316,57674,0.8832,0.8867,0.8781,0.5759,0.7935,"Acadia Parish, LA",Q4: Most vulnerable,FALSE,0.5996
22003,LA,"Allen Parish, LA",15985,0.005692837,0.38285893,0.611448233,0.822,0.802,22798,0.903,0.7525,0.9354,0.6647,0.944,"Allen Parish, LA",Q4: Most vulnerable,TRUE,0.8525
22005,LA,"Ascension Parish, LA",65855,0.247012376,0.333125807,0.419861818,0.128,0.123,126973,0.384,0.2259,0.6717,0.7105,0.3274,"Ascension Parish, LA",Q2,FALSE,0.2535
22007,LA,"Assumption Parish, LA",15011,0.24162281,0.437612418,0.320764773,0.091,0.087,21067,0.7296,0.7719,0.5854,0.7226,0.5635,"Assumption Parish, LA",Q3,FALSE,0.4083
22009,LA,"Avoyelles Parish, LA",30979,0.076342038,0.30646567,0.617192292,0.316,0.307,39529,0.9682,0.9545,0.9383,0.7299,0.9084,"Avoyelles Parish, LA",Q4: Most vulnerable,FALSE,0.6376
22011,LA,"Beauregard Parish, LA",25567,0.001290726,0.216920249,0.781789025,0.853,0.826,36553,0.5498,0.4744,0.5377,0.5415,0.6131,"Beauregard Parish, LA",Q3,FALSE,0.6879
22013,LA,"Bienville Parish, LA",11592,0.001639061,0.16994479,0.828416149,0.38,0.369,12958,0.9755,0.8944,0.9612,0.8492,0.9695,"Bienville Parish, LA",Q4: Most vulnerable,FALSE,0.67225
22015,LA,"Bossier Parish, LA",63534,0.234551579,0.407702962,0.357745459,0.417,0.401,128877,0.7773,0.721,0.7381,0.7359,0.7019,"Bossier Parish, LA",Q4: Most vulnerable,FALSE,0.5891500000000001
22017,LA,"Caddo Parish, LA",126886,0.455196003,0.245306811,0.299497186,0.482,0.465,236259,0.9329,0.9033,0.8202,0.9017,0.8963,"Caddo Parish, LA",Q4: Most vulnerable,FALSE,0.69895
22019,LA,"Calcasieu Parish, LA",115142,0.411639541,0.249127165,0.339233295,0.845,0.84,210770,0.7149,0.616,0.5673,0.7105,0.7693,"Calcasieu Parish, LA",Q3,FALSE,0.77745
22021,LA,"Caldwell Parish, LA",7750,0.001032258,0.122967742,0.876,0.427,0.42,9658,0.9052,0.8568,0.6777,0.5775,0.986,"Caldwell Parish, LA",Q4: Most vulnerable,FALSE,0.6626
22023,LA,"Cameron Parish, LA",7985,0.066624922,0.195742016,0.737633062,0.965,0.989,5447,0.2984,0.2644,0.5415,0.377,0.2899,"Cameron Parish, LA",Q2,FALSE,0.6436999999999999
22025,LA,"Catahoula Parish, LA",9095,0.024518966,0.216712479,0.758768554,0.274,0.276,8895,0.8581,0.8374,0.2911,0.7121,0.9876,"Catahoula Parish, LA",Q4: Most vulnerable,FALSE,0.56705
22027,LA,"Claiborne Parish, LA",12057,0.013684996,0.259351414,0.72696359,0.37,0.358,14203,0.8069,0.7636,0.2876,0.8899,0.9395,"Claiborne Parish, LA",Q4: Most vulnerable,FALSE,0.5824499999999999
22029,LA,"Concordia Parish, LA",13626,0.148612946,0.300968736,0.550418318,0.152,0.154,18677,0.9949,0.9561,0.9924,0.8088,0.9577,"Concordia Parish, LA",Q4: Most vulnerable,FALSE,0.57445
22031,LA,"De Soto Parish, LA",20957,2.38584e-4,0.18518872,0.814572696,0.447,0.431,26821,0.8101,0.7397,0.8988,0.7929,0.5784,"De Soto Parish, LA",Q4: Most vulnerable,FALSE,0.62055
22033,LA,"East Baton Rouge Parish, LA",192635,0.506180082,0.245905469,0.24791445,0.248,0.236,454369,0.846,0.7903,0.6347,0.9017,0.8546,"East Baton Rouge Parish, LA",Q4: Most vulnerable,FALSE,0.5409999999999999
22035,LA,"East Carroll Parish, LA",4723,0.144823206,0.385983485,0.469193309,0.246,0.244,7371,0.8781,0.9469,0.4897,0.9672,0.7496,"East Carroll Parish, LA",Q4: Most vulnerable,FALSE,0.56105
22037,LA,"East Feliciana Parish, LA",14064,1.42207e-4,0.056598407,0.943259386,0.637,0.609,19452,0.5937,0.4741,0.056,0.8403,0.9609,"East Feliciana Parish, LA",Q3,FALSE,0.60135
22039,LA,"Evangeline Parish, LA",23986,0.272367214,0.149170349,0.578462436,0.655,0.65,32335,0.999,0.9841,0.9955,0.7261,0.9895,"Evangeline Parish, LA",Q4: Most vulnerable,FALSE,0.8245
22041,LA,"Franklin Parish, LA",14952,0.049558587,0.256754949,0.693686463,0.294,0.292,19752,0.8053,0.9122,0.7525,0.7178,0.4337,"Franklin Parish, LA",Q4: Most vulnerable,FALSE,0.54865
22043,LA,"Grant Parish, LA",14115,0.001558626,0.096422246,0.902019129,0.52,0.496,22185,0.7219,0.6163,0.5908,0.6045,0.8231,"Grant Parish, LA",Q3,FALSE,0.60895
22045,LA,"Iberia Parish, LA",42763,0.611930875,0.119823212,0.268245914,0.188,0.222,69958,0.936,0.8409,0.9351,0.8059,0.9115,"Iberia Parish, LA",Q4: Most vulnerable,FALSE,0.5790000000000001
22047,LA,"Iberville Parish, LA",20353,0.273522331,0.313712966,0.412764703,0.101,0.097,30210,0.8501,0.7308,0.7222,0.8842,0.8953,"Iberville Parish, LA",Q4: Most vulnerable,FALSE,0.47354999999999997
22049,LA,"Jackson Parish, LA",11750,0.00612766,0.173361702,0.820510638,0.408,0.408,15093,0.8301,0.6192,0.9173,0.7003,0.8524,"Jackson Parish, LA",Q4: Most vulnerable,FALSE,0.61905
22051,LA,"Jefferson Parish, LA",177118,0.795972177,0.179750223,0.0242776,0.28,0.384,436171,0.8295,0.8288,0.8559,0.8673,0.5148,"Jefferson Parish, LA",Q4: Most vulnerable,FALSE,0.60675
22053,LA,"Jefferson Davis Parish, LA",23330,0.204114874,0.297342477,0.498542649,0.45,0.433,32277,0.5549,0.5113,0.7079,0.5759,0.4203,"Jefferson Davis Parish, LA",Q3,FALSE,0.49395
22055,LA,"Lafayette Parish, LA",112983,0.579759787,0.104121859,0.316118354,0.304,0.27,243175,0.735,0.6344,0.5205,0.7321,0.8285,"Lafayette Parish, LA",Q3,FALSE,0.5025
22057,LA,"Lafourche Parish, LA",55451,0.174929217,0.54579719,0.279273593,0.196,0.274,97220,0.7416,0.6815,0.5609,0.5915,0.8384,"Lafourche Parish, LA",Q3,FALSE,0.5078
22059,LA,"LaSalle Parish, LA",10608,4.71342e-4,0.168269231,0.831259427,0.455,0.444,14764,0.4648,0.3274,0.4547,0.5326,0.6456,"LaSalle Parish, LA",Q2,FALSE,0.4544
22061,LA,"Lincoln Parish, LA",23799,0.056641035,0.297743603,0.645615362,0.343,0.331,48323,0.7786,0.7544,0.1712,0.8524,0.9507,"Lincoln Parish, LA",Q4: Most vulnerable,FALSE,0.5548
22063,LA,"Livingston Parish, LA",77780,0.016996657,0.311288249,0.671715094,0.41,0.415,143425,0.4709,0.3344,0.6933,0.4378,0.5135,"Livingston Parish, LA",Q2,FALSE,0.44294999999999995
22065,LA,"Madison Parish, LA",6852,0.382224168,0.24635143,0.371424402,0.238,0.243,10028,1,0.9663,0.964,0.9459,1,"Madison Parish, LA",Q4: Most vulnerable,FALSE,0.6214999999999999
22067,LA,"Morehouse Parish, LA",17248,0.0471359,0.195095083,0.757769017,0.368,0.363,25438,0.9558,0.9488,0.7601,0.8804,0.9354,"Morehouse Parish, LA",Q4: Most vulnerable,FALSE,0.6594
22069,LA,"Natchitoches Parish, LA",24578,0.149442591,0.221417528,0.629139881,0.543,0.516,37478,0.9281,0.9017,0.4668,0.8661,0.9924,"Natchitoches Parish, LA",Q4: Most vulnerable,FALSE,0.7220500000000001
22071,LA,"Orleans Parish, LA",142889,0.922590262,0.062293109,0.015116629,0.493,0.665,380408,0.8381,0.9115,0.3595,0.9567,0.7381,"Orleans Parish, LA",Q4: Most vulnerable,FALSE,0.7515499999999999
22073,LA,"Ouachita Parish, LA",76994,0.274398005,0.30290672,0.422695275,0.368,0.361,159585,0.8845,0.882,0.5682,0.8116,0.9303,"Ouachita Parish, LA",Q4: Most vulnerable,FALSE,0.6227499999999999
22075,LA,"Plaquemines Parish, LA",15310,0.222338341,0.51299804,0.264663619,0.228,0.327,23305,0.651,0.4092,0.7197,0.7626,0.7451,"Plaquemines Parish, LA",Q3,FALSE,0.489
22077,LA,"Pointe Coupee Parish, LA",18111,0.121031417,0.253326708,0.625641875,0.104,0.099,20652,0.7127,0.8428,0.7521,0.7859,0.2138,"Pointe Coupee Parish, LA",Q3,FALSE,0.40585
22079,LA,"Rapides Parish, LA",76828,0.137853387,0.313453428,0.548693185,0.71,0.688,129536,0.9071,0.7744,0.9189,0.776,0.922,"Rapides Parish, LA",Q4: Most vulnerable,FALSE,0.79755
22081,LA,"Red River Parish, LA",6903,0.00159351,0.146023468,0.852383022,0.405,0.391,7631,0.6662,0.6742,0.7929,0.8225,0.3105,"Red River Parish, LA",Q3,FALSE,0.5286
22083,LA,"Richland Parish, LA",13758,0.014391627,0.306585259,0.679023114,0.323,0.317,20028,0.8632,0.8737,0.5097,0.7751,0.9058,"Richland Parish, LA",Q4: Most vulnerable,FALSE,0.5901
22085,LA,"Sabine Parish, LA",22209,0.023594038,0.114413076,0.861992886,0.552,0.539,22209,0.8848,0.8724,0.973,0.7121,0.5673,"Sabine Parish, LA",Q4: Most vulnerable,FALSE,0.7119
22087,LA,"St. Bernard Parish, LA",20142,0.565087876,0.344057194,0.09085493,0.447,0.598,44038,0.9026,0.9392,0.9516,0.7859,0.5173,"St. Bernard Parish, LA",Q4: Most vulnerable,FALSE,0.7503
22089,LA,"St. Charles Parish, LA",26292,0.098623155,0.758900046,0.142476799,0.26,0.359,52191,0.4451,0.3624,0.8244,0.7308,0.161,"St. Charles Parish, LA",Q2,FALSE,0.40205
22091,LA,"St. Helena Parish, LA",9633,5.19049e-4,0.021177203,0.978303748,0.708,0.686,10872,0.9478,0.8021,0.9812,0.8953,0.8746,"St. Helena Parish, LA",Q4: Most vulnerable,FALSE,0.8169
22093,LA,"St. James Parish, LA",13306,0.427250864,0.428453329,0.144295806,0.104,0.1,20090,0.2701,0.2189,0.2956,0.8762,0.2164,"St. James Parish, LA",Q2,FALSE,0.18505
22095,LA,"St. John the Baptist Parish, LA",21346,0.228754802,0.676894969,0.09435023,0.218,0.312,41986,0.7152,0.7556,0.8209,0.9567,0.2284,"St. John the Baptist Parish, LA",Q3,FALSE,0.5136
22097,LA,"St. Landry Parish, LA",58453,0.118608113,0.296836775,0.584555113,0.296,0.274,82574,0.9262,0.9453,0.7531,0.8482,0.8505,"St. Landry Parish, LA",Q4: Most vulnerable,FALSE,0.6001000000000001
22099,LA,"St. Martin Parish, LA",36362,0.11371761699999999,0.292475661,0.593806721,0.126,0.116,51856,0.7041,0.7219,0.6612,0.7321,0.5078,"St. Martin Parish, LA",Q3,FALSE,0.41004999999999997
22101,LA,"St. Mary Parish, LA",29396,0.197679956,0.651517213,0.15080283,0.141,0.2,49114,0.9109,0.8425,0.9469,0.8212,0.7719,"St. Mary Parish, LA",Q4: Most vulnerable,FALSE,0.55545
22103,LA,"St. Tammany Parish, LA",120533,0.092787867,0.323289058,0.583923075,0.876,0.861,266168,0.4868,0.4537,0.8648,0.5953,0.1699,"St. Tammany Parish, LA",Q2,FALSE,0.6738999999999999
22105,LA,"Tangipahoa Parish, LA",75298,0.037730086,0.187309092,0.774960822,0.738,0.716,133953,0.8651,0.7992,0.8963,0.7626,0.7397,"Tangipahoa Parish, LA",Q4: Most vulnerable,FALSE,0.79055
22107,LA,"Tensas Parish, LA",5635,0.124401065,0.339662822,0.535936114,0.281,0.282,4127,0.8454,0.9497,0.3471,0.9122,0.7111,"Tensas Parish, LA",Q4: Most vulnerable,FALSE,0.5637
22109,LA,"Terrebonne Parish, LA",56810,0.212444992,0.55812357,0.229431438,0.188,0.264,108862,0.7821,0.6452,0.7607,0.7156,0.8075,"Terrebonne Parish, LA",Q4: Most vulnerable,FALSE,0.52305
22111,LA,"Union Parish, LA",17929,0.011991745,0.134195995,0.853812259,0.383,0.376,21049,0.8724,0.798,0.8711,0.6742,0.8451,"Union Parish, LA",Q4: Most vulnerable,FALSE,0.6242
22113,LA,"Vermilion Parish, LA",40230,0.444742729,0.036539896,0.518717375,0.468,0.595,57202,0.7875,0.7006,0.8915,0.5711,0.6923,"Vermilion Parish, LA",Q4: Most vulnerable,FALSE,0.6912499999999999
22115,LA,"Vernon Parish, LA",29589,0.003954172,0.262056845,0.733988982,0.777,0.75,48452,0.832,0.7343,0.8412,0.6685,0.8088,"Vernon Parish, LA",Q4: Most vulnerable,TRUE,0.7909999999999999
22117,LA,"Washington Parish, LA",32475,1.84758e-4,0.145527329,0.854287914,0.828,0.79,45514,0.9822,0.9383,0.9771,0.7308,0.9526,"Washington Parish, LA",Q4: Most vulnerable,TRUE,0.8861
22119,LA,"Webster Parish, LA",28234,0.025076149,0.349153503,0.625770348,0.405,0.393,36761,0.8775,0.8476,0.7047,0.7617,0.8966,"Webster Parish, LA",Q4: Most vulnerable,FALSE,0.63525
22121,LA,"West Baton Rouge Parish, LA",16933,0.268765133,0.34884545,0.382389417,0.1,0.097,27377,0.6341,0.4811,0.2704,0.8403,0.8721,"West Baton Rouge Parish, LA",Q3,FALSE,0.36555
22123,LA,"West Carroll Parish, LA",8973,0.038225788,0.208180096,0.753594116,0.334,0.335,9800,0.6325,0.6093,0.8241,0.5383,0.4149,"West Carroll Parish, LA",Q3,FALSE,0.48375
22125,LA,"West Feliciana Parish, LA",7363,6.79071e-4,0.124677441,0.874643488,0.476,0.454,15358,0.4668,0.4531,0.0722,0.8591,0.6729,"West Feliciana Parish, LA",Q2,FALSE,0.46040000000000003
22127,LA,"Winn Parish, LA",10178,5.89507e-4,0.208587149,0.790823344,0.493,0.486,13665,0.7401,0.5886,0.797,0.7245,0.7235,"Winn Parish, LA",Q3,FALSE,0.61305
23001,ME,"Androscoggin County, ME",51260,0.085115099,0.290753024,0.624131877,0.055,0.053,111532,0.6007,0.4725,0.5173,0.3166,0.8715,"Androscoggin County, ME",Q3,FALSE,0.32685000000000003
23003,ME,"Aroostook County, ME",56852,0.030605783,0.296154929,0.673239288,0.076,0.075,67237,0.6545,0.636,0.6771,0.1409,0.7677,"Aroostook County, ME",Q3,FALSE,0.36474999999999996
23005,ME,"Cumberland County, ME",143636,0.210420786,0.177803615,0.611775599,0.091,0.088,303357,0.1413,0.1063,0.0401,0.3563,0.5721,"Cumberland County, ME",Q1: Least vulnerable,FALSE,0.11465
23007,ME,"Franklin County, ME",26382,0.007884163,0.126336138,0.865779698,0.037,0.036,29839,0.4569,0.3993,0.315,0.0821,0.8215,"Franklin County, ME",Q2,FALSE,0.24644999999999997
23009,ME,"Hancock County, ME",52185,0.025984478,0.143374533,0.830640989,0.117,0.119,55851,0.2183,0.3608,0.0891,0.119,0.3955,"Hancock County, ME",Q1: Least vulnerable,FALSE,0.16865
23011,ME,"Kennebec County, ME",74929,0.062819469,0.179676761,0.75750377,0.042,0.042,124003,0.357,0.2946,0.2934,0.1276,0.7082,"Kennebec County, ME",Q2,FALSE,0.19949999999999998
23013,ME,"Knox County, ME",31435,0.044472721,0.243009384,0.712517894,0.051,0.052,40729,0.1724,0.2759,0.0834,0.0757,0.3777,"Knox County, ME",Q1: Least vulnerable,FALSE,0.1122
23015,ME,"Lincoln County, ME",31487,0.030171182,0.068155112,0.901673707,0.046,0.046,35466,0.1094,0.2065,0.132,0.1457,0.1578,"Lincoln County, ME",Q1: Least vulnerable,FALSE,0.07769999999999999
23017,ME,"Oxford County, ME",44730,0.004806617,0.172434608,0.822758775,0.065,0.063,58276,0.3452,0.6465,0.0942,0.1276,0.3595,"Oxford County, ME",Q2,FALSE,0.2041
23019,ME,"Penobscot County, ME",90889,0.047640529,0.259844426,0.692515046,0.057,0.057,152640,0.4416,0.398,0.1365,0.1928,0.8699,"Penobscot County, ME",Q2,FALSE,0.2493
23021,ME,"Piscataquis County, ME",19613,0.012338755,0.138989446,0.848671799,0.044,0.045,16936,0.4804,0.5749,0.4524,0.1654,0.4963,"Piscataquis County, ME",Q2,FALSE,0.2627
23023,ME,"Sagadahoc County, ME",22455,0.020663549,0.218436874,0.760899577,0.046,0.047,36868,0.1015,0.2972,0.0519,0.1276,0.1273,"Sagadahoc County, ME",Q1: Least vulnerable,FALSE,0.07425000000000001
23025,ME,"Somerset County, ME",43423,0.00757663,0.210832969,0.781590401,0.04,0.04,50656,0.3,0.5361,0.1228,0.0544,0.3856,"Somerset County, ME",Q2,FALSE,0.16999999999999998
23027,ME,"Waldo County, ME",30687,0.007136572,0.094046339,0.898817089,0.05,0.049,39772,0.2902,0.4578,0.2647,0.1339,0.2908,"Waldo County, ME",Q2,FALSE,0.1696
23029,ME,"Washington County, ME",30892,0.052699728,0.1714036,0.775896672,0.185,0.186,31096,0.6694,0.7751,0.6147,0.3563,0.5498,"Washington County, ME",Q3,FALSE,0.42769999999999997
23031,ME,"York County, ME",121312,0.087732458,0.235450739,0.676816803,0.133,0.137,212691,0.1304,0.1626,0.1174,0.2214,0.2879,"York County, ME",Q1: Least vulnerable,FALSE,0.13369999999999999
24001,MD,"Allegany County, MD",36513,1.0955e-4,0.477911977,0.521978473,0.407,0.418,68161,0.5552,0.532,0.3917,0.3847,0.7302,"Allegany County, MD",Q3,FALSE,0.48660000000000003
24003,MD,"Anne Arundel County, MD",186998,0.362420988,0.213392657,0.424186355,0.243,0.241,588109,0.1639,0.0773,0.2027,0.7286,0.2962,"Anne Arundel County, MD",Q1: Least vulnerable,FALSE,0.20245
24005,MD,"Baltimore County, MD",238714,0.449713884,0.146342485,0.403943631,0.094,0.102,850737,0.5571,0.3653,0.5103,0.8428,0.6748,"Baltimore County, MD",Q3,FALSE,0.32955
24009,MD,"Calvert County, MD",41030,0.009627102,0.143504753,0.846868145,0.48,0.477,93244,0.0057,0.0095,0.0261,0.5978,0.0159,"Calvert County, MD",Q1: Least vulnerable,FALSE,0.24134999999999998
24011,MD,"Caroline County, MD",22173,0.044513598,0.305641997,0.649844405,0.371,0.371,33320,0.7579,0.7318,0.868,0.6277,0.5218,"Caroline County, MD",Q4: Most vulnerable,FALSE,0.56445
24013,MD,"Carroll County, MD",78373,0.032728108,0.210123384,0.757148508,0.064,0.068,173225,0.0277,0.0153,0.0662,0.3824,0.1285,"Carroll County, MD",Q1: Least vulnerable,FALSE,0.047850000000000004
24015,MD,"Cecil County, MD",52432,0.041348795,0.239948886,0.718702319,0.215,0.216,103876,0.322,0.2991,0.2539,0.4839,0.4661,"Cecil County, MD",Q2,FALSE,0.269
24017,MD,"Charles County, MD",62778,0.089617382,0.265379592,0.645003027,0.3,0.308,167035,0.174,0.0951,0.3894,0.9424,0.1028,"Charles County, MD",Q1: Least vulnerable,FALSE,0.241
24019,MD,"Dorchester County, MD",22236,0.148632848,0.285393056,0.565974096,0.844,0.859,32557,0.7824,0.6809,0.9513,0.7655,0.4766,"Dorchester County, MD",Q4: Most vulnerable,TRUE,0.8207
24021,MD,"Frederick County, MD",96609,0.211605544,0.202217185,0.58617727100000006,0.244,0.27,273829,0.1234,0.063,0.2504,0.6726,0.1763,"Frederick County, MD",Q1: Least vulnerable,FALSE,0.1967
24023,MD,"Garrett County, MD",28465,0.00446162,0.095169506,0.900368874,0.394,0.402,28856,0.2564,0.2389,0.448,0.0299,0.4356,"Garrett County, MD",Q2,FALSE,0.32920000000000005
24025,MD,"Harford County, MD",103109,0.163157435,0.253013801,0.58382876399999994,0.114,0.124,261059,0.0789,0.0531,0.1355,0.6233,0.1397,"Harford County, MD",Q1: Least vulnerable,FALSE,0.10145
24027,MD,"Howard County, MD",90290,0.229914719,0.142285967,0.627799313,0.108,0.114,332011,0.1483,0.027,0.4769,0.8785,0.1689,"Howard County, MD",Q1: Least vulnerable,FALSE,0.13115
24029,MD,"Kent County, MD",14630,0.228639781,0.113192071,0.658168148,0.194,0.199,19289,0.4353,0.3003,0.5931,0.5778,0.4674,"Kent County, MD",Q2,FALSE,0.31715000000000004
24031,MD,"Montgomery County, MD",236594,0.376247918,0.169408354,0.454343728,0.106,0.111,1056910,0.4893,0.2711,0.4388,0.9122,0.623,"Montgomery County, MD",Q2,FALSE,0.30015000000000003
24033,MD,"Prince George's County, MD",262507,0.526987852,0.168197419,0.304814729,0.256,0.263,957189,0.8161,0.7159,0.5116,0.9914,0.8676,"Prince George's County, MD",Q4: Most vulnerable,FALSE,0.53955
24035,MD,"Queen Anne's County, MD",28577,0.220596984,0.148161109,0.631241908,0.219,0.224,50316,0.043,0.1215,0.112,0.4496,0.0188,"Queen Anne's County, MD",Q1: Least vulnerable,FALSE,0.1335
24037,MD,"St. Mary's County, MD",52720,0.023216995,0.199791351,0.776991654,0.458,0.455,113814,0.2466,0.0945,0.4057,0.6449,0.4244,"St. Mary's County, MD",Q1: Least vulnerable,FALSE,0.3508
24039,MD,"Somerset County, MD",15261,0.070572046,0.243365441,0.686062512,0.845,0.87,24672,0.8794,0.797,0.4639,0.861,0.987,"Somerset County, MD",Q4: Most vulnerable,TRUE,0.8747
24041,MD,"Talbot County, MD",24516,0.18852994,0.233439387,0.578030674,0.433,0.442,37663,0.3338,0.1852,0.7935,0.5854,0.2316,"Talbot County, MD",Q2,FALSE,0.3879
24043,MD,"Washington County, MD",65918,0.357231712,0.122091083,0.520677205,0.355,0.362,154645,0.6325,0.4788,0.5867,0.5867,0.7846,"Washington County, MD",Q3,FALSE,0.49724999999999997
24045,MD,"Wicomico County, MD",48950,0.24762002,0.218222676,0.534157303,0.761,0.777,103815,0.7916,0.7178,0.5829,0.7735,0.8438,"Wicomico County, MD",Q4: Most vulnerable,TRUE,0.7843
24047,MD,"Worcester County, MD",39351,0.311707453,0.245660847,0.442631699,0.549,0.562,52827,0.4305,0.3933,0.3697,0.5437,0.4798,"Worcester County, MD",Q2,FALSE,0.49625
24510,MD,"Baltimore city, MD",226220,0.949319247,0,0.050680753,0.089,0.084,584548,0.8565,0.811,0.6169,0.9698,0.8466,"Baltimore city, MD",Q4: Most vulnerable,FALSE,0.47025
25001,MA,"Barnstable County, MA",172875,0.51676645,0.189321764,0.293911786,0.115,0.168,229436,0.1279,0.1537,0.3003,0.3917,0.1107,"Barnstable County, MA",Q1: Least vulnerable,FALSE,0.14795000000000003
25003,MA,"Berkshire County, MA",79300,0.067919294,0.294640605,0.637440101,0.138,0.138,128763,0.4235,0.3242,0.4311,0.3939,0.6061,"Berkshire County, MA",Q2,FALSE,0.28075
25005,MA,"Bristol County, MA",209224,0.352937522,0.295429779,0.3516327,0.103,0.113,576699,0.6227,0.5148,0.6332,0.5558,0.699,"Bristol County, MA",Q3,FALSE,0.36785
25007,MA,"Dukes County, MA",21416,0.225999253,0.204146433,0.569854315,0.132,0.176,20543,0.133,0.3821,0.2704,0.5094,0.0064,"Dukes County, MA",Q1: Least vulnerable,FALSE,0.1545
25009,MA,"Essex County, MA",246432,0.47604613,0.307042105,0.216911765,0.18,0.208,806103,0.6055,0.3869,0.5584,0.7038,0.8024,"Essex County, MA",Q3,FALSE,0.40675
25011,MA,"Franklin County, MA",43671,0.030294704,0.307595429,0.662109867,0.134,0.14,70980,0.4375,0.3742,0.5619,0.3248,0.5037,"Franklin County, MA",Q2,FALSE,0.28875
25013,MA,"Hampden County, MA",175474,0.449736143,0.226876916,0.323386941,0.16,0.173,464575,0.8177,0.6637,0.8638,0.7798,0.776,"Hampden County, MA",Q4: Most vulnerable,FALSE,0.49534999999999996
25015,MA,"Hampshire County, MA",68636,0.089064048,0.271198788,0.639737164,0.144,0.153,153931,0.2708,0.2463,0.0582,0.4763,0.664,"Hampshire County, MA",Q2,FALSE,0.21189999999999998
25017,MA,"Middlesex County, MA",462418,0.618872968,0.16821577,0.212911262,0.216,0.249,1623109,0.2854,0.1219,0.062,0.6885,0.8282,"Middlesex County, MA",Q2,FALSE,0.2672
25019,MA,"Nantucket County, MA",13765,0.356919724,0.314783872,0.328296404,0.13,0.166,14065,0.1031,0.1728,0.0442,0.6548,0.1199,"Nantucket County, MA",Q1: Least vulnerable,FALSE,0.13455
25021,MA,"Norfolk County, MA",222408,0.608678645,0.159517643,0.231803712,0.147,0.178,722112,0.2959,0.1378,0.126,0.6487,0.741,"Norfolk County, MA",Q2,FALSE,0.23695
25023,MA,"Plymouth County, MA",211920,0.278524915,0.286155153,0.435319932,0.122,0.147,529548,0.3064,0.1992,0.3605,0.5597,0.4715,"Plymouth County, MA",Q2,FALSE,0.2267
25025,MA,"Suffolk County, MA",118328,0.990036171,0.005696031,0.004267798,0.119,0.137,785443,0.7849,0.6853,0.1982,0.8988,0.978,"Suffolk County, MA",Q4: Most vulnerable,FALSE,0.46095
25027,MA,"Worcester County, MA",309075,0.197366335,0.331728545,0.47090512,0.182,0.193,858898,0.51,0.3373,0.406,0.6268,0.7423,"Worcester County, MA",Q3,FALSE,0.35150000000000003
26001,MI,"Alcona County, MI",17461,0.031556039,0.10434683,0.864097131,0.356,0.363,10238,0.1298,0.4203,0.2234,0.1094,0.0274,"Alcona County, MI",Q1: Least vulnerable,FALSE,0.2464
26003,MI,"Alger County, MI",9607,0.007286354,0.197252004,0.795461643,0.318,0.347,8866,0.2908,0.209,0.1075,0.4948,0.6866,"Alger County, MI",Q2,FALSE,0.31889999999999996
26005,MI,"Allegan County, MI",75432,0.164598579,0.219243822,0.616157599,0.078,0.074,120189,0.1677,0.1225,0.3694,0.3977,0.2278,"Allegan County, MI",Q1: Least vulnerable,FALSE,0.12084999999999999
26007,MI,"Alpena County, MI",24897,0.175282163,0.258223882,0.566493955,0.144,0.148,28911,0.4165,0.4951,0.4617,0.0881,0.4563,"Alpena County, MI",Q2,FALSE,0.28225
26009,MI,"Antrim County, MI",25997,0.054121629,0.158018233,0.787860138,0.204,0.206,23662,0.0566,0.1479,0.0904,0.1339,0.0977,"Antrim County, MI",Q1: Least vulnerable,FALSE,0.1313
26011,MI,"Arenac County, MI",16532,0.061577547,0.310730704,0.627691749,0.258,0.253,15031,0.377,0.4696,0.5052,0.1276,0.3306,"Arenac County, MI",Q2,FALSE,0.315
26013,MI,"Baraga County, MI",7763,0.01313925,0.194254798,0.792605951,0.345,0.351,8245,0.4178,0.2975,0.202,0.6402,0.7006,"Baraga County, MI",Q2,FALSE,0.38439999999999996
26015,MI,"Barry County, MI",43216,0.090545168,0.231835431,0.6776194,0.095,0.089,62581,0.0668,0.1604,0.1206,0.1753,0.0865,"Barry County, MI",Q1: Least vulnerable,FALSE,0.0779
26017,MI,"Bay County, MI",62193,0.656295725,0.084816619,0.258887656,0.107,0.109,103752,0.294,0.371,0.3048,0.3248,0.2978,"Bay County, MI",Q2,FALSE,0.20149999999999998
26019,MI,"Benzie County, MI",16845,0.02202434,0.126447017,0.851528644,0.154,0.15,18058,0.0818,0.2456,0.0547,0.1861,0.1056,"Benzie County, MI",Q1: Least vulnerable,FALSE,0.1159
26021,MI,"Berrien County, MI",93806,0.324019786,0.205146792,0.470833422,0.072,0.071,153938,0.6338,0.6179,0.5743,0.6223,0.5737,"Berrien County, MI",Q3,FALSE,0.3524
26023,MI,"Branch County, MI",33875,0.565608856,0.042538745,0.391852399,0.034,0.031,44795,0.7181,0.5883,0.6949,0.3248,0.8921,"Branch County, MI",Q3,FALSE,0.37455
26025,MI,"Calhoun County, MI",78311,0.319891203,0.223250884,0.456857913,0.072,0.069,134011,0.6815,0.5982,0.678,0.5867,0.6888,"Calhoun County, MI",Q3,FALSE,0.37525
26027,MI,"Cass County, MI",41230,0.200097017,0.242299297,0.557603687,0.049,0.048,51604,0.2122,0.3554,0.2097,0.4356,0.1324,"Cass County, MI",Q1: Least vulnerable,FALSE,0.1301
26029,MI,"Charlevoix County, MI",24657,0.02388774,0.259926187,0.716186073,0.127,0.127,26174,0.1518,0.1759,0.2542,0.1753,0.2418,"Charlevoix County, MI",Q1: Least vulnerable,FALSE,0.1394
26031,MI,"Cheboygan County, MI",28650,0.108760908,0.084642234,0.806596859,0.158,0.171,25709,0.2599,0.4995,0.2281,0.2781,0.139,"Cheboygan County, MI",Q2,FALSE,0.21545000000000003
26033,MI,"Chippewa County, MI",30711,0.163198854,0.104880987,0.731920159,0.588,0.581,36670,0.6373,0.5574,0.1769,0.6971,0.9112,"Chippewa County, MI",Q3,FALSE,0.60915
26035,MI,"Clare County, MI",30698,0.024789889,0.197569874,0.777640237,0.199,0.207,30998,0.693,0.9068,0.5527,0.1094,0.5339,"Clare County, MI",Q3,FALSE,0.44999999999999996
26037,MI,"Clinton County, MI",48733,0.418299715,0.076498471,0.505201814,0.05,0.048,79249,0.0414,0.0554,0.1136,0.3388,0.0802,"Clinton County, MI",Q1: Least vulnerable,FALSE,0.044700000000000004
26039,MI,"Crawford County, MI",15598,0.006154635,0.142710604,0.851134761,0.625,0.67,13197,0.3707,0.5157,0.4276,0.182,0.2739,"Crawford County, MI",Q2,FALSE,0.52035
26041,MI,"Delta County, MI",31847,0.104154237,0.280340377,0.615505385,0.32,0.326,36839,0.335,0.3506,0.2402,0.2536,0.5463,"Delta County, MI",Q2,FALSE,0.3305
26043,MI,"Dickinson County, MI",20680,0.008365571,0.501740812,0.489893617,0.455,0.445,25937,0.0945,0.0576,0.1798,0.1225,0.3589,"Dickinson County, MI",Q1: Least vulnerable,FALSE,0.26975
26045,MI,"Eaton County, MI",61864,0.366820768,0.137575973,0.495603259,0.068,0.064,109072,0.1782,0.1244,0.265,0.503,0.2886,"Eaton County, MI",Q1: Least vulnerable,FALSE,0.1211
26047,MI,"Emmet County, MI",28114,0.051362311,0.231343814,0.717293875,0.109,0.109,34072,0.1149,0.1406,0.0706,0.3118,0.2994,"Emmet County, MI",Q1: Least vulnerable,FALSE,0.11195
26049,MI,"Genesee County, MI",222097,0.588922858,0.043453986,0.367623156,0.074,0.067,405280,0.6573,0.6424,0.7369,0.6513,0.4683,"Genesee County, MI",Q3,FALSE,0.36214999999999997
26051,MI,"Gladwin County, MI",27817,0.061077758,0.185066686,0.753855556,0.242,0.238,25461,0.5202,0.7133,0.4349,0.0821,0.4687,"Gladwin County, MI",Q3,FALSE,0.3791
26053,MI,"Gogebic County, MI",15071,0.005772676,0.360029195,0.634198129,0.155,0.156,14597,0.2418,0.3178,0.1686,0.2587,0.3506,"Gogebic County, MI",Q1: Least vulnerable,FALSE,0.1989
26055,MI,"Grand Traverse County, MI",54497,0.222837954,0.145053856,0.632108189,0.208,0.222,95315,0.2033,0.1737,0.0856,0.2214,0.6227,"Grand Traverse County, MI",Q1: Least vulnerable,FALSE,0.21265
26057,MI,"Gratiot County, MI",28586,0.592632757,0.017316169,0.390051074,0.031,0.03,41534,0.4171,0.3509,0.1839,0.4356,0.7251,"Gratiot County, MI",Q2,FALSE,0.22355000000000003
26059,MI,"Hillsdale County, MI",37134,0.245650886,0.186702214,0.5676469,0.053,0.049,45698,0.483,0.4703,0.322,0.1225,0.7751,"Hillsdale County, MI",Q2,FALSE,0.266
26061,MI,"Houghton County, MI",24007,0.008497522,0.417169992,0.574332486,0.354,0.349,37414,0.4213,0.5259,0.0216,0.2444,0.8778,"Houghton County, MI",Q2,FALSE,0.38515
26063,MI,"Huron County, MI",36744,0.476649249,0.101730895,0.421619856,0.026,0.025,31461,0.2046,0.3703,0.2227,0.0757,0.2014,"Huron County, MI",Q1: Least vulnerable,FALSE,0.1148
26065,MI,"Ingham County, MI",123574,0.619021801,0.109108712,0.271869487,0.085,0.077,282540,0.5759,0.5326,0.1282,0.6911,0.8543,"Ingham County, MI",Q3,FALSE,0.32644999999999996
26067,MI,"Ionia County, MI",40452,0.240062296,0.236032829,0.523904875,0.06,0.058,66663,0.3296,0.294,0.0786,0.4085,0.7378,"Ionia County, MI",Q2,FALSE,0.1938
26069,MI,"Iosco County, MI",26612,0.040169848,0.305764317,0.654065835,0.441,0.455,25319,0.4362,0.6682,0.3987,0.1985,0.2444,"Iosco County, MI",Q2,FALSE,0.4456
26071,MI,"Iron County, MI",14795,0.002365664,0.24035147,0.757282866,0.382,0.37,11585,0.3239,0.3493,0.4308,0.1457,0.4213,"Iron County, MI",Q2,FALSE,0.34695
26073,MI,"Isabella County, MI",35967,0.419579059,0.073567437,0.506853505,0.081,0.083,64938,0.5711,0.7881,0.0153,0.4445,0.8883,"Isabella County, MI",Q3,FALSE,0.32705
26075,MI,"Jackson County, MI",91345,0.237976901,0.233072418,0.528950681,0.113,0.106,160637,0.5014,0.4279,0.3535,0.4725,0.706,"Jackson County, MI",Q3,FALSE,0.30369999999999997
26077,MI,"Kalamazoo County, MI",111435,0.357428097,0.243397496,0.399174407,0.075,0.072,261426,0.4257,0.4098,0.1486,0.5927,0.6109,"Kalamazoo County, MI",Q2,FALSE,0.24885000000000002
26079,MI,"Kalkaska County, MI",18998,0.013738288,0.111643331,0.874618381,0.363,0.378,17934,0.3035,0.5332,0.1966,0.1861,0.2561,"Kalkaska County, MI",Q2,FALSE,0.34075
26081,MI,"Kent County, MI",269520,0.594709112,0.113620511,0.291670377,0.116,0.11,657321,0.4464,0.2587,0.4674,0.6437,0.6239,"Kent County, MI",Q2,FALSE,0.2782
26083,MI,"Keweenaw County, MI",3194,0.036944271,0.271446462,0.691609267,0.325,0.326,2088,0.0076,0.1098,0.0929,0.0229,0.0029,"Keweenaw County, MI",Q1: Least vulnerable,FALSE,0.1668
26085,MI,"Lake County, MI",14598,0.010754898,0.082819564,0.906425538,0.293,0.308,12285,0.721,0.9259,0.3118,0.5119,0.5342,"Lake County, MI",Q3,FALSE,0.5145
26087,MI,"Lapeer County, MI",58591,0.141096755,0.085337338,0.773565906,0.07,0.065,88687,0.2065,0.2507,0.2644,0.2733,0.2571,"Lapeer County, MI",Q1: Least vulnerable,FALSE,0.13574999999999998
26089,MI,"Leelanau County, MI",21985,0.050034114,0.143188538,0.806777348,0.134,0.13,22426,0.0118,0.0328,0.0687,0.3016,0.0229,"Leelanau County, MI",Q1: Least vulnerable,FALSE,0.0709
26091,MI,"Lenawee County, MI",64098,0.472916472,0.100923586,0.426159943,0.031,0.026,99263,0.4403,0.4171,0.3662,0.4165,0.5441,"Lenawee County, MI",Q2,FALSE,0.23315000000000002
26093,MI,"Livingston County, MI",94447,0.102237234,0.253295499,0.644467267,0.127,0.118,194302,0.0041,0.0318,0.0162,0.1339,0.049,"Livingston County, MI",Q1: Least vulnerable,FALSE,0.06105
26095,MI,"Luce County, MI",6933,0.01254868,0.243617482,0.743833838,0.404,0.45,5442,0.5313,0.5005,0.5698,0.5218,0.5037,"Luce County, MI",Q3,FALSE,0.49065000000000003
26097,MI,"Mackinac County, MI",16014,0.092918696,0.168040465,0.739040839,0.457,0.432,10843,0.6211,0.6029,0.448,0.6437,0.6465,"Mackinac County, MI",Q3,FALSE,0.52655
26099,MI,"Macomb County, MI",362728,0.913612955,0.009784191,0.076602854,0.055,0.049,878453,0.4079,0.4127,0.4095,0.5867,0.3353,"Macomb County, MI",Q2,FALSE,0.22845
26101,MI,"Manistee County, MI",22202,0.063372669,0.239347807,0.697279524,0.234,0.241,25058,0.3583,0.3961,0.2724,0.3592,0.4438,"Manistee County, MI",Q2,FALSE,0.29964999999999997
26103,MI,"Marquette County, MI",40974,0.069971201,0.330477864,0.599550935,0.514,0.529,66376,0.2291,0.3277,0.0353,0.2323,0.5571,"Marquette County, MI",Q1: Least vulnerable,FALSE,0.37905
26105,MI,"Mason County, MI",24431,0.132413737,0.236420941,0.631165323,0.222,0.227,29178,0.3812,0.3598,0.3032,0.2816,0.5756,"Mason County, MI",Q2,FALSE,0.3041
26107,MI,"Mecosta County, MI",29074,0.038178441,0.288608379,0.67321318,0.176,0.181,40128,0.6102,0.6141,0.2418,0.2816,0.9122,"Mecosta County, MI",Q3,FALSE,0.39559999999999995
26109,MI,"Menominee County, MI",24389,0.200992251,0.135798926,0.663208824,0.198,0.193,23433,0.1553,0.181,0.1565,0.2062,0.3194,"Menominee County, MI",Q1: Least vulnerable,FALSE,0.17415
26111,MI,"Midland County, MI",47572,0.281909527,0.130770201,0.587320272,0.129,0.124,83503,0.1683,0.1473,0.1257,0.2854,0.4413,"Midland County, MI",Q1: Least vulnerable,FALSE,0.14615
26113,MI,"Missaukee County, MI",16407,0.036813555,0.236667276,0.726519169,0.237,0.248,15089,0.4757,0.6246,0.5663,0.2062,0.2991,"Missaukee County, MI",Q2,FALSE,0.36185
26115,MI,"Monroe County, MI",91437,0.630160657,0.02708969,0.342749653,0.06,0.058,154823,0.1588,0.2771,0.1066,0.2914,0.2046,"Monroe County, MI",Q1: Least vulnerable,FALSE,0.1084
26117,MI,"Montcalm County, MI",44914,0.184797613,0.219708777,0.59549361,0.123,0.133,66901,0.4607,0.4722,0.1833,0.335,0.7273,"Montcalm County, MI",Q2,FALSE,0.29685
26119,MI,"Montmorency County, MI",14521,0.010467599,0.099028992,0.890503409,0.297,0.313,9261,0.4311,0.7518,0.3977,0.0627,0.1957,"Montmorency County, MI",Q2,FALSE,0.37205
26121,MI,"Muskegon County, MI",87599,0.337264124,0.192159728,0.470576148,0.175,0.171,175947,0.63,0.5091,0.4798,0.6029,0.7945,"Muskegon County, MI",Q3,FALSE,0.4005
26123,MI,"Newaygo County, MI",38239,0.050628939,0.198174638,0.751196423,0.254,0.264,50130,0.5463,0.5367,0.6974,0.3322,0.4868,"Newaygo County, MI",Q3,FALSE,0.40515
26125,MI,"Oakland County, MI",504353,0.667566169,0.086040928,0.246392903,0.103,0.092,1272264,0.1435,0.1298,0.1225,0.6656,0.2119,"Oakland County, MI",Q1: Least vulnerable,FALSE,0.11775
26127,MI,"Oceana County, MI",24719,0.024798738,0.272745661,0.702455601,0.202,0.202,26707,0.6252,0.5212,0.7051,0.5218,0.6443,"Oceana County, MI",Q3,FALSE,0.41359999999999997
26129,MI,"Ogemaw County, MI",24392,0.079124303000000007,0.135495244,0.785380453,0.486,0.518,20820,0.4766,0.6503,0.4919,0.1152,0.3681,"Ogemaw County, MI",Q2,FALSE,0.4973
26131,MI,"Ontonagon County, MI",8818,0.006577455,0.196303017,0.797119528,0.407,0.393,5862,0.1269,0.2899,0.2033,0.1037,0.0939,"Ontonagon County, MI",Q1: Least vulnerable,FALSE,0.25995
26133,MI,"Osceola County, MI",22501,0.051197725,0.208257411,0.740544865,0.163,0.166,23022,0.5924,0.6608,0.6115,0.182,0.5924,"Osceola County, MI",Q3,FALSE,0.37920000000000004
26135,MI,"Oscoda County, MI",12773,0.001878963,0.090190245,0.907930792,0.65,0.704,8264,0.5797,0.8801,0.5482,0.0932,0.2778,"Oscoda County, MI",Q3,FALSE,0.64185
26137,MI,"Otsego County, MI",20858,0.011362547,0.184677342,0.803960111,0.328,0.338,25221,0.2759,0.3322,0.5692,0.0983,0.2339,"Otsego County, MI",Q2,FALSE,0.30695
26139,MI,"Ottawa County, MI",123523,0.445317876,0.169668807,0.385013317,0.101,0.095,296183,0.1371,0.0544,0.119,0.4814,0.4801,"Ottawa County, MI",Q1: Least vulnerable,FALSE,0.11605
26141,MI,"Presque Isle County, MI",17552,0.056973564,0.238890155,0.704136281,0.129,0.143,13083,0.1957,0.356,0.3083,0.0579,0.1534,"Presque Isle County, MI",Q1: Least vulnerable,FALSE,0.16935
26143,MI,"Roscommon County, MI",29174,0.063686844,0.301706999,0.634606156,0.44,0.465,23556,0.3898,0.5129,0.5065,0.1696,0.2781,"Roscommon County, MI",Q2,FALSE,0.4274
26145,MI,"Saginaw County, MI",110125,0.637884222,0.042706016,0.319409762,0.039,0.038,189821,0.6707,0.601,0.6774,0.6885,0.6013,"Saginaw County, MI",Q3,FALSE,0.35435
26147,MI,"St. Clair County, MI",98860,0.407374064,0.063878212,0.528747724,0.063,0.06,160257,0.2914,0.4302,0.3707,0.2781,0.1985,"St. Clair County, MI",Q2,FALSE,0.1757
26149,MI,"St. Joseph County, MI",41274,0.448078694,0.105974706,0.445946601,0.032,0.029,60887,0.5905,0.5667,0.763,0.4248,0.4712,"St. Joseph County, MI",Q3,FALSE,0.30975
26151,MI,"Sanilac County, MI",42222,0.432523329,0.036521245,0.530955426,0.026,0.024,40759,0.4613,0.5577,0.5017,0.1508,0.4397,"Sanilac County, MI",Q2,FALSE,0.24265
26153,MI,"Schoolcraft County, MI",9582,0.026508036,0.24159883099999999,0.731893133,0.418,0.439,8062,0.552,0.7016,0.6265,0.434,0.2762,"Schoolcraft County, MI",Q3,FALSE,0.49550000000000005
26155,MI,"Shiawassee County, MI",47639,0.473624551,0.049455278,0.47692017,0.05,0.046,68124,0.1489,0.2224,0.1709,0.1339,0.2383,"Shiawassee County, MI",Q1: Least vulnerable,FALSE,0.09745000000000001
26157,MI,"Tuscola County, MI",43641,0.255264545,0.132306776,0.612428679,0.056,0.054,53218,0.2841,0.3786,0.2555,0.2109,0.3544,"Tuscola County, MI",Q2,FALSE,0.16905
26159,MI,"Van Buren County, MI",54323,0.095153066,0.226220938,0.678625996,0.077,0.072,75636,0.6494,0.5593,0.7413,0.5326,0.6281,"Van Buren County, MI",Q3,FALSE,0.36069999999999997
26161,MI,"Washtenaw County, MI",138564,0.48875609800000003,0.126591322,0.384652579,0.118,0.108,370231,0.3223,0.2571,0.0232,0.6847,0.8056,"Washtenaw County, MI",Q2,FALSE,0.21514999999999998
26163,MI,"Wayne County, MI",835554,0.951058818,0.005592697,0.043348485,0.117,0.106,1781641,0.861,0.8234,0.881,0.8769,0.6367,"Wayne County, MI",Q4: Most vulnerable,FALSE,0.4835
26165,MI,"Wexford County, MI",25312,0.161859987,0.143844817,0.694295196,0.214,0.221,33766,0.5056,0.5355,0.5581,0.2109,0.5288,"Wexford County, MI",Q3,FALSE,0.3633
27001,MN,"Aitkin County, MN",26656,0.028136255,0.075855342,0.896008403,0.373,0.372,15859,0.2838,0.4464,0.2698,0.1508,0.2755,"Aitkin County, MN",Q2,FALSE,0.32789999999999997
27003,MN,"Anoka County, MN",142862,0.538260699,0.069577634,0.392161667,0.444,0.514,363985,0.1807,0.0837,0.3303,0.5654,0.3178,"Anoka County, MN",Q1: Least vulnerable,FALSE,0.34735
27005,MN,"Becker County, MN",35931,0.125295706,0.090256325,0.78444797,0.521,0.557,35202,0.3808,0.2615,0.4451,0.4165,0.5616,"Becker County, MN",Q2,FALSE,0.46890000000000004
27007,MN,"Beltrami County, MN",36422,0.129976388,0.059359728,0.810663884,0.736,0.771,46274,0.755,0.5768,0.4572,0.6548,0.9647,"Beltrami County, MN",Q4: Most vulnerable,TRUE,0.763
27009,MN,"Benton County, MN",23800,0.442142857,0.153487395,0.404369748,0.449,0.455,41300,0.3719,0.1362,0.4136,0.3748,0.8301,"Benton County, MN",Q2,FALSE,0.41345
27011,MN,"Big Stone County, MN",7804,0.47808816,0.026652998,0.495258842,0.384,0.478,5161,0.0881,0.0592,0.1855,0.0474,0.3567,"Big Stone County, MN",Q1: Least vulnerable,FALSE,0.28304999999999997
27013,MN,"Blue Earth County, MN",36298,0.611741694,0.070196705,0.318061601,0.111,0.132,69022,0.3831,0.2822,0.0433,0.4018,0.9325,"Blue Earth County, MN",Q2,FALSE,0.25755
27015,MN,"Brown County, MN",24975,0.725125125,0.037117117,0.237757758,0.098,0.125,25880,0.1145,0.05,0.237,0.1928,0.413,"Brown County, MN",Q1: Least vulnerable,FALSE,0.11975
27017,MN,"Carlton County, MN",27548,0.039022797,0.198852911,0.762124292,0.289,0.285,36362,0.3678,0.21,0.4808,0.3649,0.6386,"Carlton County, MN",Q2,FALSE,0.3264
27019,MN,"Carver County, MN",44709,0.578384665,0.084009931,0.337605404,0.2,0.22,107216,0.0337,0.0048,0.1954,0.3818,0.0862,"Carver County, MN",Q1: Least vulnerable,FALSE,0.12685
27021,MN,"Cass County, MN",42825,0.025522475,0.066853473,0.907624051,0.38,0.398,30288,0.3465,0.4763,0.2291,0.5202,0.2657,"Cass County, MN",Q2,FALSE,0.37224999999999997
27023,MN,"Chippewa County, MN",12639,0.619431917,0.014478994,0.366089089,0.24,0.306,12466,0.6452,0.5145,0.8024,0.4222,0.6806,"Chippewa County, MN",Q3,FALSE,0.4756
27025,MN,"Chisago County, MN",34712,0.146347085,0.136984328,0.716668587,0.381,0.399,56927,0.0426,0.0385,0.0251,0.2323,0.3131,"Chisago County, MN",Q1: Least vulnerable,FALSE,0.2208
27027,MN,"Clay County, MN",32503,0.672922499,0.012091192,0.314986309,0.414,0.425,65307,0.4381,0.2514,0.2383,0.4314,0.8807,"Clay County, MN",Q2,FALSE,0.43155
27029,MN,"Clearwater County, MN",11436,0.071178734,0.086131515,0.842689752,0.648,0.68,8541,0.7779,0.7381,0.5552,0.4658,0.9109,"Clearwater County, MN",Q4: Most vulnerable,FALSE,0.72895
27031,MN,"Cook County, MN",8139,0.028013269,0.120285047,0.851701683,0.869,0.888,5611,0.084,0.0503,0.1298,0.4378,0.2253,"Cook County, MN",Q1: Least vulnerable,FALSE,0.486
27033,MN,"Cottonwood County, MN",13918,0.58427935,0.011136658,0.404583992,0.128,0.168,11481,0.4903,0.1823,0.9004,0.4613,0.6102,"Cottonwood County, MN",Q2,FALSE,0.32915
27035,MN,"Crow Wing County, MN",57163,0.056802477,0.149782202,0.793415321,0.423,0.429,66558,0.2087,0.2889,0.2393,0.1152,0.2984,"Crow Wing County, MN",Q1: Least vulnerable,FALSE,0.31884999999999997
27037,MN,"Dakota County, MN",150432,0.678957934,0.114922357,0.206119709,0.186,0.192,439179,0.1492,0.0601,0.4123,0.6013,0.2071,"Dakota County, MN",Q1: Least vulnerable,FALSE,0.1706
27039,MN,"Dodge County, MN",16516,0.569084524,0.037418261,0.393497215,0.019,0.02,20893,0.0401,0.0111,0.1839,0.265,0.1543,"Dodge County, MN",Q1: Least vulnerable,FALSE,0.03005
27041,MN,"Douglas County, MN",31974,0.406173766,0.02132983,0.572496403,0.33,0.352,39081,0.1174,0.0614,0.2886,0.0675,0.3971,"Douglas County, MN",Q1: Least vulnerable,FALSE,0.2347
27043,MN,"Faribault County, MN",18373,0.637293855,0.010885539,0.351820606,0.021,0.032,13931,0.1629,0.1661,0.3742,0.328,0.1734,"Faribault County, MN",Q1: Least vulnerable,FALSE,0.09745
27045,MN,"Fillmore County, MN",25762,0.289845509,0.203400357,0.506754134,0.098,0.096,21251,0.2004,0.1584,0.371,0.0579,0.433,"Fillmore County, MN",Q1: Least vulnerable,FALSE,0.1482
27047,MN,"Freeborn County, MN",26371,0.663418149,0.002502749,0.334079102,0.068,0.091,30857,0.4986,0.3516,0.7203,0.4763,0.524,"Freeborn County, MN",Q2,FALSE,0.2948
27049,MN,"Goodhue County, MN",35916,0.27363849,0.256710101,0.469651409,0.106,0.103,47697,0.1645,0.1266,0.1196,0.2733,0.4979,"Goodhue County, MN",Q1: Least vulnerable,FALSE,0.13375
27051,MN,"Grant County, MN",8215,0.389166159,0.069750456,0.541083384,0.212,0.266,6091,0.1998,0.2323,0.4951,0.1339,0.1861,"Grant County, MN",Q1: Least vulnerable,FALSE,0.2329
27053,MN,"Hennepin County, MN",432782,0.80397752199999994,0.059681318,0.13634116,0.299,0.32,1270787,0.4108,0.1979,0.1979,0.7038,0.8126,"Hennepin County, MN",Q2,FALSE,0.3654
27055,MN,"Houston County, MN",18456,0.036736021,0.395318596,0.567945384,0.222,0.213,18826,0.0207,0.0235,0.1546,0.0983,0.0716,"Houston County, MN",Q1: Least vulnerable,FALSE,0.11685
27057,MN,"Hubbard County, MN",25949,0.085513893,0.034490732,0.879995376,0.397,0.44,21479,0.2809,0.2358,0.2937,0.2364,0.5297,"Hubbard County, MN",Q2,FALSE,0.36045
27059,MN,"Isanti County, MN",27606,0.099471129,0.168731435,0.731797435,0.417,0.439,41257,0.0913,0.2081,0.1199,0.1861,0.0996,"Isanti County, MN",Q1: Least vulnerable,FALSE,0.26515
27061,MN,"Itasca County, MN",48218,0.014310009,0.198121034,0.787568958,0.234,0.249,45054,0.4012,0.3465,0.3089,0.314,0.6405,"Itasca County, MN",Q2,FALSE,0.3251
27063,MN,"Jackson County, MN",15277,0.493945146,0.053610002,0.452444852,0.185,0.228,9990,0.0856,0.0264,0.3503,0.2485,0.2386,"Jackson County, MN",Q1: Least vulnerable,FALSE,0.1568
27065,MN,"Kanabec County, MN",16621,0.051019794,0.120690692,0.828289513,0.481,0.475,16145,0.2612,0.308,0.1304,0.1225,0.5565,"Kanabec County, MN",Q2,FALSE,0.3681
27067,MN,"Kandiyohi County, MN",32909,0.46923334,0.100246133,0.430520526,0.276,0.302,43686,0.5383,0.2765,0.7684,0.5667,0.6895,"Kandiyohi County, MN",Q3,FALSE,0.42015
27069,MN,"Kittson County, MN",7520,0.31037234,0.095345745,0.594281915,0.895,0.89,4191,0.0958,0.0232,0.1123,0.1037,0.609,"Kittson County, MN",Q1: Least vulnerable,FALSE,0.4929
27071,MN,"Koochiching County, MN",15890,0.139081183,0.256073002,0.604845815,0.397,0.405,12072,0.3118,0.1989,0.5119,0.2536,0.5323,"Koochiching County, MN",Q2,FALSE,0.35840000000000005
27073,MN,"Lac qui Parle County, MN",12064,0.451259947,0.035477454,0.513262599,0.384,0.475,6736,0.0535,0.0169,0.4932,0.0932,0.1276,"Lac qui Parle County, MN",Q1: Least vulnerable,FALSE,0.26425
27075,MN,"Lake County, MN",11932,0.011230305,0.30497821,0.683791485,0.692,0.757,10915,0.0805,0.0741,0.2873,0.0474,0.1934,"Lake County, MN",Q1: Least vulnerable,FALSE,0.41875
27077,MN,"Lake of the Woods County, MN",7317,0.041820418,0.145004783,0.813174798,0.639,0.661,3786,0.0417,0.0942,0.0264,0.2265,0.1588,"Lake of the Woods County, MN",Q1: Least vulnerable,FALSE,0.35135
27079,MN,"Le Sueur County, MN",22978,0.469274959,0.114761946,0.415963095,0.146,0.18,28795,0.0694,0.069,0.3408,0.2879,0.0786,"Le Sueur County, MN",Q1: Least vulnerable,FALSE,0.1247
27081,MN,"Lincoln County, MN",9967,0.421089596,0.050767533,0.528142871,0.236,0.303,5630,0.069,0.0961,0.3073,0.0675,0.1002,"Lincoln County, MN",Q1: Least vulnerable,FALSE,0.186
27083,MN,"Lyon County, MN",20110,0.68264545,0.002337146,0.315017404,0.123,0.174,25352,0.5348,0.2125,0.7245,0.4913,0.8498,"Lyon County, MN",Q3,FALSE,0.35440000000000005
27085,MN,"McLeod County, MN",26376,0.720313922,0.008568396,0.271117683,0.109,0.135,36727,0.1126,0.0875,0.2603,0.3086,0.2087,"McLeod County, MN",Q1: Least vulnerable,FALSE,0.12380000000000001
27087,MN,"Mahnomen County, MN",6228,0.261721259,0.050417469,0.687861272,0.586,0.634,5389,0.9577,0.944,0.8645,0.8941,0.8708,"Mahnomen County, MN",Q4: Most vulnerable,FALSE,0.79585
27089,MN,"Marshall County, MN",14296,0.331491326,0.086387801,0.582120873,0.784,0.795,9017,0.1133,0.0414,0.4925,0.2062,0.2246,"Marshall County, MN",Q1: Least vulnerable,FALSE,0.45415
27091,MN,"Martin County, MN",21750,0.664965517,0,0.335034483,0.047,0.077,19960,0.2867,0.2364,0.504,0.2536,0.3859,"Martin County, MN",Q2,FALSE,0.18185
27093,MN,"Meeker County, MN",22259,0.545981401,0.028887192,0.425131408,0.168,0.191,23352,0.1018,0.0611,0.286,0.1508,0.2701,"Meeker County, MN",Q1: Least vulnerable,FALSE,0.1464
27095,MN,"Mille Lacs County, MN",22753,0.069573243,0.233419769,0.697006988,0.541,0.542,26680,0.5406,0.3754,0.6137,0.3484,0.7636,"Mille Lacs County, MN",Q3,FALSE,0.5413
27097,MN,"Morrison County, MN",35403,0.235799226,0.112589329,0.651611445,0.553,0.579,34023,0.1448,0.217,0.1394,0.0474,0.2997,"Morrison County, MN",Q1: Least vulnerable,FALSE,0.3619
27099,MN,"Mower County, MN",29365,0.70628299,0.019444917,0.274272093,0.022,0.025,40082,0.5021,0.1845,0.8215,0.6083,0.6697,"Mower County, MN",Q3,FALSE,0.26355
27101,MN,"Murray County, MN",13926,0.569725693,0.013069079,0.417205228,0.111,0.16,8170,0.0983,0.0719,0.5008,0.2733,0.0942,"Murray County, MN",Q1: Least vulnerable,FALSE,0.12915
27103,MN,"Nicollet County, MN",21020,0.473263559,0.239153187,0.287583254,0.173,0.209,34380,0.1877,0.0468,0.2781,0.3888,0.5943,"Nicollet County, MN",Q1: Least vulnerable,FALSE,0.19835
27105,MN,"Nobles County, MN",20540,0.66781889,0,0.33218111,0.048,0.073,22194,0.8323,0.5549,0.9599,0.8225,0.797,"Nobles County, MN",Q4: Most vulnerable,FALSE,0.45265
27107,MN,"Norman County, MN",9645,0.417625713,0.058786936,0.523587351,0.425,0.443,6457,0.2806,0.2326,0.2946,0.3535,0.4763,"Norman County, MN",Q2,FALSE,0.3618
27109,MN,"Olmsted County, MN",74538,0.558265583,0.10931337000000001,0.332421047,0.057,0.056,162307,0.2361,0.0627,0.2841,0.5654,0.6367,"Olmsted County, MN",Q1: Least vulnerable,FALSE,0.14605
27111,MN,"Otter Tail County, MN",67475,0.217739904,0.071626528,0.710633568,0.406,0.437,60072,0.3303,0.2482,0.4852,0.2444,0.5221,"Otter Tail County, MN",Q2,FALSE,0.38365
27113,MN,"Pennington County, MN",12681,0.481665484,0.013248167,0.50508635,0.691,0.726,13995,0.1416,0.0436,0.2205,0.3217,0.5091,"Pennington County, MN",Q1: Least vulnerable,FALSE,0.43379999999999996
27115,MN,"Pine County, MN",31473,0.038350332,0.108950529,0.852699139,0.378,0.38,29090,0.4919,0.4493,0.1689,0.3446,0.8482,"Pine County, MN",Q2,FALSE,0.43595
27117,MN,"Pipestone County, MN",11791,0.60681876,0.010601306,0.382579934,0.194,0.237,9380,0.2288,0.1059,0.7509,0.4248,0.2043,"Pipestone County, MN",Q1: Least vulnerable,FALSE,0.2329
27119,MN,"Polk County, MN",29385,0.478135103,0.053734899,0.468129998,0.532,0.561,31128,0.4365,0.2027,0.4018,0.4314,0.8428,"Polk County, MN",Q2,FALSE,0.49875
27121,MN,"Pope County, MN",14273,0.243957122,0.199187277,0.556855601,0.32,0.338,11312,0.028,0.0315,0.0585,0.0821,0.1779,"Pope County, MN",Q1: Least vulnerable,FALSE,0.18300000000000002
27123,MN,"Ramsey County, MN",195605,0.886173666,0.016681578,0.097144756,0.264,0.289,547202,0.7076,0.4346,0.5278,0.7881,0.9456,"Ramsey County, MN",Q3,FALSE,0.49829999999999997
27125,MN,"Red Lake County, MN",5661,0.190779014,0.219572514,0.589648472,0.519,0.537,3912,0.0891,0.0216,0.2978,0.2399,0.3143,"Red Lake County, MN",Q1: Least vulnerable,FALSE,0.31305
27127,MN,"Redwood County, MN",19835,0.608268213,0.02379632,0.367935468,0.083,0.111,15428,0.1794,0.1047,0.3341,0.4085,0.3223,"Redwood County, MN",Q1: Least vulnerable,FALSE,0.1452
27129,MN,"Renville County, MN",20293,0.642586113,0.03508599,0.322327896,0.093,0.117,14707,0.2482,0.118,0.4957,0.4057,0.4375,"Renville County, MN",Q1: Least vulnerable,FALSE,0.1826
27131,MN,"Rice County, MN",34128,0.410864979,0.195235584,0.393899437,0.145,0.165,67152,0.4598,0.2984,0.2491,0.5269,0.8253,"Rice County, MN",Q2,FALSE,0.3124
27133,MN,"Rock County, MN",11803,0.611369991,0.009997458,0.378632551,0.115,0.13,9659,0.1304,0.07,0.1594,0.1696,0.4887,"Rock County, MN",Q1: Least vulnerable,FALSE,0.13019999999999998
27135,MN,"Roseau County, MN",17505,0.209997144,0.099742931,0.690259926,0.849,0.856,15294,0.2504,0.139,0.4069,0.3016,0.5097,"Roseau County, MN",Q2,FALSE,0.5532
27137,MN,"St. Louis County, MN",148248,0.174633047,0.258903999,0.566462954,0.55,0.616,200122,0.3054,0.2542,0.0964,0.2816,0.7684,"St. Louis County, MN",Q2,FALSE,0.4607
27139,MN,"Scott County, MN",57882,0.472616703,0.164731696,0.362651602,0.23,0.248,151347,0.1034,0.0175,0.4359,0.5616,0.1807,"Scott County, MN",Q1: Least vulnerable,FALSE,0.1757
27141,MN,"Sherburne County, MN",46388,0.153703544,0.186772441,0.659524015,0.435,0.448,97820,0.1047,0.0245,0.3799,0.3592,0.2612,"Sherburne County, MN",Q1: Least vulnerable,FALSE,0.27635
27143,MN,"Sibley County, MN",18078,0.552937272,0.111406129,0.335656599,0.085,0.11,14950,0.1139,0.0624,0.168,0.3675,0.3293,"Sibley County, MN",Q1: Least vulnerable,FALSE,0.11195
27145,MN,"Stearns County, MN",91960,0.427490213,0.194399739,0.378110048,0.327,0.333,158622,0.4572,0.2673,0.3035,0.4725,0.8473,"Stearns County, MN",Q2,FALSE,0.3951
27147,MN,"Steele County, MN",23969,0.708790521,0.008636155,0.282573324,0.061,0.082,37396,0.3105,0.1562,0.524,0.4273,0.5247,"Steele County, MN",Q2,FALSE,0.19625
27149,MN,"Stevens County, MN",9658,0.596500311,5.17706e-4,0.402981984,0.196,0.264,9682,0.1728,0.0732,0.1435,0.42,0.5555,"Stevens County, MN",Q1: Least vulnerable,FALSE,0.2184
27151,MN,"Swift County, MN",12511,0.331947886,0.25289745,0.415154664,0.326,0.388,9806,0.5119,0.3204,0.9618,0.3503,0.3487,"Swift County, MN",Q3,FALSE,0.44995
27153,MN,"Todd County, MN",30434,0.116481567,0.182821844,0.700696589,0.438,0.467,25277,0.5915,0.4031,0.7763,0.363,0.7331,"Todd County, MN",Q3,FALSE,0.52925
27155,MN,"Traverse County, MN",6044,0.484447386,0.071144937,0.444407677,0.268,0.354,3345,0.1829,0.0713,0.4257,0.3977,0.3691,"Traverse County, MN",Q1: Least vulnerable,FALSE,0.26844999999999997
27157,MN,"Wabasha County, MN",21414,0.250677127,0.297468946,0.451853927,0.122,0.12,21460,0.0986,0.0449,0.3293,0.0983,0.2949,"Wabasha County, MN",Q1: Least vulnerable,FALSE,0.1093
27159,MN,"Wadena County, MN",13827,0.10298691,0.176900268,0.720112823,0.573,0.64,14108,0.7448,0.5027,0.7604,0.2265,0.9822,"Wadena County, MN",Q3,FALSE,0.6924
27161,MN,"Waseca County, MN",15185,0.650971353,0.015673362,0.333355285,0.071,0.108,18953,0.2195,0.1158,0.4973,0.3388,0.3818,"Waseca County, MN",Q1: Least vulnerable,FALSE,0.16375
27163,MN,"Washington County, MN",103089,0.507154013,0.108808893,0.384037094,0.289,0.302,268651,0.0503,0.0134,0.1938,0.5326,0.1263,"Washington County, MN",Q1: Least vulnerable,FALSE,0.17615
27165,MN,"Watonwan County, MN",11721,0.671444416,0,0.328555584,0.036,0.065,11205,0.6583,0.5199,0.7261,0.6701,0.6557,"Watonwan County, MN",Q3,FALSE,0.36165
27167,MN,"Wilkin County, MN",8179,0.609609977,0.013693606,0.376696418,0.236,0.288,6454,0.1556,0.1629,0.0729,0.2164,0.4941,"Wilkin County, MN",Q1: Least vulnerable,FALSE,0.2218
27169,MN,"Winona County, MN",32068,0.196925284,0.41892229,0.384152426,0.158,0.154,49792,0.2377,0.2208,0.0134,0.2816,0.8664,"Winona County, MN",Q1: Least vulnerable,FALSE,0.19585
27171,MN,"Wright County, MN",72315,0.474617991,0.076332711,0.449049298,0.229,0.245,142543,0.0235,0.0165,0.1149,0.2914,0.0827,"Wright County, MN",Q1: Least vulnerable,FALSE,0.13425
27173,MN,"Yellow Medicine County, MN",14281,0.545480008,0.005671872,0.44884812,0.174,0.21,9569,0.237,0.076,0.5829,0.335,0.483,"Yellow Medicine County, MN",Q1: Least vulnerable,FALSE,0.22349999999999998
28001,MS,"Adams County, MS",17417,0.002239192,0.308606534,0.689154275,0.503,0.481,29425,0.971,0.9523,0.9402,0.936,0.8393,"Adams County, MS",Q4: Most vulnerable,FALSE,0.726
28003,MS,"Alcorn County, MS",22501,0.049997778,0.100128883,0.849873339,0.651,0.609,34717,0.8944,0.9494,0.6761,0.5161,0.8785,"Alcorn County, MS",Q4: Most vulnerable,FALSE,0.7517
28005,MS,"Amite County, MS",12368,8.0854e-5,0.044469599,0.955449547,0.757,0.718,12683,0.7894,0.7808,0.9348,0.8027,0.3646,"Amite County, MS",Q4: Most vulnerable,FALSE,0.7537
28007,MS,"Attala County, MS",13200,0.002121212,0.082424242,0.915454545,0.664,0.627,17842,0.957,0.9411,0.8893,0.8549,0.8603,"Attala County, MS",Q4: Most vulnerable,FALSE,0.792
28009,MS,"Benton County, MS",7013,0.001425923,0.064736917,0.93383716,0.757,0.712,7637,0.7725,0.8212,0.7913,0.7821,0.4219,"Benton County, MS",Q4: Most vulnerable,FALSE,0.74225
28011,MS,"Bolivar County, MS",19077,0.631074068,0.083923049,0.285002883,0.185,0.185,30688,0.994,0.9927,0.8883,0.9567,0.9583,"Bolivar County, MS",Q4: Most vulnerable,FALSE,0.5895
28013,MS,"Calhoun County, MS",11232,2.67094e-4,0.181267806,0.8184651,0.567,0.538,13193,0.8988,0.7964,0.9844,0.7378,0.7066,"Calhoun County, MS",Q4: Most vulnerable,FALSE,0.7184
28015,MS,"Carroll County, MS",8816,3.4029e-4,0.054900181,0.944759528,0.603,0.579,9930,0.7,0.7884,0.3653,0.7442,0.5947,"Carroll County, MS",Q3,FALSE,0.6395
28017,MS,"Chickasaw County, MS",12618,0.001585037,0.210096687,0.788318275,0.484,0.45,17024,0.9542,0.8664,0.9838,0.8759,0.8081,"Chickasaw County, MS",Q4: Most vulnerable,FALSE,0.7021000000000001
28019,MS,"Choctaw County, MS",6760,0,0.066863905,0.933136095,0.562,0.527,8208,0.7932,0.9074,0.7286,0.7028,0.4305,"Choctaw County, MS",Q4: Most vulnerable,FALSE,0.6601
28021,MS,"Claiborne County, MS",5735,0,0.15902354,0.84097646,0.554,0.517,9044,0.819,0.9714,0.0137,0.9924,0.9427,"Claiborne County, MS",Q4: Most vulnerable,FALSE,0.6679999999999999
28023,MS,"Clarke County, MS",13716,2.9163e-4,0.080125401,0.919582969,0.533,0.5,15553,0.8021,0.8759,0.9087,0.7521,0.3156,"Clarke County, MS",Q4: Most vulnerable,FALSE,0.65105
28025,MS,"Clay County, MS",13033,0.001150925,0.227499425,0.771349651,0.49,0.454,18598,0.7913,0.9825,0.2879,0.93,0.3649,"Clay County, MS",Q4: Most vulnerable,FALSE,0.62265
28027,MS,"Coahoma County, MS",13904,0.60277618,0.128668009,0.268555811,0.261,0.256,21264,0.9895,0.9933,0.9045,0.9822,0.8896,"Coahoma County, MS",Q4: Most vulnerable,FALSE,0.62275
28029,MS,"Copiah County, MS",19104,0,0.143739531,0.856260469,0.714,0.673,28210,0.7976,0.8034,0.3719,0.9017,0.8148,"Copiah County, MS",Q4: Most vulnerable,FALSE,0.7353000000000001
28031,MS,"Covington County, MS",15879,0,0.081050444,0.918949556,0.756,0.713,18323,0.7674,0.8947,0.6678,0.7894,0.3758,"Covington County, MS",Q4: Most vulnerable,FALSE,0.7402
28033,MS,"DeSoto County, MS",80498,0.152103158,0.344368804,0.503528038,0.615,0.572,186214,0.3563,0.3847,0.51,0.7859,0.1289,"DeSoto County, MS",Q2,FALSE,0.46414999999999995
28035,MS,"Forrest County, MS",39999,0.158328958,0.248131203,0.593539838,0.884,0.849,77917,0.9497,0.923,0.7346,0.8101,0.9758,"Forrest County, MS",Q4: Most vulnerable,TRUE,0.89935
28037,MS,"Franklin County, MS",7357,1.35925e-4,0.083593856,0.916270219,0.73,0.69,7690,0.5787,0.5568,0.915,0.7537,0.1597,"Franklin County, MS",Q3,FALSE,0.63435
28039,MS,"George County, MS",15914,0,0.044426291,0.955573709,0.863,0.83,24547,0.8384,0.9045,0.728,0.3961,0.7591,"George County, MS",Q4: Most vulnerable,TRUE,0.8342
28041,MS,"Greene County, MS",10286,6.80537e-4,0.042387711,0.956931752,0.848,0.816,13672,0.7776,0.888,0.1308,0.6538,0.8969,"Greene County, MS",Q4: Most vulnerable,TRUE,0.7968
28043,MS,"Grenada County, MS",13195,3.78931e-4,0.353239864,0.646381205,0.622,0.59,21474,0.8492,0.9093,0.6885,0.8616,0.6306,"Grenada County, MS",Q4: Most vulnerable,FALSE,0.7196
28045,MS,"Hancock County, MS",32895,0.20750874,0.19878401,0.59370725,0.949,0.936,46010,0.4776,0.5959,0.4343,0.4445,0.3236,"Hancock County, MS",Q2,FALSE,0.7068000000000001
28047,MS,"Harrison County, MS",105636,0.414072854,0.135237987,0.450689159,0.925,0.897,208748,0.9182,0.9246,0.9093,0.756,0.7525,"Harrison County, MS",Q4: Most vulnerable,TRUE,0.9076
28049,MS,"Hinds County, MS",108697,0.261589556,0.268259474,0.47015097,0.492,0.461,226541,0.9154,0.9437,0.5686,0.9771,0.8638,"Hinds County, MS",Q4: Most vulnerable,FALSE,0.6882
28051,MS,"Holmes County, MS",11977,0.050763964,0.198630709,0.750605327,0.608,0.583,16848,0.992,0.994,0.875,0.9879,0.945,"Holmes County, MS",Q4: Most vulnerable,FALSE,0.7875
28053,MS,"Humphreys County, MS",5376,0.195126488,0.420572917,0.384300595,0.364,0.349,7744,0.9787,0.9997,0.9297,0.9815,0.5927,"Humphreys County, MS",Q4: Most vulnerable,FALSE,0.66385
28055,MS,"Issaquena County, MS",1545,0.087378641,0.282847896,0.629773463,0.313,0.295,1206,0.9539,0.9879,0.0767,0.9682,0.9994,"Issaquena County, MS",Q4: Most vulnerable,FALSE,0.62445
28057,MS,"Itawamba County, MS",15670,0.00185067,0.091320996,0.906828334,0.51,0.476,23888,0.2463,0.3446,0.0773,0.328,0.4251,"Itawamba County, MS",Q1: Least vulnerable,FALSE,0.36114999999999997
28059,MS,"Jackson County, MS",83792,0.238650468,0.188060913,0.573288619,0.917,0.902,143721,0.8288,0.8533,0.929,0.7066,0.4442,"Jackson County, MS",Q4: Most vulnerable,TRUE,0.8654
28061,MS,"Jasper County, MS",15363,0.00403567,0.030658075,0.965306255,0.602,0.573,16320,0.6281,0.5227,0.7591,0.8969,0.4139,"Jasper County, MS",Q3,FALSE,0.6005499999999999
28063,MS,"Jefferson County, MS",5949,0,0.062867709,0.937132291,0.628,0.596,7207,0.8991,0.9084,0.5822,0.9901,0.8619,"Jefferson County, MS",Q4: Most vulnerable,FALSE,0.7475499999999999
28065,MS,"Jefferson Davis County, MS",10565,9.4652e-5,0.062659726,0.937245622,0.788,0.753,11291,0.8743,0.9749,0.6831,0.9332,0.4903,"Jefferson Davis County, MS",Q4: Most vulnerable,TRUE,0.81365
28067,MS,"Jones County, MS",45408,0.057478858,0.142992424,0.79952871700000006,0.748,0.711,67152,0.791,0.6666,0.916,0.7321,0.6319,"Jones County, MS",Q4: Most vulnerable,FALSE,0.751
28069,MS,"Kemper County, MS",7932,8.82501e-4,0.045007564,0.954109934,0.482,0.452,8980,0.95,0.9615,0.7054,0.9472,0.8998,"Kemper County, MS",Q4: Most vulnerable,FALSE,0.701
28071,MS,"Lafayette County, MS",29344,8.51963e-4,0.288849509,0.710298528,0.731,0.685,56172,0.4391,0.5686,0.0057,0.6656,0.8578,"Lafayette County, MS",Q2,FALSE,0.56205
28073,MS,"Lamar County, MS",32006,0.022964444,0.179778791,0.797256764,0.885,0.848,64425,0.6032,0.6662,0.637,0.6373,0.3627,"Lamar County, MS",Q3,FALSE,0.7256
28075,MS,"Lauderdale County, MS",40450,0.09394314,0.180222497,0.725834363,0.465,0.435,72741,0.959,0.92490000000000006,0.8097,0.8638,0.9612,"Lauderdale County, MS",Q4: Most vulnerable,FALSE,0.697
28077,MS,"Lawrence County, MS",10550,9.4787e-5,0.081421801,0.918483412,0.796,0.76,11933,0.8505,0.9405,0.9596,0.735,0.2479,"Lawrence County, MS",Q4: Most vulnerable,TRUE,0.80525
28079,MS,"Leake County, MS",16928,5.9074e-5,0.064331285,0.935609641,0.653,0.612,21335,0.9574,0.8692,0.9695,0.882,0.8606,"Leake County, MS",Q4: Most vulnerable,FALSE,0.7847
28081,MS,"Lee County, MS",43434,0.234401621,0.130842197,0.634756182,0.509,0.469,83343,0.7455,0.6758,0.7016,0.7391,0.6815,"Lee County, MS",Q3,FALSE,0.6072500000000001
28083,MS,"Leflore County, MS",14704,0.306243199,0.395130577,0.298626224,0.369,0.354,27920,0.9411,0.9962,0.5485,0.9806,0.763,"Leflore County, MS",Q4: Most vulnerable,FALSE,0.6475500000000001
28085,MS,"Lincoln County, MS",24755,0.010220158,0.148293274,0.841486568,0.791,0.75,34855,0.6042,0.6551,0.2739,0.7019,0.6252,"Lincoln County, MS",Q3,FALSE,0.6771
28087,MS,"Lowndes County, MS",34368,0.108531192,0.256604981,0.634863827,0.442,0.41,58547,0.7521,0.8559,0.3522,0.8718,0.5787,"Lowndes County, MS",Q4: Most vulnerable,FALSE,0.58105
28089,MS,"Madison County, MS",48123,0.192361241,0.335369782,0.472268977,0.581,0.553,109257,0.3554,0.2937,0.3656,0.8323,0.2883,"Madison County, MS",Q2,FALSE,0.45420000000000005
28091,MS,"Marion County, MS",19953,1.00236e-4,0.132310931,0.867588834,0.851,0.815,24362,0.8928,0.9847,0.6004,0.7423,0.6879,"Marion County, MS",Q4: Most vulnerable,TRUE,0.8539
28093,MS,"Marshall County, MS",22453,8.9075e-5,0.114639469,0.885271456,0.779,0.733,33980,0.8699,0.8832,0.7133,0.8848,0.7388,"Marshall County, MS",Q4: Most vulnerable,FALSE,0.80145
28095,MS,"Monroe County, MS",25552,0.020507201,0.226870695,0.752622104,0.443,0.414,34168,0.6163,0.7512,0.5457,0.7066,0.3054,"Monroe County, MS",Q3,FALSE,0.51515
28097,MS,"Montgomery County, MS",8113,0,0.190804881,0.809195119,0.602,0.574,9803,0.9599,0.9774,0.8428,0.8591,0.8295,"Montgomery County, MS",Q4: Most vulnerable,FALSE,0.76695
28099,MS,"Neshoba County, MS",21792,0,0.099164831,0.900835169,0.548,0.508,28970,0.9402,0.9087,0.8902,0.804,0.8893,"Neshoba County, MS",Q4: Most vulnerable,FALSE,0.7241
28101,MS,"Newton County, MS",17362,0,0.063587144,0.936412856,0.504,0.468,21275,0.6793,0.6882,0.6411,0.7922,0.4747,"Newton County, MS",Q3,FALSE,0.57365
28103,MS,"Noxubee County, MS",9139,0.014881278,0.215997374,0.769121348,0.449,0.417,10261,0.964,0.9946,0.9653,0.973,0.4919,"Noxubee County, MS",Q4: Most vulnerable,FALSE,0.6905
28105,MS,"Oktibbeha County, MS",22898,0.047646083,0.247226832,0.705127085,0.516,0.479,51388,0.6939,0.8463,0.0407,0.819,0.812,"Oktibbeha County, MS",Q3,FALSE,0.5864499999999999
28107,MS,"Panola County, MS",22569,0.027870087,0.184678098,0.787451814,0.689,0.651,33157,0.8626,0.9771,0.6615,0.8851,0.455,"Panola County, MS",Q4: Most vulnerable,FALSE,0.7568
28109,MS,"Pearl River County, MS",35846,0.003152374,0.117781621,0.879066005,0.913,0.883,56351,0.6907,0.7604,0.8422,0.5231,0.3417,"Pearl River County, MS",Q3,FALSE,0.78685
28111,MS,"Perry County, MS",10506,0,0.074909575,0.925090425,0.864,0.829,11511,0.6914,0.7846,0.7159,0.5679,0.4057,"Perry County, MS",Q3,FALSE,0.7602
28113,MS,"Pike County, MS",26432,0.00593977,0.214210048,0.779850182,0.799,0.762,40098,0.9812,0.979,0.7922,0.9077,0.9733,"Pike County, MS",Q4: Most vulnerable,TRUE,0.8715999999999999
28115,MS,"Pontotoc County, MS",21977,0.001228557,0.089730172,0.90904127,0.59,0.556,31202,0.6087,0.5679,0.8804,0.6077,0.3035,"Pontotoc County, MS",Q3,FALSE,0.58235
28117,MS,"Prentiss County, MS",17231,0.00504904,0.131216993,0.863733968,0.625,0.589,24945,0.6993,0.6303,0.7744,0.5317,0.6389,"Prentiss County, MS",Q3,FALSE,0.64415
28119,MS,"Quitman County, MS",5252,0.126999238,0.390327494,0.482673267,0.416,0.417,6113,0.9551,0.9959,0.4645,0.9749,0.8867,"Quitman County, MS",Q4: Most vulnerable,FALSE,0.6860499999999999
28121,MS,"Rankin County, MS",74199,0.044838879,0.400746641,0.55441448,0.576,0.545,157185,0.3732,0.3166,0.3436,0.636,0.4225,"Rankin County, MS",Q2,FALSE,0.4591
28123,MS,"Scott County, MS",20174,4.9569e-5,0.092891841,0.90705859,0.605,0.566,27943,0.9217,0.8877,0.9936,0.8769,0.5177,"Scott County, MS",Q4: Most vulnerable,FALSE,0.7438499999999999
28125,MS,"Sharkey County, MS",3217,0.455393224,0.127137084,0.417469692,0.288,0.277,3910,0.9838,0.9854,0.8027,0.9707,0.9494,"Sharkey County, MS",Q4: Most vulnerable,FALSE,0.6304000000000001
28127,MS,"Simpson County, MS",19990,5.0025e-5,0.091545773,0.908404202,0.683,0.649,25889,0.7808,0.8632,0.8186,0.7668,0.3583,"Simpson County, MS",Q4: Most vulnerable,FALSE,0.7149000000000001
28129,MS,"Smith County, MS",15239,0,0.034910427,0.965089573,0.618,0.58,14310,0.7251,0.6293,0.8708,0.6249,0.5504,"Smith County, MS",Q3,FALSE,0.65255
28131,MS,"Stone County, MS",12169,8.2176e-4,0.07206837,0.927109869,0.919,0.891,18360,0.8587,0.8355,0.6157,0.5892,0.9408,"Stone County, MS",Q4: Most vulnerable,TRUE,0.87485
28133,MS,"Sunflower County, MS",13262,0.603151862,0.048484391,0.348363746,0.202,0.208,25867,0.9303,0.986,0.5068,0.9777,0.8091,"Sunflower County, MS",Q4: Most vulnerable,FALSE,0.56915
28135,MS,"Tallahatchie County, MS",8866,0.204489059,0.187570494,0.607940447,0.534,0.505,12621,0.9141,0.9809,0.5336,0.9437,0.7639,"Tallahatchie County, MS",Q4: Most vulnerable,FALSE,0.70955
28137,MS,"Tate County, MS",17550,0.003247863,0.138632479,0.858119658,0.715,0.668,28094,0.8915,0.951,0.5724,0.7321,0.84,"Tate County, MS",Q4: Most vulnerable,FALSE,0.7797499999999999
28139,MS,"Tippah County, MS",16049,5.60783e-4,0.104243255,0.895195962,0.72,0.675,21769,0.8839,0.924,0.9061,0.574,0.6815,"Tippah County, MS",Q4: Most vulnerable,FALSE,0.77945
28141,MS,"Tishomingo County, MS",15180,0.003293808,0.150131752,0.84657444,0.611,0.578,18837,0.7467,0.8094,0.9465,0.2485,0.4073,"Tishomingo County, MS",Q3,FALSE,0.66235
28143,MS,"Tunica County, MS",5203,0.532192966,0.137036325,0.330770709,0.35,0.332,9787,0.9602,0.9952,0.2943,0.9838,0.9666,"Tunica County, MS",Q4: Most vulnerable,FALSE,0.6461
28145,MS,"Union County, MS",18502,1.62145e-4,0.129985947,0.869851908,0.687,0.646,27880,0.6977,0.6109,0.9306,0.5727,0.4403,"Union County, MS",Q3,FALSE,0.6718500000000001
28147,MS,"Walthall County, MS",13233,0,0.041336054,0.958663946,0.836,0.802,13888,0.8982,0.936,0.9577,0.8543,0.4448,"Walthall County, MS",Q4: Most vulnerable,TRUE,0.8501000000000001
28149,MS,"Warren County, MS",23997,0.018543985,0.271242239,0.710213777,0.361,0.338,44341,0.8279,0.7496,0.9386,0.8858,0.5285,"Warren County, MS",Q4: Most vulnerable,FALSE,0.58295
28151,MS,"Washington County, MS",25578,0.582727344,0.13065916,0.286613496,0.206,0.203,44604,0.9971,0.9965,0.9784,0.9758,0.8836,"Washington County, MS",Q4: Most vulnerable,FALSE,0.60005
28153,MS,"Wayne County, MS",16930,0.001063201,0.081984643,0.916952156,0.727,0.693,19760,0.9119,0.9446,0.9739,0.8075,0.4607,"Wayne County, MS",Q4: Most vulnerable,FALSE,0.80245
28155,MS,"Webster County, MS",7686,1.30107e-4,0.072989852,0.926880042,0.541,0.511,9942,0.6112,0.7919,0.6866,0.5542,0.2068,"Webster County, MS",Q3,FALSE,0.5610999999999999
28157,MS,"Wilkinson County, MS",7431,0.004171713,0.117077109,0.878751177,0.588,0.569,8531,0.8349,0.8498,0.6446,0.9672,0.6497,"Wilkinson County, MS",Q4: Most vulnerable,FALSE,0.70195
28159,MS,"Winston County, MS",14097,3.54685e-4,0.092360077,0.907285238,0.551,0.511,17741,0.8543,0.8591,0.8438,0.8734,0.6036,"Winston County, MS",Q4: Most vulnerable,FALSE,0.68265
28161,MS,"Yalobusha County, MS",9854,0.001014816,0.150294297,0.848690887,0.676,0.639,12499,0.7429,0.7976,0.7725,0.8031,0.3799,"Yalobusha County, MS",Q3,FALSE,0.69095
28163,MS,"Yazoo County, MS",14310,0.004262753,0.283088749,0.712648498,0.491,0.462,27467,0.9975,0.9968,0.8396,0.945,0.9952,"Yazoo County, MS",Q4: Most vulnerable,FALSE,0.72975
29001,MO,"Adair County, MO",16955,0.167502212,0.257210262,0.575287526,0.565,0.532,25299,0.4006,0.6494,0.0143,0.342,0.6837,"Adair County, MO",Q2,FALSE,0.46630000000000005
29003,MO,"Andrew County, MO",15104,0.255561441,0.063228284,0.681210275,0.439,0.423,18069,0.0169,0.097,0.048,0.1508,0.0248,"Andrew County, MO",Q1: Least vulnerable,FALSE,0.21994999999999998
29005,MO,"Atchison County, MO",7813,0.460130552,0.099449635,0.440419813,0.418,0.421,5270,0.2249,0.3347,0.5399,0.0757,0.1339,"Atchison County, MO",Q1: Least vulnerable,FALSE,0.32294999999999996
29007,MO,"Audrain County, MO",21386,0.320349762,0.228888058,0.450762181,0.32,0.305,24873,0.7105,0.6338,0.8062,0.3802,0.7079,"Audrain County, MO",Q3,FALSE,0.50775
29009,MO,"Barry County, MO",33386,0.066824417,0.108458635,0.824716947,0.626,0.603,34701,0.5768,0.672,0.749,0.5094,0.2568,"Barry County, MO",Q3,FALSE,0.5899
29011,MO,"Barton County, MO",13012,0.311712266,0.06616969,0.622118045,0.43,0.415,11683,0.6767,0.9208,0.8183,0.2628,0.1788,"Barton County, MO",Q3,FALSE,0.54585
29013,MO,"Bates County, MO",17865,0.10036384,0.197872936,0.701763224,0.484,0.468,16101,0.7114,0.8027,0.5698,0.1985,0.7261,"Bates County, MO",Q3,FALSE,0.5897
29015,MO,"Benton County, MO",22413,0.066836211,0.150671485,0.782492304,0.734,0.699,19616,0.5364,0.7222,0.4079,0.1753,0.4827,"Benton County, MO",Q3,FALSE,0.6176999999999999
29017,MO,"Bollinger County, MO",13015,0.01129466,0.076142912,0.912562428,0.436,0.407,10658,0.4241,0.6869,0.3373,0.1037,0.2771,"Bollinger County, MO",Q2,FALSE,0.41555
29019,MO,"Boone County, MO",72780,0.30714482,0.237001924,0.455853256,0.489,0.464,184043,0.4244,0.3968,0.062,0.5711,0.7776,"Boone County, MO",Q2,FALSE,0.44420000000000004
29021,MO,"Buchanan County, MO",46101,0.561614716,0.111255721,0.327129563,0.465,0.449,84544,0.8218,0.7541,0.7639,0.5094,0.8845,"Buchanan County, MO",Q4: Most vulnerable,FALSE,0.6354
29023,MO,"Butler County, MO",29200,0.198082192,0.170924658,0.630993151,0.403,0.377,42280,0.8412,0.9402,0.6265,0.3888,0.7563,"Butler County, MO",Q4: Most vulnerable,FALSE,0.6091
29025,MO,"Caldwell County, MO",10631,0.215219641,0.047690716,0.737089643,0.521,0.501,8876,0.3163,0.5212,0.1966,0.1457,0.3191,"Caldwell County, MO",Q2,FALSE,0.40865
29027,MO,"Callaway County, MO",36006,0.02716214,0.192023552,0.780814309,0.491,0.463,44517,0.2447,0.4445,0.0589,0.3217,0.3169,"Callaway County, MO",Q1: Least vulnerable,FALSE,0.35385
29029,MO,"Camden County, MO",40653,0.271542076,0.129879714,0.598578211,0.791,0.755,43227,0.3493,0.5428,0.2892,0.1572,0.294,"Camden County, MO",Q2,FALSE,0.55215
29031,MO,"Cape Girardeau County, MO",44183,0.34207727,0.176810085,0.481112645,0.301,0.28,81703,0.3099,0.3551,0.0598,0.4378,0.6147,"Cape Girardeau County, MO",Q2,FALSE,0.29495000000000005
29033,MO,"Carroll County, MO",11685,0.262130937,0.145228926,0.592640137,0.482,0.466,8513,0.1378,0.3019,0.1285,0.1037,0.1556,"Carroll County, MO",Q1: Least vulnerable,FALSE,0.3019
29035,MO,"Carter County, MO",5742,0,0.096830373,0.903169627,0.66,0.618,5299,0.4823,0.8005,0.3353,0.1696,0.2348,"Carter County, MO",Q2,FALSE,0.55015
29037,MO,"Cass County, MO",56967,0.378710482,0.096512016,0.524777503,0.4,0.389,108205,0.1257,0.1868,0.2981,0.4165,0.0608,"Cass County, MO",Q1: Least vulnerable,FALSE,0.25735
29039,MO,"Cedar County, MO",14359,0.053973118,0.117905147,0.828121735,0.665,0.645,14314,0.6643,0.756,0.5975,0.1696,0.6809,"Cedar County, MO",Q3,FALSE,0.65465
29041,MO,"Chariton County, MO",12081,0.274811688,0.098170681,0.627017631,0.479,0.454,7417,0.1747,0.2052,0.3891,0.1094,0.2065,"Chariton County, MO",Q1: Least vulnerable,FALSE,0.31435
29043,MO,"Christian County, MO",45409,0.181219582,0.206236649,0.612543769,0.667,0.642,89568,0.1107,0.1724,0.2641,0.2294,0.1047,"Christian County, MO",Q1: Least vulnerable,FALSE,0.37635
29045,MO,"Clark County, MO",9173,0.185217486,0.2090919,0.605690614,0.469,0.436,6693,0.265,0.4381,0.154,0.0264,0.4031,"Clark County, MO",Q2,FALSE,0.35050000000000003
29047,MO,"Clay County, MO",98096,0.628313081,0.080309085,0.291377834,0.503,0.479,253085,0.2692,0.2218,0.4556,0.546,0.2514,"Clay County, MO",Q2,FALSE,0.3741
29049,MO,"Clinton County, MO",16203,0.226316114,0.139048324,0.634635561,0.457,0.436,21155,0.1661,0.3618,0.1772,0.182,0.1136,"Clinton County, MO",Q1: Least vulnerable,FALSE,0.30105
29051,MO,"Cole County, MO",52923,0.249418967,0.204977042,0.545603991,0.588,0.56,76890,0.2049,0.1161,0.1877,0.525,0.4696,"Cole County, MO",Q1: Least vulnerable,FALSE,0.38245
29053,MO,"Cooper County, MO",14921,0.055224181,0.290060988,0.654714831,0.458,0.438,16893,0.3716,0.4448,0.3245,0.3592,0.3828,"Cooper County, MO",Q2,FALSE,0.4048
29055,MO,"Crawford County, MO",21202,0.005235355,0.143712857,0.851051788,0.612,0.583,23023,0.657,0.9179,0.4104,0.1572,0.4773,"Crawford County, MO",Q3,FALSE,0.62
29057,MO,"Dade County, MO",9577,0.061397097,0.111830427,0.826772476,0.551,0.526,7598,0.595,0.7894,0.3013,0.1572,0.6338,"Dade County, MO",Q3,FALSE,0.5605
29059,MO,"Dallas County, MO",16584,6.0299e-5,0.095332851,0.90460685,0.797,0.759,17158,0.5466,0.8031,0.6662,0.1276,0.2176,"Dallas County, MO",Q3,FALSE,0.6528
29061,MO,"Daviess County, MO",11406,0.072681045,0.184990356,0.742328599,0.506,0.486,8418,0.5157,0.5514,0.3213,0.0379,0.7884,"Daviess County, MO",Q3,FALSE,0.50085
29063,MO,"DeKalb County, MO",10075,0.212903226,0.076228288,0.710868486,0.475,0.461,11838,0.1753,0.2243,0.0293,0.4356,0.4559,"DeKalb County, MO",Q1: Least vulnerable,FALSE,0.31815000000000004
29065,MO,"Dent County, MO",14046,0.028691442,0.156699416,0.814609141,0.688,0.657,14509,0.6551,0.7388,0.7569,0.1861,0.5374,"Dent County, MO",Q3,FALSE,0.65605
29067,MO,"Douglas County, MO",14557,0,0.090540633,0.909459367,0.705,0.664,11803,0.5969,0.8702,0.8196,0.1225,0.1448,"Douglas County, MO",Q3,FALSE,0.63045
29069,MO,"Dunklin County, MO",20514,0.631324949,0.067709857,0.300965195,0.084,0.083,28174,0.9707,0.9424,0.993,0.5778,0.8291,"Dunklin County, MO",Q4: Most vulnerable,FALSE,0.52685
29071,MO,"Franklin County, MO",68645,0.064039624,0.22131255,0.714647826,0.469,0.441,104858,0.1066,0.2851,0.07,0.2536,0.0964,"Franklin County, MO",Q1: Least vulnerable,FALSE,0.2738
29073,MO,"Gasconade County, MO",17599,0.002500142,0.206829934,0.790669924,0.478,0.446,14801,0.2488,0.2024,0.4085,0.0757,0.4836,"Gasconade County, MO",Q1: Least vulnerable,FALSE,0.3474
29075,MO,"Gentry County, MO",7511,0.146851285,0.21661563,0.636533085,0.554,0.532,6219,0.4066,0.5711,0.2358,0.0627,0.5129,"Gentry County, MO",Q2,FALSE,0.46930000000000005
29077,MO,"Greene County, MO",137562,0.607987671,0.089450575,0.302561754,0.598,0.577,299188,0.5317,0.5835,0.1034,0.4085,0.8272,"Greene County, MO",Q3,FALSE,0.5543499999999999
29079,MO,"Grundy County, MO",10094,0.385377452,0.036160095,0.578462453,0.496,0.473,9878,0.679,0.7375,0.7031,0.1409,0.6748,"Grundy County, MO",Q3,FALSE,0.5760000000000001
29081,MO,"Harrison County, MO",10595,0.065408211,0.237187353,0.697404436,0.59,0.574,8190,0.4378,0.4015,0.8113,0.0983,0.3637,"Harrison County, MO",Q2,FALSE,0.5059
29083,MO,"Henry County, MO",19542,0.112117491,0.218657251,0.669225258,0.607,0.592,22064,0.6526,0.7674,0.8527,0.1928,0.3691,"Henry County, MO",Q3,FALSE,0.6223
29085,MO,"Hickory County, MO",11469,0.007585666,0.15258523,0.839829105,0.792,0.756,8452,0.6157,0.9669,0.6182,0.1037,0.1298,"Hickory County, MO",Q3,FALSE,0.6858500000000001
29087,MO,"Holt County, MO",6940,0.334582133,0.183861671,0.481556196,0.46,0.46,4274,0.1705,0.2545,0.5765,0.0627,0.084,"Holt County, MO",Q1: Least vulnerable,FALSE,0.31525000000000003
29089,MO,"Howard County, MO",9455,0.081755685,0.218297197,0.699947118,0.474,0.453,10142,0.35,0.4423,0.3458,0.3723,0.3029,"Howard County, MO",Q2,FALSE,0.40149999999999997
29091,MO,"Howell County, MO",32653,3.0625e-5,0.202064129,0.797905246,0.72,0.671,39960,0.7693,0.9096,0.7149,0.1572,0.6271,"Howell County, MO",Q4: Most vulnerable,FALSE,0.7201500000000001
29093,MO,"Iron County, MO",8997,1.11148e-4,0.158497277,0.841391575,0.61,0.585,9538,0.6074,0.6242,0.7331,0.1928,0.5778,"Iron County, MO",Q3,FALSE,0.5962000000000001
29095,MO,"Jackson County, MO",289659,0.767188315,0.040019471,0.192792214,0.342,0.328,715526,0.6866,0.6612,0.5899,0.7684,0.5829,"Jackson County, MO",Q3,FALSE,0.5073
29097,MO,"Jasper County, MO",71126,0.457751033,0.09124652,0.451002446,0.477,0.457,122788,0.7451,0.7531,0.7703,0.489,0.6344,"Jasper County, MO",Q3,FALSE,0.60105
29099,MO,"Jefferson County, MO",110978,0.169889528,0.253888158,0.576222314,0.422,0.403,226984,0.1136,0.1931,0.2151,0.2816,0.0983,"Jefferson County, MO",Q1: Least vulnerable,FALSE,0.25830000000000003
29101,MO,"Johnson County, MO",33972,0.139614977,0.132138231,0.728246791,0.439,0.422,54025,0.3815,0.5142,0.0484,0.4416,0.5873,"Johnson County, MO",Q2,FALSE,0.40175
29103,MO,"Knox County, MO",7014,0.169090391,0.213857998,0.61705161100000006,0.446,0.418,3772,0.2679,0.6583,0.3382,0.0983,0.0509,"Knox County, MO",Q2,FALSE,0.34295
29105,MO,"Laclede County, MO",27630,0.022113645,0.196670286,0.781216069,0.78,0.744,36060,0.7327,0.8101,0.861,0.2444,0.503,"Laclede County, MO",Q3,FALSE,0.7383500000000001
29107,MO,"Lafayette County, MO",28045,0.381707969,0.098448921,0.519843109,0.334,0.321,32858,0.1101,0.1247,0.3754,0.2587,0.1094,"Lafayette County, MO",Q1: Least vulnerable,FALSE,0.21555000000000002
29109,MO,"Lawrence County, MO",31301,0.174627009,0.11082713,0.714545861,0.55,0.526,38231,0.7362,0.8352,0.7661,0.3723,0.5027,"Lawrence County, MO",Q3,FALSE,0.6311
29111,MO,"Lewis County, MO",10391,0.286882879,0.15147724,0.561639881,0.412,0.389,9987,0.4486,0.6328,0.0286,0.2109,0.7932,"Lewis County, MO",Q2,FALSE,0.4188
29113,MO,"Lincoln County, MO",37661,0.130108069,0.164414115,0.705477815,0.433,0.405,60172,0.1976,0.2316,0.4222,0.1928,0.1925,"Lincoln County, MO",Q1: Least vulnerable,FALSE,0.3013
29115,MO,"Linn County, MO",13859,0.226278952,0.199942276,0.573778772,0.535,0.508,11892,0.1263,0.2682,0.3007,0.0932,0.0687,"Linn County, MO",Q1: Least vulnerable,FALSE,0.31715
29117,MO,"Livingston County, MO",12905,0.443316544,0.0378148,0.518868656,0.48,0.46,14402,0.3073,0.3519,0.2854,0.2164,0.4394,"Livingston County, MO",Q2,FALSE,0.38365000000000005
29119,MO,"McDonald County, MO",18301,1.09284e-4,0.089120813,0.910769903,0.747,0.716,23381,0.8899,0.9596,0.8581,0.6701,0.5854,"McDonald County, MO",Q4: Most vulnerable,FALSE,0.80295
29121,MO,"Macon County, MO",16791,0.034720981,0.298552796,0.666726222,0.518,0.487,15173,0.3388,0.3773,0.6287,0.182,0.2549,"Macon County, MO",Q2,FALSE,0.4129
29123,MO,"Madison County, MO",10199,2.94146e-4,0.231885479,0.767820375,0.496,0.466,12649,0.5097,0.5612,0.7299,0.1094,0.4181,"Madison County, MO",Q3,FALSE,0.48785
29125,MO,"Maries County, MO",11503,8.6934e-5,0.072415892,0.927497175,0.573,0.545,8454,0.4814,0.7423,0.4292,0.1276,0.2835,"Maries County, MO",Q2,FALSE,0.5132
29127,MO,"Marion County, MO",19522,0.242444422,0.368148755,0.389406823,0.424,0.397,28525,0.4368,0.3182,0.4865,0.2984,0.6627,"Marion County, MO",Q2,FALSE,0.41690000000000005
29129,MO,"Mercer County, MO",6130,0.003588907,0.177161501,0.819249592,0.609,0.585,3517,0.4878,0.4728,0.6962,0.1572,0.4852,"Mercer County, MO",Q2,FALSE,0.5364
29131,MO,"Miller County, MO",21646,0.085789521999999993,0.103344729,0.810865749,0.697,0.664,24855,0.3793,0.5237,0.2914,0.0932,0.4276,"Miller County, MO",Q2,FALSE,0.5216500000000001
29133,MO,"Mississippi County, MO",8618,0.771060571,0.028893015,0.200046414,0.081,0.08,12305,0.9106,0.9586,0.8851,0.658,0.6844,"Mississippi County, MO",Q4: Most vulnerable,FALSE,0.49529999999999996
29135,MO,"Moniteau County, MO",13826,0.1801678,0.090264719,0.729567482,0.593,0.572,15401,0.5367,0.3882,0.4884,0.3248,0.8288,"Moniteau County, MO",Q3,FALSE,0.5543499999999999
29137,MO,"Monroe County, MO",12497,0.117148116,0.183243979,0.699607906,0.434,0.411,8668,0.5059,0.4289,0.6064,0.2164,0.6656,"Monroe County, MO",Q3,FALSE,0.45845
29139,MO,"Montgomery County, MO",14486,0.209650697,0.160223664,0.630125639,0.432,0.412,11421,0.4187,0.4235,0.6367,0.1696,0.4104,"Montgomery County, MO",Q2,FALSE,0.41535
29141,MO,"Morgan County, MO",24645,0.134996957,0.127774396,0.737228647,0.664,0.633,21169,0.8657,0.853,0.8393,0.1572,0.9481,"Morgan County, MO",Q4: Most vulnerable,FALSE,0.74935
29143,MO,"New Madrid County, MO",12991,0.696559156,0.057039489,0.246401355,0.027,0.027,16341,0.7891,0.812,0.9045,0.5915,0.4706,"New Madrid County, MO",Q4: Most vulnerable,FALSE,0.40805
29145,MO,"Newton County, MO",41543,0.074356691,0.130635727,0.795007583,0.658,0.636,59019,0.5682,0.5628,0.4435,0.489,0.6354,"Newton County, MO",Q3,FALSE,0.6021000000000001
29147,MO,"Nodaway County, MO",18636,0.425681477,0.023610217,0.550708307,0.449,0.433,21140,0.2151,0.3675,0.0102,0.1654,0.6538,"Nodaway County, MO",Q1: Least vulnerable,FALSE,0.32405
29149,MO,"Oregon County, MO",10990,0,0.110373066,0.889626934,0.734,0.683,8783,0.6589,0.8941,0.7273,0.1339,0.3112,"Oregon County, MO",Q3,FALSE,0.67095
29151,MO,"Osage County, MO",17228,4.06315e-4,0.098560483,0.901033202,0.493,0.463,13374,0.0181,0.0188,0.0258,0.0057,0.2517,"Osage County, MO",Q1: Least vulnerable,FALSE,0.24055
29153,MO,"Ozark County, MO",12024,4.99002e-4,0.031187625,0.968313373,0.743,0.706,8688,0.5632,0.9224,0.3099,0.0821,0.3045,"Ozark County, MO",Q3,FALSE,0.6346
29155,MO,"Pemiscot County, MO",11120,0.697392086,0.029946043,0.272661871,0.036,0.039,15555,0.9364,0.9901,0.9415,0.7105,0.5122,"Pemiscot County, MO",Q4: Most vulnerable,FALSE,0.4877
29157,MO,"Perry County, MO",17937,0.15593466,0.179015443,0.665049897,0.312,0.292,18970,0.3175,0.5164,0.2284,0.0983,0.3315,"Perry County, MO",Q2,FALSE,0.30474999999999997
29159,MO,"Pettis County, MO",29800,0.37466443,0.12090604,0.50442953,0.47,0.456,43059,0.6936,0.6188,0.84,0.4636,0.6074,"Pettis County, MO",Q3,FALSE,0.5748
29161,MO,"Phelps County, MO",28079,0.057516293,0.227144841,0.715338865,0.601,0.573,44843,0.6402,0.6309,0.3544,0.3977,0.8361,"Phelps County, MO",Q3,FALSE,0.6066
29163,MO,"Pike County, MO",17188,0.040202467,0.32429602,0.635501513,0.452,0.417,17719,0.7216,0.5122,0.7321,0.3217,0.9459,"Pike County, MO",Q3,FALSE,0.5693
29165,MO,"Platte County, MO",42453,0.477634089,0.118130639,0.404235272,0.516,0.492,107033,0.1632,0.104,0.3379,0.5488,0.2078,"Platte County, MO",Q1: Least vulnerable,FALSE,0.3276
29167,MO,"Polk County, MO",25044,0.032502795,0.184155886,0.783341319,0.722,0.69,31877,0.6077,0.7289,0.3869,0.1861,0.7047,"Polk County, MO",Q3,FALSE,0.6488499999999999
29169,MO,"Pulaski County, MO",25726,0,0.263468864,0.736531136,0.679,0.648,53726,0.6927,0.5479,0.419,0.6793,0.9049,"Pulaski County, MO",Q3,FALSE,0.67035
29171,MO,"Putnam County, MO",7482,0.007618284,0.211440791,0.780940925,0.626,0.596,4698,0.3258,0.2409,0.63,0.0525,0.5151,"Putnam County, MO",Q2,FALSE,0.4609
29173,MO,"Ralls County, MO",11995,0.05010421,0.243268028,0.706627762,0.434,0.409,10356,0.1168,0.377,0.1489,0.1409,0.0363,"Ralls County, MO",Q1: Least vulnerable,FALSE,0.26289999999999997
29175,MO,"Randolph County, MO",18187,0.202012426,0.210864904,0.58712267,0.494,0.468,24652,0.6268,0.7267,0.4556,0.3649,0.6179,"Randolph County, MO",Q3,FALSE,0.5474
29177,MO,"Ray County, MO",18970,0.245492884,0.042751713,0.711755403,0.5,0.478,23122,0.0932,0.2911,0.1273,0.1572,0.0468,"Ray County, MO",Q1: Least vulnerable,FALSE,0.28559999999999997
29179,MO,"Reynolds County, MO",7184,8.35189e-4,0.070573497,0.928591314,0.659,0.626,6102,0.6354,0.8575,0.3882,0.1985,0.5301,"Reynolds County, MO",Q3,FALSE,0.6307
29181,MO,"Ripley County, MO",12418,0.028104365,0.075052343,0.896843292,0.628,0.585,10839,0.476,0.8231,0.4384,0.1572,0.1441,"Ripley County, MO",Q2,FALSE,0.5305
29183,MO,"St. Charles County, MO",150738,0.689043241,0.126258807,0.184697953,0.361,0.34,406262,0.034,0.0178,0.0764,0.4308,0.118,"St. Charles County, MO",Q1: Least vulnerable,FALSE,0.187
29185,MO,"St. Clair County, MO",11772,0.05224261,0.090044173,0.857713218,0.689,0.661,9330,0.6182,0.5877,0.7486,0.1696,0.6688,"St. Clair County, MO",Q3,FALSE,0.6396
29186,MO,"Ste. Genevieve County, MO",15806,0.056687334,0.152979881,0.790332785,0.423,0.403,18494,0.1537,0.1734,0.3029,0.0881,0.2669,"Ste. Genevieve County, MO",Q1: Least vulnerable,FALSE,0.27835
29187,MO,"St. Francois County, MO",37537,0.005194874,0.390121747,0.604683379,0.522,0.494,66814,0.7257,0.7426,0.4636,0.2733,0.889,"St. Francois County, MO",Q3,FALSE,0.60985
29189,MO,"St. Louis County, MO",393243,0.821222501,0.087965965,0.090811534,0.342,0.324,999703,0.3401,0.2227,0.4289,0.7458,0.3767,"St. Louis County, MO",Q2,FALSE,0.33205
29195,MO,"Saline County, MO",18815,0.369492426,0.220674993,0.40983258,0.366,0.352,23219,0.44,0.3694,0.4314,0.5616,0.4928,"Saline County, MO",Q2,FALSE,0.396
29197,MO,"Schuyler County, MO",5588,0.006084467,0.255368647,0.738546886,0.647,0.613,4066,0.2329,0.2122,0.3525,0.0379,0.468,"Schuyler County, MO",Q1: Least vulnerable,FALSE,0.42295
29199,MO,"Scotland County, MO",7097,0.129773144,0.221079329,0.649147527,0.527,0.497,4720,0.3169,0.6395,0.2529,0.007,0.1963,"Scotland County, MO",Q2,FALSE,0.40695000000000003
29201,MO,"Scott County, MO",25644,0.505771331,0.154149119,0.340079551,0.113,0.106,38055,0.665,0.615,0.6923,0.4973,0.6548,"Scott County, MO",Q3,FALSE,0.3855
29203,MO,"Shannon County, MO",8659,0,0.0838434,0.9161566,0.707,0.666,7132,0.4429,0.6052,0.266,0.1508,0.4833,"Shannon County, MO",Q2,FALSE,0.55445
29205,MO,"Shelby County, MO",8730,0.301030928,0.152920962,0.54604811,0.404,0.384,6049,0.3968,0.4295,0.4874,0.0675,0.5014,"Shelby County, MO",Q2,FALSE,0.39039999999999997
29207,MO,"Stoddard County, MO",23137,0.383584734,0.134632839,0.481782426,0.18,0.174,28656,0.4359,0.6952,0.5994,0.119,0.1514,"Stoddard County, MO",Q2,FALSE,0.30495
29209,MO,"Stone County, MO",28052,0.017431912,0.168080707,0.814487381,0.636,0.609,31314,0.4337,0.734,0.203,0.1037,0.3436,"Stone County, MO",Q2,FALSE,0.52135
29211,MO,"Sullivan County, MO",8216,0.005477118,0.201192795,0.793330088,0.592,0.569,5983,0.5068,0.4244,0.4919,0.5854,0.5638,"Sullivan County, MO",Q3,FALSE,0.5379
29213,MO,"Taney County, MO",30381,0.020341661,0.331226754,0.648431586,0.715,0.687,56202,0.7941,0.7887,0.5969,0.377,0.9071,"Taney County, MO",Q4: Most vulnerable,FALSE,0.74055
29215,MO,"Texas County, MO",25115,0,0.108142544,0.891857456,0.666,0.629,24828,0.8575,0.9675,0.5183,0.2854,0.8702,"Texas County, MO",Q4: Most vulnerable,FALSE,0.74325
29217,MO,"Vernon County, MO",19765,0.120971414,0.176372375,0.70265621,0.525,0.505,19777,0.5733,0.6627,0.5717,0.1339,0.5934,"Vernon County, MO",Q3,FALSE,0.53915
29219,MO,"Warren County, MO",23965,0.014729814,0.238097225,0.747172961,0.468,0.444,35729,0.1689,0.3719,0.0881,0.2781,0.1518,"Warren County, MO",Q1: Least vulnerable,FALSE,0.30645
29221,MO,"Washington County, MO",19590,0.001020929,0.078152118,0.920826953,0.577,0.551,23580,0.7957,0.8085,0.7327,0.2109,0.8571,"Washington County, MO",Q4: Most vulnerable,FALSE,0.67335
29223,MO,"Wayne County, MO",12484,4.00513e-4,0.103973086,0.895626402,0.539,0.499,11081,0.6675,0.9233,0.2587,0.1654,0.6122,"Wayne County, MO",Q3,FALSE,0.58325
29225,MO,"Webster County, MO",29760,0.010651882,0.159912634,0.829435484,0.702,0.666,39265,0.5437,0.5555,0.5122,0.2062,0.6675,"Webster County, MO",Q3,FALSE,0.60485
29227,MO,"Worth County, MO",3205,0.057410296,0.188143526,0.754446178,0.631,0.612,1982,0.2237,0.1731,0.7375,0.0337,0.2291,"Worth County, MO",Q1: Least vulnerable,FALSE,0.41785
29229,MO,"Wright County, MO",18771,0.013904427,0.167865324,0.818230249,0.686,0.652,18475,0.749,0.915,0.9564,0.1457,0.2329,"Wright County, MO",Q3,FALSE,0.7005
29510,MO,"St. Louis city, MO",125946,0.996982834,0.001445064,0.001572102,0.208,0.192,298018,0.8139,0.8161,0.3668,0.8941,0.8438,"St. Louis city, MO",Q4: Most vulnerable,FALSE,0.50295
30001,MT,"Beaverhead County, MT",10811,0.09314587,0.246693183,0.660160947,0.724,0.761,9469,0.2043,0.307,0.041,0.3166,0.4343,"Beaverhead County, MT",Q1: Least vulnerable,FALSE,0.48265
30003,MT,"Big Horn County, MT",10662,0.07437629,0.309510411,0.6161133,0.95,0.933,13090,0.7646,0.8861,0.0977,0.9714,0.7661,"Big Horn County, MT",Q4: Most vulnerable,TRUE,0.8488
30005,MT,"Blaine County, MT",8038,0.016048768,0.315003732,0.668947499,0.709,0.73,7030,0.9443,0.9055,0.8721,0.9036,0.8982,"Blaine County, MT",Q4: Most vulnerable,FALSE,0.8371500000000001
30007,MT,"Broadwater County, MT",6311,0.01315164,0.287593091,0.699255269,0.7,0.769,6977,0.0827,0.4913,0.0328,0.314,0.0076,"Broadwater County, MT",Q1: Least vulnerable,FALSE,0.42585
30009,MT,"Carbon County, MT",13765,0.007628042,0.261387577,0.730984381,0.835,0.84,10645,0.1241,0.342,0.2615,0.2109,0.0258,"Carbon County, MT",Q1: Least vulnerable,FALSE,0.48205
30011,MT,"Carter County, MT",3522,0,0.182282794,0.817717206,0.876,0.863,1332,0.4069,0.5084,0.0675,0.1409,0.7681,"Carter County, MT",Q2,FALSE,0.63495
30013,MT,"Cascade County, MT",51574,0.535560554,0.147205956,0.31723349,0.637,0.704,84423,0.4435,0.3357,0.3439,0.4613,0.6761,"Cascade County, MT",Q2,FALSE,0.57375
30015,MT,"Chouteau County, MT",10521,0.042011216,0.314038589,0.643950195,0.528,0.577,5897,0.2584,0.28,0.1222,0.5892,0.3726,"Chouteau County, MT",Q2,FALSE,0.41769999999999996
30017,MT,"Custer County, MT",9944,0.208970233,0.418946098,0.372083669,0.921,0.913,11957,0.3589,0.196,0.2806,0.3086,0.7989,"Custer County, MT",Q2,FALSE,0.63595
30019,MT,"Daniels County, MT",4086,0.036955458,0.44762604,0.515418502,0.554,0.568,1535,0.1228,0.153,0.1759,0.2692,0.1909,"Daniels County, MT",Q1: Least vulnerable,FALSE,0.3454
30021,MT,"Dawson County, MT",8857,0.007000113,0.555831546,0.437168341,0.606,0.623,8915,0.0764,0.0124,0.147,0.2294,0.441,"Dawson County, MT",Q1: Least vulnerable,FALSE,0.3497
30023,MT,"Deer Lodge County, MT",7792,0.005646817,0.520918891,0.473434292,0.798,0.832,9435,0.6417,0.6144,0.6656,0.3016,0.7073,"Deer Lodge County, MT",Q3,FALSE,0.73685
30025,MT,"Fallon County, MT",4615,0.001083424,0.448754063,0.550162514,0.803,0.797,2941,0.1508,0.035,0.1028,0.1508,0.7938,"Fallon County, MT",Q1: Least vulnerable,FALSE,0.4739
30027,MT,"Fergus County, MT",14756,0.027446462,0.340471673,0.632081865,0.729,0.758,11496,0.3837,0.3548,0.091,0.1409,0.8772,"Fergus County, MT",Q2,FALSE,0.57085
30029,MT,"Flathead County, MT",70877,0.179748014,0.15536775,0.664884236,0.904,0.916,105950,0.2094,0.3108,0.0776,0.2444,0.3929,"Flathead County, MT",Q1: Least vulnerable,FALSE,0.5627
30031,MT,"Gallatin County, MT",60579,0.339391538,0.155714026,0.504894435,0.815,0.842,119685,0.0783,0.2129,0.0013,0.2984,0.4693,"Gallatin County, MT",Q1: Least vulnerable,FALSE,0.46015
30033,MT,"Garfield County, MT",3329,0.001501953,0.135175728,0.863322319,0.871,0.87,976,0.0652,0.1915,0.0496,0.0025,0.1648,"Garfield County, MT",Q1: Least vulnerable,FALSE,0.4676
30035,MT,"Glacier County, MT",10645,0.006575857,0.399530296,0.593893847,0.768,0.779,13781,0.9752,0.9583,0.8403,0.9634,0.9529,"Glacier County, MT",Q4: Most vulnerable,TRUE,0.8771
30037,MT,"Golden Valley County, MT",1743,0,0.242111302,0.757888698,0.612,0.662,841,0.1451,0.2886,0.0916,0.4165,0.1304,"Golden Valley County, MT",Q1: Least vulnerable,FALSE,0.40355
30039,MT,"Granite County, MT",5322,0.003382187,0.182262307,0.814355505,0.932,0.954,3368,0.2246,0.4871,0.0792,0.1225,0.2421,"Granite County, MT",Q1: Least vulnerable,FALSE,0.5892999999999999
30041,MT,"Hill County, MT",14750,0.088745763,0.436610169,0.474644068,0.446,0.485,16238,0.4419,0.3723,0.321,0.6923,0.5103,"Hill County, MT",Q2,FALSE,0.46345000000000003
30043,MT,"Jefferson County, MT",10965,1.82399e-4,0.187596899,0.812220702,0.824,0.868,12273,0.1158,0.0757,0.1807,0.2364,0.35,"Jefferson County, MT",Q1: Least vulnerable,FALSE,0.4919
30045,MT,"Judith Basin County, MT",5411,0.023840325,0.224172981,0.751986694,0.523,0.599,2039,0.049,0.1483,0.3207,0.1753,0.0099,"Judith Basin County, MT",Q1: Least vulnerable,FALSE,0.324
30047,MT,"Lake County, MT",27893,0.107231205,0.15383788,0.738930915,0.887,0.893,31509,0.7541,0.8113,0.8587,0.7308,0.3223,"Lake County, MT",Q4: Most vulnerable,TRUE,0.82355
30049,MT,"Lewis and Clark County, MT",47550,0.085888538,0.452639327,0.461472135,0.878,0.913,71487,0.1906,0.1772,0.1276,0.2984,0.4496,"Lewis and Clark County, MT",Q1: Least vulnerable,FALSE,0.5518000000000001
30051,MT,"Liberty County, MT",3768,0.14410828,0.280254777,0.575636943,0.199,0.225,1993,0.6592,0.4852,0.9421,0.0048,0.7751,"Liberty County, MT",Q3,FALSE,0.4421
30053,MT,"Lincoln County, MT",21332,0.003984624,0.252062629,0.743952747,0.926,0.94,20157,0.5628,0.8489,0.4874,0.2444,0.2459,"Lincoln County, MT",Q3,FALSE,0.7514
30055,MT,"McCone County, MT",3972,0.017371601,0.316213494,0.666414904,0.643,0.669,1746,0.0121,0.0076,0.0725,0.2733,0.0605,"McCone County, MT",Q1: Least vulnerable,FALSE,0.34055
30057,MT,"Madison County, MT",13716,5.8326e-4,0.154272383,0.845144357,0.718,0.772,8742,0.098,0.1454,0.0299,0.2234,0.3592,"Madison County, MT",Q1: Least vulnerable,FALSE,0.435
30059,MT,"Meagher County, MT",3628,2.75634e-4,0.272050717,0.727673649,0.678,0.746,1948,0.0188,0.1088,0.0379,0.1861,0.0309,"Meagher County, MT",Q1: Least vulnerable,FALSE,0.3824
30061,MT,"Mineral County, MT",4437,0,0.22334911,0.77665089,0.891,0.924,4652,0.2218,0.3328,0.343,0.2816,0.1521,"Mineral County, MT",Q1: Least vulnerable,FALSE,0.5729
30063,MT,"Missoula County, MT",60139,0.117743893,0.455095695,0.427160412,0.958,0.961,118541,0.2762,0.3481,0.0181,0.3697,0.7296,"Missoula County, MT",Q2,FALSE,0.6186
30065,MT,"Musselshell County, MT",6178,0,0.280349628,0.719650372,0.907,0.903,4924,0.2278,0.3427,0.273,0.2733,0.1928,"Musselshell County, MT",Q1: Least vulnerable,FALSE,0.5654
30067,MT,"Park County, MT",16701,5.3889e-4,0.352553739,0.646907371,0.884,0.907,17320,0.1623,0.3287,0.021,0.1928,0.4028,"Park County, MT",Q1: Least vulnerable,FALSE,0.5346500000000001
30069,MT,"Petroleum County, MT",1184,8.44595e-4,0.252533784,0.746621622,0.898,0.895,416,0.0013,0.0255,0.0045,0.0016,0.043,"Petroleum County, MT",Q1: Least vulnerable,FALSE,0.44815
30071,MT,"Phillips County, MT",6701,0.00925235,0.33980003,0.65094762,0.7,0.721,4233,0.2081,0.188,0.3188,0.4839,0.2262,"Phillips County, MT",Q1: Least vulnerable,FALSE,0.46455
30073,MT,"Pondera County, MT",7780,0.34562982,0.10437018,0.55,0.515,0.553,5987,0.7967,0.6837,0.7582,0.5444,0.8861,"Pondera County, MT",Q4: Most vulnerable,FALSE,0.67485
30075,MT,"Powder River County, MT",4367,0,0.168307763,0.831692237,0.961,0.949,1773,0.1521,0.1919,0.0789,0.2214,0.3875,"Powder River County, MT",Q1: Least vulnerable,FALSE,0.55055
30077,MT,"Powell County, MT",7703,0,0.313644035,0.686355965,0.894,0.917,6998,0.2319,0.1807,0.0544,0.3592,0.7159,"Powell County, MT",Q1: Least vulnerable,FALSE,0.57445
30079,MT,"Prairie County, MT",2250,0,0.454666667,0.545333333,0.825,0.815,1283,0.3567,0.5495,0.3793,0.2984,0.1884,"Prairie County, MT",Q2,FALSE,0.58585
30081,MT,"Ravalli County, MT",37573,0.01019349,0.155563836,0.834242674,0.989,0.99,44876,0.1511,0.3306,0.1607,0.2854,0.0888,"Ravalli County, MT",Q1: Least vulnerable,FALSE,0.57055
30083,MT,"Richland County, MT",11629,0.265715023,0.304411385,0.429873592,0.638,0.657,11366,0.2644,0.2647,0.139,0.363,0.5132,"Richland County, MT",Q2,FALSE,0.4607
30085,MT,"Roosevelt County, MT",9285,0.026171244,0.534733441,0.439095315,0.702,0.708,10799,0.7665,0.7515,0.1724,0.9504,0.9042,"Roosevelt County, MT",Q4: Most vulnerable,FALSE,0.73725
30087,MT,"Rosebud County, MT",8563,0.003503445,0.383977578,0.612518977,0.956,0.942,8310,0.9408,0.9205,0.8839,0.8629,0.8536,"Rosebud County, MT",Q4: Most vulnerable,TRUE,0.9414
30089,MT,"Sanders County, MT",13932,0.004450187,0.199325294,0.796224519,0.827,0.854,12615,0.5778,0.8263,0.385,0.3217,0.3643,"Sanders County, MT",Q3,FALSE,0.7159
30091,MT,"Sheridan County, MT",7031,0.109088323,0.372351017,0.51856066,0.495,0.504,3700,0.1642,0.2046,0.2304,0.3016,0.2052,"Sheridan County, MT",Q1: Least vulnerable,FALSE,0.3341
30093,MT,"Silver Bow County, MT",23048,0.185048594,0.566036099,0.248915307,0.783,0.837,35306,0.4534,0.4273,0.4403,0.2984,0.5797,"Silver Bow County, MT",Q2,FALSE,0.6452
30095,MT,"Stillwater County, MT",10618,5.65078e-4,0.291297796,0.708137126,0.781,0.808,8978,0.0608,0.0379,0.2689,0.2234,0.147,"Stillwater County, MT",Q1: Least vulnerable,FALSE,0.4344
30097,MT,"Sweet Grass County, MT",5344,1.87126e-4,0.230538922,0.769273952,0.81,0.847,3697,0.0242,0.0678,0.1142,0.2485,0.028,"Sweet Grass County, MT",Q1: Least vulnerable,FALSE,0.4356
30099,MT,"Teton County, MT",9346,0.036058207,0.33725658,0.626685213,0.581,0.659,6238,0.3662,0.3633,0.1919,0.1985,0.6825,"Teton County, MT",Q2,FALSE,0.5126000000000001
30101,MT,"Toole County, MT",6870,0.044250364,0.403784571,0.551965066,0.349,0.353,5018,0.6023,0.6112,0.0703,0.4273,0.959,"Toole County, MT",Q3,FALSE,0.47764999999999996
30103,MT,"Treasure County, MT",1434,0.265690377,0.18549511900000001,0.548814505,0.928,0.92,680,0.0719,0.0859,0.0745,0.0757,0.3143,"Treasure County, MT",Q1: Least vulnerable,FALSE,0.49595
30105,MT,"Valley County, MT",10424,0.101112817,0.37423254,0.524654643,0.597,0.632,7552,0.2027,0.1998,0.3283,0.4416,0.2081,"Valley County, MT",Q1: Least vulnerable,FALSE,0.41735
30107,MT,"Wheatland County, MT",3489,0.002292921,0.365434222,0.632272858,0.454,0.485,2060,0.1273,0.3395,0.1569,0.119,0.0745,"Wheatland County, MT",Q1: Least vulnerable,FALSE,0.30615
30109,MT,"Wibaux County, MT",2093,0.129957,0.139990444,0.730052556,0.722,0.722,1119,0.273,0.1775,0.7471,0.3446,0.2281,"Wibaux County, MT",Q2,FALSE,0.4975
30111,MT,"Yellowstone County, MT",86498,0.370366945,0.372690698,0.256942357,0.865,0.859,165524,0.2889,0.2094,0.2501,0.4416,0.546,"Yellowstone County, MT",Q2,FALSE,0.57395
31001,NE,"Adams County, NE",20246,0.825348217,0.016398301,0.158253482,0.19,0.224,31143,0.4769,0.2157,0.8018,0.4569,0.6277,"Adams County, NE",Q2,FALSE,0.35045
31003,NE,"Antelope County, NE",11474,0.382429841,0.178926268,0.438643891,0.386,0.467,6302,0.0767,0.0573,0.6592,0.0881,0.0601,"Antelope County, NE",Q1: Least vulnerable,FALSE,0.27185000000000004
31005,NE,"Arthur County, NE",897,0,0.061315496,0.938684504,0.744,0.758,485,0.0751,0.0795,0.4486,0.1508,0.077,"Arthur County, NE",Q1: Least vulnerable,FALSE,0.41655
31007,NE,"Banner County, NE",1836,0.004901961,0.074618736,0.920479303,0.724,0.731,670,0.0124,0.0372,0.4512,0.2214,6e-4,"Banner County, NE",Q1: Least vulnerable,FALSE,0.3717
31009,NE,"Blaine County, NE",1205,0,0.130290456,0.869709544,0.739,0.757,384,0.0799,0.2008,0.5043,0,0.0156,"Blaine County, NE",Q1: Least vulnerable,FALSE,0.41845
31011,NE,"Boone County, NE",9114,0.438336625,0.166008339,0.395655036,0.349,0.395,5397,0.0162,0.022,0.2463,0.0337,0.0321,"Boone County, NE",Q1: Least vulnerable,FALSE,0.2056
31013,NE,"Box Butte County, NE",9852,0.569935039,0.052070646,0.377994316,0.74,0.788,10778,0.4963,0.3716,0.5218,0.5269,0.615,"Box Butte County, NE",Q2,FALSE,0.64215
31015,NE,"Boyd County, NE",4464,0.006496416,0.257392473,0.736111111,0.609,0.688,1767,0.0601,0.126,0.3471,0.1753,0.0305,"Boyd County, NE",Q1: Least vulnerable,FALSE,0.37405
31017,NE,"Brown County, NE",4650,0.287956989,0.1,0.612043011,0.686,0.719,2691,0.1444,0.3013,0.3255,0.2364,0.0531,"Brown County, NE",Q1: Least vulnerable,FALSE,0.4317
31019,NE,"Buffalo County, NE",29586,0.552220645,0.151659569,0.296119786,0.56,0.67,50103,0.3828,0.2924,0.4149,0.4165,0.5412,"Buffalo County, NE",Q2,FALSE,0.5264
31021,NE,"Burt County, NE",9623,0.581003845,0.040839655,0.3781565,0.555,0.641,6717,0.1798,0.2399,0.5908,0.2399,0.0703,"Burt County, NE",Q1: Least vulnerable,FALSE,0.4104
31023,NE,"Butler County, NE",12022,0.518299784,0.051488937,0.430211279,0.408,0.504,8373,0.0738,0.0557,0.5988,0.2323,0.0487,"Butler County, NE",Q1: Least vulnerable,FALSE,0.2889
31025,NE,"Cass County, NE",21525,0.463228804,0.084088269,0.452682927,0.402,0.419,26749,0.0379,0.0955,0.0605,0.2164,0.0722,"Cass County, NE",Q1: Least vulnerable,FALSE,0.22845
31027,NE,"Cedar County, NE",13659,0.447690168,0.034263123,0.518046709,0.451,0.554,8375,0.0067,0.0162,0.1441,0.0299,0.0165,"Cedar County, NE",Q1: Least vulnerable,FALSE,0.28035000000000004
31029,NE,"Chase County, NE",5486,0.20051039,0.31206708,0.48742253,0.44,0.485,3704,0.272,0.3102,0.7057,0.5778,0.056,"Chase County, NE",Q2,FALSE,0.3785
31031,NE,"Cherry County, NE",8220,0,0.273357664,0.72664233600000006,0.813,0.824,5473,0.3016,0.1947,0.1718,0.4416,0.6936,"Cherry County, NE",Q2,FALSE,0.5628
31033,NE,"Cheyenne County, NE",10247,0.062457305,0.472138187,0.465404509,0.5,0.514,9489,0.2857,0.329,0.1215,0.3649,0.5005,"Cheyenne County, NE",Q2,FALSE,0.39985000000000004
31035,NE,"Clay County, NE",9002,0.546767385,0.122639413,0.330593202,0.337,0.379,6088,0.0942,0.1069,0.6637,0.3503,0.0137,"Clay County, NE",Q1: Least vulnerable,FALSE,0.2366
31037,NE,"Colfax County, NE",10454,0.632867802,0.025540463,0.341591735,0.325,0.409,10563,0.364,0.3363,0.4862,0.8839,0.1664,"Colfax County, NE",Q2,FALSE,0.38649999999999995
31039,NE,"Cuming County, NE",12872,0.46612803,0.144577377,0.389294593,0.44,0.514,9000,0.0795,0.0964,0.5081,0.3697,0.0235,"Cuming County, NE",Q1: Least vulnerable,FALSE,0.29675
31041,NE,"Custer County, NE",15963,0.015160058,0.453298252,0.53154169,0.809,0.853,10566,0.1425,0.1769,0.6233,0.1457,0.0684,"Custer County, NE",Q1: Least vulnerable,FALSE,0.49774999999999997
31043,NE,"Dakota County, NE",10735,0.729483,0.048998603,0.221518398,0.694,0.744,21308,0.7321,0.5065,0.6214,0.8925,0.8517,"Dakota County, NE",Q3,FALSE,0.73805
31045,NE,"Dawes County, NE",8304,0.009633911,0.446893064,0.543473025,0.879,0.891,8279,0.3156,0.2517,0.4992,0.4222,0.3713,"Dawes County, NE",Q2,FALSE,0.6033
31047,NE,"Dawson County, NE",20739,0.512223347,0.216837842,0.270938811,0.663,0.764,24037,0.7311,0.5138,0.8069,0.8171,0.7264,"Dawson County, NE",Q3,FALSE,0.7475499999999999
31049,NE,"Deuel County, NE",3112,0.068766067,0.406169666,0.525064267,0.462,0.473,1858,0.063,0.3385,0.1728,0.4356,0.0016,"Deuel County, NE",Q1: Least vulnerable,FALSE,0.268
31051,NE,"Dixon County, NE",8263,0.407358102,0.126225342,0.466416556,0.495,0.59,5579,0.3789,0.3401,0.8683,0.4871,0.1142,"Dixon County, NE",Q2,FALSE,0.48445
31053,NE,"Dodge County, NE",25249,0.737375738,0.054853658,0.207770605,0.381,0.438,37175,0.5135,0.3392,0.9122,0.5231,0.3541,"Dodge County, NE",Q3,FALSE,0.47575
31055,NE,"Douglas County, NE",212337,0.901698715,0.018517734,0.079783552,0.528,0.586,582638,0.594,0.4461,0.6236,0.6962,0.657,"Douglas County, NE",Q3,FALSE,0.59
31057,NE,"Dundy County, NE",3941,0.029941639,0.354224816,0.615833545,0.514,0.554,1825,0.0156,0.0398,0.1451,0.0032,0.0315,"Dundy County, NE",Q1: Least vulnerable,FALSE,0.2848
31059,NE,"Fillmore County, NE",8911,0.680282797,0,0.319717203,0.153,0.197,5557,0.0083,0.0067,0.0385,0.1409,0.0776,"Fillmore County, NE",Q1: Least vulnerable,FALSE,0.10265
31061,NE,"Franklin County, NE",5455,0.314757104,0.265627864,0.419615032,0.462,0.491,2901,0.1129,0.1438,0.3589,0.0932,0.1403,"Franklin County, NE",Q1: Least vulnerable,FALSE,0.30195
31063,NE,"Frontier County, NE",5216,0.013420245,0.359279141,0.627300613,0.415,0.424,2491,0.3153,0.265,0.3898,0.1928,0.5406,"Frontier County, NE",Q2,FALSE,0.36965000000000003
31065,NE,"Furnas County, NE",6922,0.189396128,0.460271598,0.350332274,0.267,0.287,4630,0.1931,0.2281,0.532,0.1861,0.1432,"Furnas County, NE",Q1: Least vulnerable,FALSE,0.24004999999999999
31067,NE,"Gage County, NE",22505,0.642168407,0.004310153,0.35352144,0.46,0.56,21654,0.2307,0.1969,0.4989,0.1409,0.3271,"Gage County, NE",Q1: Least vulnerable,FALSE,0.39535000000000003
31069,NE,"Garden County, NE",3650,0.056712329,0.304109589,0.639178082,0.734,0.751,1778,0.42,0.5482,0.9453,0.1276,0.0528,"Garden County, NE",Q2,FALSE,0.5855
31071,NE,"Garfield County, NE",2907,0.206742346,0.182662539,0.610595115,0.689,0.741,1833,0.0557,0.042,0.1012,0.0299,0.3274,"Garfield County, NE",Q1: Least vulnerable,FALSE,0.39835
31073,NE,"Gosper County, NE",3887,0.12837664,0.366092102,0.505531258,0.363,0.381,1873,0.0293,0.1435,0.0296,0.1276,0.0535,"Gosper County, NE",Q1: Least vulnerable,FALSE,0.20515
31075,NE,"Grant County, NE",1102,0,0.147005445,0.852994555,0.731,0.755,649,0.168,0.2921,0.0811,0.014,0.3748,"Grant County, NE",Q1: Least vulnerable,FALSE,0.4615
31077,NE,"Greeley County, NE",4402,0.057019537,0.461835529,0.481144934,0.605,0.7,2212,0.062,0.0636,0.6306,0.0455,0.0372,"Greeley County, NE",Q1: Least vulnerable,FALSE,0.381
31079,NE,"Hall County, NE",33290,0.842385101,0.017332532,0.140282367,0.309,0.359,62575,0.7343,0.6487,0.882,0.7378,0.496,"Hall County, NE",Q3,FALSE,0.54665
31081,NE,"Hamilton County, NE",11390,0.652941176,0.050307287,0.296751536,0.181,0.214,9400,0.0229,0.0433,0.3471,0.1276,0.0105,"Hamilton County, NE",Q1: Least vulnerable,FALSE,0.11845
31083,NE,"Harlan County, NE",5784,0.179114799,0.382261411,0.43862379,0.332,0.345,3094,0.3312,0.1263,0.9275,0.1508,0.4066,"Harlan County, NE",Q2,FALSE,0.33809999999999996
31085,NE,"Hayes County, NE",2347,0.002982531,0.191734129,0.80528334,0.47,0.489,919,0.0547,0.0617,0.616,0.1985,0.0172,"Hayes County, NE",Q1: Least vulnerable,FALSE,0.27185
31087,NE,"Hitchcock County, NE",5016,0.00877193,0.413476874,0.577751196,0.44,0.457,2620,0.2574,0.1346,0.8791,0.1753,0.2192,"Hitchcock County, NE",Q2,FALSE,0.3572
31089,NE,"Holt County, NE",15685,0.207586866,0.151291042,0.641122091,0.596,0.663,10149,0.1098,0.0929,0.6227,0.2062,0.0729,"Holt County, NE",Q1: Least vulnerable,FALSE,0.3864
31091,NE,"Hooker County, NE",1013,0,0.431391905,0.568608095,0.714,0.725,659,0.1021,0.1196,0.0172,0.314,0.4782,"Hooker County, NE",Q1: Least vulnerable,FALSE,0.41355
31093,NE,"Howard County, NE",8481,0.19844358,0.291003419,0.510553001,0.496,0.584,6476,0.2202,0.1597,0.7849,0.2109,0.154,"Howard County, NE",Q1: Least vulnerable,FALSE,0.4021
31095,NE,"Jefferson County, NE",10209,0.564893721,0.037711823,0.397394456,0.593,0.717,7185,0.2736,0.2934,0.7191,0.2164,0.1502,"Jefferson County, NE",Q2,FALSE,0.49529999999999996
31097,NE,"Johnson County, NE",6329,0.322009796,0.107915942,0.570074261,0.685,0.77,5294,0.2927,0.0958,0.7798,0.5326,0.3509,"Johnson County, NE",Q2,FALSE,0.53135
31099,NE,"Kearney County, NE",7709,0.640939162,0.081203788,0.27785705,0.207,0.242,6655,0.1028,0.0283,0.5444,0.2733,0.1836,"Kearney County, NE",Q1: Least vulnerable,FALSE,0.1724
31101,NE,"Keith County, NE",10048,0.066480892,0.480095541,0.453423567,0.613,0.633,8303,0.2603,0.2269,0.5412,0.3217,0.2606,"Keith County, NE",Q2,FALSE,0.44665
31103,NE,"Keya Paha County, NE",2112,0,0.128314394,0.871685606,0.635,0.7,987,0.0226,0.1276,0.2797,0.021,0.0041,"Keya Paha County, NE",Q1: Least vulnerable,FALSE,0.36129999999999995
31105,NE,"Kimball County, NE",5005,0.002797203,0.429370629,0.567832168,0.596,0.625,3395,0.4308,0.6971,0.5571,0.4569,0.0725,"Kimball County, NE",Q2,FALSE,0.5279
31107,NE,"Knox County, NE",14468,0.272325131,0.109828587,0.617846281,0.656,0.738,8415,0.2717,0.1864,0.7747,0.4445,0.1683,"Knox County, NE",Q2,FALSE,0.50485
31109,NE,"Lancaster County, NE",130971,0.788716586,0.051736644,0.15954677,0.544,0.635,322063,0.4031,0.2755,0.2905,0.5371,0.6647,"Lancaster County, NE",Q2,FALSE,0.51905
31111,NE,"Lincoln County, NE",26912,0.29347503,0.303061831,0.403463139,0.598,0.63,34532,0.4617,0.3748,0.7782,0.3939,0.3675,"Lincoln County, NE",Q2,FALSE,0.54585
31113,NE,"Logan County, NE",1291,0.008520527,0.261812548,0.729666925,0.771,0.801,839,0.0471,0.057,0.2192,0.3649,0.0541,"Logan County, NE",Q1: Least vulnerable,FALSE,0.42405000000000004
31115,NE,"Loup County, NE",1454,0,0.224209078,0.775790922,0.673,0.72,629,0.202,0.2237,0.6567,0.4556,0.0576,"Loup County, NE",Q1: Least vulnerable,FALSE,0.46099999999999997
31117,NE,"McPherson County, NE",1070,0,0.042990654,0.957009346,0.746,0.756,456,0.0016,0.0239,0.0118,6e-4,0.0223,"McPherson County, NE",Q1: Least vulnerable,FALSE,0.3788
31119,NE,"Madison County, NE",22971,0.679030081,0.034304123,0.286665796,0.4,0.515,35538,0.4633,0.2284,0.6605,0.5501,0.6529,"Madison County, NE",Q2,FALSE,0.48915
31121,NE,"Merrick County, NE",9754,0.543366824,0.069202379,0.387430798,0.421,0.511,7675,0.1947,0.2405,0.5953,0.2399,0.0955,"Merrick County, NE",Q1: Least vulnerable,FALSE,0.35285
31123,NE,"Morrill County, NE",6282,0.053008596,0.442534225,0.504457179,0.737,0.759,4562,0.3143,0.434,0.5635,0.5161,0.0904,"Morrill County, NE",Q2,FALSE,0.5366500000000001
31125,NE,"Nance County, NE",5521,0.220974461,0.315884803,0.463140735,0.452,0.53,3366,0.05,0.1976,0.2183,0.1094,0.0121,"Nance County, NE",Q1: Least vulnerable,FALSE,0.29000000000000004
31127,NE,"Nemaha County, NE",7842,0.560698801,0.022188217,0.417112981,0.489,0.518,7019,0.4712,0.5953,0.2342,0.2781,0.5536,"Nemaha County, NE",Q2,FALSE,0.49460000000000004
31129,NE,"Nuckolls County, NE",7450,0.437181208,0.129530201,0.433288591,0.328,0.355,4092,0.014,0.083,0.0414,0.1572,0.0264,"Nuckolls County, NE",Q1: Least vulnerable,FALSE,0.1845
31131,NE,"Otoe County, NE",15612,0.4066103,0.173648476,0.419741225,0.437,0.488,15995,0.2698,0.0993,0.902,0.3847,0.2173,"Otoe County, NE",Q2,FALSE,0.3789
31133,NE,"Pawnee County, NE",5319,0.144200038,0.265839444,0.589960519,0.744,0.811,2553,0.49,0.4442,0.92490000000000006,0.0983,0.3153,"Pawnee County, NE",Q2,FALSE,0.6505000000000001
31135,NE,"Perkins County, NE",4993,0.391948728,0.082114961,0.525936311,0.316,0.341,2860,0.14,0.1801,0.546,0.1985,0.0764,"Perkins County, NE",Q1: Least vulnerable,FALSE,0.24050000000000002
31137,NE,"Phelps County, NE",9449,0.647158429,0.084982538,0.267859033,0.215,0.242,8966,0.3242,0.174,0.5094,0.2485,0.6309,"Phelps County, NE",Q2,FALSE,0.2831
31139,NE,"Pierce County, NE",10425,0.503693046,0.01352518,0.482781775,0.425,0.58,7301,0.0439,0.0684,0.5215,0.0407,0.0169,"Pierce County, NE",Q1: Least vulnerable,FALSE,0.31195
31141,NE,"Platte County, NE",26016,0.602360086,0.157787515,0.239852399,0.331,0.409,34219,0.371,0.2103,0.7493,0.6013,0.3105,"Platte County, NE",Q2,FALSE,0.39
31143,NE,"Polk County, NE",8097,0.58243794,0.04001482,0.37754724,0.264,0.325,5182,0.0477,0.0706,0.2813,0.2628,0.0404,"Polk County, NE",Q1: Least vulnerable,FALSE,0.18635000000000002
31145,NE,"Red Willow County, NE",10144,0.001182965,0.677937697,0.320879338,0.343,0.352,10690,0.3522,0.3353,0.3576,0.2781,0.5062,"Red Willow County, NE",Q2,FALSE,0.35209999999999997
31147,NE,"Richardson County, NE",10613,0.49071893,0.114953359,0.394327711,0.571,0.608,7850,0.2883,0.4133,0.5784,0.2399,0.1244,"Richardson County, NE",Q2,FALSE,0.44815
31149,NE,"Rock County, NE",2859,0.008044771,0.243791536,0.748163694,0.692,0.736,1312,0.0423,0.041,0.3812,0.0019,0.07,"Rock County, NE",Q1: Least vulnerable,FALSE,0.38915
31151,NE,"Saline County, NE",13933,0.610062442,7.89493e-4,0.389148066,0.314,0.378,14275,0.4989,0.3878,0.7082,0.7003,0.3624,"Saline County, NE",Q2,FALSE,0.43845
31153,NE,"Sarpy County, NE",71180,0.775709469,0.079811745,0.144478786,0.511,0.544,191272,0.0776,0.0417,0.3551,0.5488,0.0748,"Sarpy County, NE",Q1: Least vulnerable,FALSE,0.3108
31155,NE,"Saunders County, NE",22124,0.492361237,0.078918821,0.428719942,0.419,0.483,22374,0.0108,0.0143,0.1527,0.0983,0.0337,"Saunders County, NE",Q1: Least vulnerable,FALSE,0.24689999999999998
31157,NE,"Scotts Bluff County, NE",26095,0.465836367,0.263268825,0.270894807,0.68,0.705,36048,0.7356,0.5367,0.9507,0.6599,0.5733,"Scotts Bluff County, NE",Q3,FALSE,0.7202999999999999
31159,NE,"Seward County, NE",15408,0.573987539,0.015641225,0.410371236,0.454,0.551,17644,0.0563,0.0321,0.071,0.0757,0.4095,"Seward County, NE",Q1: Least vulnerable,FALSE,0.30365000000000003
31161,NE,"Sheridan County, NE",8523,0.043177285,0.312565998,0.644256717,0.892,0.912,5102,0.3462,0.2825,0.4318,0.5352,0.3891,"Sheridan County, NE",Q2,FALSE,0.6291
31163,NE,"Sherman County, NE",5787,0.108864697,0.351477449,0.539657854,0.688,0.774,2970,0.2641,0.273,0.5714,0.0983,0.2774,"Sherman County, NE",Q2,FALSE,0.51905
31165,NE,"Sioux County, NE",3154,0.032339886,0.163284718,0.804375396,0.834,0.842,1162,0.3204,0.3439,0.5676,0.1572,0.315,"Sioux County, NE",Q2,FALSE,0.5811999999999999
31167,NE,"Stanton County, NE",7644,0.226713762,0.238356881,0.534929356,0.467,0.604,5828,0.0054,0.0057,0.0907,0.2879,0.013,"Stanton County, NE",Q1: Least vulnerable,FALSE,0.30469999999999997
31169,NE,"Thayer County, NE",8298,0.59978308,0.031935406,0.368281514,0.333,0.4,5006,0.1301,0.1368,0.3554,0.1094,0.1966,"Thayer County, NE",Q1: Least vulnerable,FALSE,0.26505
31171,NE,"Thomas County, NE",1139,0,0.199297629,0.800702371,0.764,0.767,592,0.0019,0.0213,0.0207,0.3675,0.0038,"Thomas County, NE",Q1: Least vulnerable,FALSE,0.38445
31173,NE,"Thurston County, NE",6160,0.526461039,0.044642857,0.428896104,0.705,0.742,6716,0.798,0.7786,0.6188,0.9443,0.6831,"Thurston County, NE",Q4: Most vulnerable,FALSE,0.77
31175,NE,"Valley County, NE",6410,0.025429017,0.473478939,0.501092044,0.718,0.794,4053,0.1464,0.0824,0.5842,0.0115,0.2851,"Valley County, NE",Q1: Least vulnerable,FALSE,0.4702
31177,NE,"Washington County, NE",17408,0.25568704,0.233743107,0.510569853,0.489,0.566,20884,0.0143,0.0302,0.1187,0.0983,0.0379,"Washington County, NE",Q1: Least vulnerable,FALSE,0.29014999999999996
31179,NE,"Wayne County, NE",9440,0.590254237,0,0.409745763,0.293,0.37,9701,0.1626,0.2596,0.0601,0.3166,0.3013,"Wayne County, NE",Q1: Least vulnerable,FALSE,0.2663
31181,NE,"Webster County, NE",5630,0.311722913,0.20035524,0.487921847,0.386,0.415,3410,0.0375,0.0461,0.1814,0.2914,0.0493,"Webster County, NE",Q1: Least vulnerable,FALSE,0.22624999999999998
31183,NE,"Wheeler County, NE",2025,0.004938272,0.209876543,0.785185185,0.617,0.671,771,0.0385,0.105,0.1209,0.0013,0.0617,"Wheeler County, NE",Q1: Least vulnerable,FALSE,0.35475
31185,NE,"York County, NE",14300,0.726713287,0,0.273286713,0.11,0.138,14212,0.1359,0.0407,0.1479,0.2959,0.5682,"York County, NE",Q1: Least vulnerable,FALSE,0.13695000000000002
32001,NV,"Churchill County, NV",17439,0.43884397000000003,0.152244968,0.408911061,0.717,0.741,25409,0.6271,0.5161,0.7703,0.6516,0.5317,"Churchill County, NV",Q3,FALSE,0.68405
32003,NV,"Clark County, NV",712580,0.722118218,0.241163097,0.036718684,0.75,0.782,2265926,0.8635,0.8969,0.6647,0.9217,0.7127,"Clark County, NV",Q4: Most vulnerable,TRUE,0.8227500000000001
32005,NV,"Douglas County, NV",29014,0.115013442,0.500861653,0.384124905,0.972,0.973,49476,0.2059,0.2046,0.4448,0.5558,0.1231,"Douglas County, NV",Q1: Least vulnerable,FALSE,0.58945
32007,NV,"Elko County, NV",29529,0.001388466,0.347387314,0.65122422,0.999,0.999,53600,0.6185,0.4057,0.5721,0.741,0.7817,"Elko County, NV",Q3,FALSE,0.8087500000000001
32009,NV,"Esmeralda County, NV",1618,0.071075402,0.393695921,0.535228677,0.437,0.55,980,0.9077,0.8638,0.7028,0.7436,0.9567,"Esmeralda County, NV",Q4: Most vulnerable,FALSE,0.72885
32011,NV,"Eureka County, NV",2812,0.020981508,0.297652916,0.681365576,0.968,0.977,1622,0.4254,0.147,0.8339,0.4814,0.5692,"Eureka County, NV",Q2,FALSE,0.7012
32013,NV,"Humboldt County, NV",12949,0.001003939,0.459186038,0.539810024,0.99,0.988,17266,0.616,0.5056,0.6793,0.735,0.5495,"Humboldt County, NV",Q3,FALSE,0.802
32015,NV,"Lander County, NV",5177,0,0.454510334,0.545489666,0.925,0.934,5728,0.5762,0.413,0.9135,0.678,0.363,"Lander County, NV",Q3,FALSE,0.7551000000000001
32017,NV,"Lincoln County, NV",4148,0.00216972,0.458052073,0.539778206,0.874,0.933,4507,0.5749,0.3175,0.5472,0.4569,0.9255,"Lincoln County, NV",Q3,FALSE,0.75395
32019,NV,"Lyon County, NV",32309,0.076294531,0.539756724,0.383948745,0.918,0.93,59435,0.5593,0.7229,0.6602,0.6424,0.1737,"Lyon County, NV",Q3,FALSE,0.74465
32021,NV,"Mineral County, NV",4602,4.34594e-4,0.637983485,0.361581921,0.666,0.746,4568,0.5501,0.7935,0.5829,0.8139,0.0738,"Mineral County, NV",Q3,FALSE,0.64805
32023,NV,"Nye County, NV",35712,0.377380152,0.35859095,0.264028898,0.533,0.638,51698,0.7954,0.8339,0.8606,0.6503,0.469,"Nye County, NV",Q4: Most vulnerable,FALSE,0.7167
32027,NV,"Pershing County, NV",4462,0.187135814,0.237337517,0.57552667,0.954,0.945,6587,0.6761,0.539,0.3341,0.7423,0.901,"Pershing County, NV",Q3,FALSE,0.81055
32029,NV,"Storey County, NV",3201,6.24805e-4,0.437675726,0.561699469,0.98,0.983,4095,0.1836,0.3732,0.476,0.4779,0.0108,"Storey County, NV",Q1: Least vulnerable,FALSE,0.5833
32031,NV,"Washoe County, NV",176157,0.330443865,0.506179147,0.163376988,0.973,0.972,486674,0.6971,0.6322,0.3983,0.776,0.7849,"Washoe County, NV",Q3,FALSE,0.83455
32033,NV,"White Pine County, NV",7273,1.37495e-4,0.578990788,0.420871717,0.772,0.846,8997,0.2498,0.1279,0.2835,0.6538,0.4524,"White Pine County, NV",Q1: Least vulnerable,FALSE,0.5478999999999999
32510,NV,"Carson City, NV",22496,0.237997866,0.659361664,0.102640469,0.976,0.983,58249,0.8508,0.6771,0.6965,0.7308,0.9755,"Carson City, NV",Q4: Most vulnerable,TRUE,0.9169
33001,NH,"Belknap County, NH",39851,0.088981456,0.183107074,0.72791147,0.102,0.101,63914,0.1454,0.2033,0.2342,0.1094,0.2221,"Belknap County, NH",Q1: Least vulnerable,FALSE,0.1232
33003,NH,"Carroll County, NH",44181,0.039179738,0.107240669,0.853579593,0.102,0.102,50679,0.1406,0.3761,0.1266,0.0579,0.1123,"Carroll County, NH",Q1: Least vulnerable,FALSE,0.12129999999999999
33005,NH,"Cheshire County, NH",39411,0.004415011,0.253254168,0.742330821,0.111,0.11,76610,0.1702,0.2291,0.0248,0.1457,0.5988,"Cheshire County, NH",Q1: Least vulnerable,FALSE,0.1401
33007,NH,"Coos County, NH",26533,0.003957336,0.31767987,0.678362794,0.059,0.06,31430,0.4862,0.5377,0.3038,0.0881,0.72,"Coos County, NH",Q2,FALSE,0.2731
33009,NH,"Grafton County, NH",56540,0.006579413,0.209939866,0.783480722,0.092,0.09,90836,0.2619,0.2148,0.084,0.328,0.6997,"Grafton County, NH",Q2,FALSE,0.17595
33011,NH,"Hillsborough County, NH",147676,0.306183808,0.234628511,0.459187681,0.161,0.181,422733,0.2234,0.224,0.097,0.4973,0.4391,"Hillsborough County, NH",Q1: Least vulnerable,FALSE,0.2022
33013,NH,"Merrimack County, NH",71280,0.042901235,0.261574074,0.695524691,0.112,0.116,153918,0.2109,0.1635,0.0815,0.2444,0.6701,"Merrimack County, NH",Q1: Least vulnerable,FALSE,0.16345
33015,NH,"Rockingham County, NH",132138,0.134457915,0.244093296,0.621448788,0.148,0.178,315169,0.02,0.0595,0.0175,0.2692,0.1161,"Rockingham County, NH",Q1: Least vulnerable,FALSE,0.09899999999999999
33017,NH,"Strafford County, NH",50381,0.007244795,0.374010043,0.618745162,0.124,0.132,130965,0.1833,0.2074,0.0086,0.335,0.7321,"Strafford County, NH",Q1: Least vulnerable,FALSE,0.15765
33019,NH,"Sullivan County, NH",27320,0.006515373,0.225439239,0.768045388,0.099,0.096,43356,0.2186,0.3847,0.0659,0.1457,0.3882,"Sullivan County, NH",Q1: Least vulnerable,FALSE,0.1573
34001,NJ,"Atlantic County, NJ",106293,0.354830516,0.29015081,0.355018675,0.806,0.831,274339,0.853,0.7712,0.679,0.8317,0.9026,"Atlantic County, NJ",Q4: Most vulnerable,TRUE,0.842
34003,NJ,"Bergen County, NJ",266924,0.696898743,0.039614272,0.263486985,0.209,0.219,953243,0.4372,0.3191,0.1553,0.8501,0.651,"Bergen County, NJ",Q2,FALSE,0.3281
34005,NJ,"Burlington County, NJ",162685,0.475907428,0.150751452,0.373341119,0.879,0.902,461853,0.2434,0.1829,0.2004,0.7261,0.3299,"Burlington County, NJ",Q1: Least vulnerable,FALSE,0.5727
34007,NJ,"Camden County, NJ",157647,0.641046135,0.127335122,0.231618743,0.675,0.701,522581,0.7795,0.665,0.784,0.8396,0.7025,"Camden County, NJ",Q4: Most vulnerable,FALSE,0.74025
34009,NJ,"Cape May County, NJ",81029,0.469350479,0.294524183,0.236125338,0.728,0.781,95456,0.3541,0.3885,0.3729,0.4445,0.3201,"Cape May County, NJ",Q2,FALSE,0.56755
34011,NJ,"Cumberland County, NJ",65606,0.224461177,0.262262598,0.513276225,0.675,0.725,153588,0.9793,0.9418,0.8934,0.8976,0.9726,"Cumberland County, NJ",Q4: Most vulnerable,FALSE,0.85215
34013,NJ,"Essex County, NJ",179146,0.821302178,0.008719145,0.169978677,0.174,0.169,853374,0.9415,0.8982,0.7566,0.9644,0.9478,"Essex County, NJ",Q4: Most vulnerable,FALSE,0.55525
34015,NJ,"Gloucester County, NJ",115298,0.488230498,0.101935853,0.409833648,0.517,0.528,302621,0.2173,0.2141,0.2469,0.5867,0.2259,"Gloucester County, NJ",Q1: Least vulnerable,FALSE,0.37265000000000004
34017,NJ,"Hudson County, NJ",94323,0.998059858,0,0.001940142,0.169,0.162,712029,0.7827,0.8241,0.1785,0.9669,0.8365,"Hudson County, NJ",Q4: Most vulnerable,FALSE,0.47235
34019,NJ,"Hunterdon County, NJ",63154,0.027836717,0.107435792,0.864727492,0.197,0.204,129099,0.035,0.0388,0.0592,0.4725,0.0846,"Hunterdon County, NJ",Q1: Least vulnerable,FALSE,0.1195
34021,NJ,"Mercer County, NJ",109155,0.588282717,0.062104347,0.349612936,0.349,0.345,383732,0.7445,0.5597,0.4053,0.8864,0.9383,"Mercer County, NJ",Q3,FALSE,0.5447500000000001
34023,NJ,"Middlesex County, NJ",227377,0.654419752,0.178628445,0.166951803,0.398,0.403,860147,0.6647,0.496,0.2361,0.9201,0.9198,"Middlesex County, NJ",Q3,FALSE,0.5338499999999999
34025,NJ,"Monmouth County, NJ",234780,0.529891814,0.16087401,0.309234177,0.618,0.631,643064,0.2138,0.202,0.1254,0.6223,0.3338,"Monmouth County, NJ",Q1: Least vulnerable,FALSE,0.4224
34027,NJ,"Morris County, NJ",175718,0.149842361,0.226681387,0.623476252,0.225,0.232,508816,0.1667,0.1142,0.097,0.6847,0.3614,"Morris County, NJ",Q1: Least vulnerable,FALSE,0.19935
34029,NJ,"Ocean County, NJ",265591,0.501361115,0.340293911,0.158344974,0.915,0.943,638691,0.4133,0.3668,0.609,0.4699,0.3385,"Ocean County, NJ",Q2,FALSE,0.67815
34031,NJ,"Passaic County, NJ",113602,0.628774141,0.130393831,0.240832028,0.284,0.299,519986,0.9112,0.917,0.6866,0.922,0.8737,"Passaic County, NJ",Q4: Most vulnerable,FALSE,0.6051
34033,NJ,"Salem County, NJ",37616,0.347431944,0.140711399,0.511856657,0.46,0.488,64840,0.6739,0.6134,0.7073,0.6402,0.5842,"Salem County, NJ",Q3,FALSE,0.5809500000000001
34035,NJ,"Somerset County, NJ",104864,0.183075221,0.257142585,0.559782194,0.214,0.214,344978,0.1912,0.1381,0.1072,0.8549,0.2969,"Somerset County, NJ",Q1: Least vulnerable,FALSE,0.2026
34037,NJ,"Sussex County, NJ",64562,0.01239119,0.188841734,0.798767077,0.365,0.364,144808,0.0458,0.1339,0.0391,0.4741,0.0509,"Sussex County, NJ",Q1: Least vulnerable,FALSE,0.2049
34039,NJ,"Union County, NJ",156007,0.779888082,0.045677438,0.174434481,0.183,0.18,572079,0.8145,0.7579,0.6118,0.9325,0.7665,"Union County, NJ",Q4: Most vulnerable,FALSE,0.49724999999999997
34041,NJ,"Warren County, NJ",49598,0.060950038,0.305173596,0.633876366,0.307,0.314,109739,0.245,0.287,0.1269,0.5558,0.3077,"Warren County, NJ",Q1: Least vulnerable,FALSE,0.27949999999999997
35001,NM,"Bernalillo County, NM",268218,0.628205415,0.227061569,0.144733016,0.772,0.823,674692,0.7929,0.7296,0.6564,0.9364,0.7168,"Bernalillo County, NM",Q4: Most vulnerable,TRUE,0.80795
35003,NM,"Catron County, NM",6707,1.49098e-4,0.055911734,0.943939168,0.943,0.96,3635,0.4483,0.4384,0.4524,0.5406,0.4206,"Catron County, NM",Q2,FALSE,0.7041499999999999
35005,NM,"Chaves County, NM",37615,0.399494882,0.211910142,0.388594975,0.858,0.837,64701,0.9701,0.8683,0.9854,0.9389,0.8864,"Chaves County, NM",Q4: Most vulnerable,TRUE,0.90355
35006,NM,"Cibola County, NM",16717,0,0.320272776,0.679727224,0.669,0.758,27211,0.9663,0.8435,0.9497,0.9844,0.9555,"Cibola County, NM",Q4: Most vulnerable,TRUE,0.86215
35007,NM,"Colfax County, NM",14960,0,0.352339572,0.647660428,0.922,0.956,12370,0.7989,0.5775,0.6513,0.8874,0.9341,"Colfax County, NM",Q4: Most vulnerable,TRUE,0.8774500000000001
35009,NM,"Curry County, NM",29404,0.635729833,0.071860971,0.292409196,0.963,0.958,48327,0.9395,0.9529,0.9555,0.8934,0.6042,"Curry County, NM",Q4: Most vulnerable,TRUE,0.94875
35011,NM,"De Baca County, NM",2779,3.59842e-4,0.373515653,0.626124505,0.87,0.85,1695,0.5043,0.7162,0.4232,0.9434,0.0897,"De Baca County, NM",Q3,FALSE,0.6771499999999999
35013,NM,"Doña Ana County, NM",96510,0.279535799,0.349207336,0.371256865,0.403,0.395,219870,0.9873,0.9688,0.9071,0.9714,0.958,"Doña Ana County, NM",Q4: Most vulnerable,FALSE,0.6911499999999999
35015,NM,"Eddy County, NM",40451,0.0889224,0.47951843,0.43155917,0.761,0.756,61264,0.6382,0.3888,0.8696,0.9017,0.5237,"Eddy County, NM",Q3,FALSE,0.6971
35017,NM,"Grant County, NM",21425,4.6674e-5,0.432718786,0.567234539,0.865,0.901,28006,0.7404,0.6707,0.6936,0.889,0.6106,"Grant County, NM",Q3,FALSE,0.8207
35019,NM,"Guadalupe County, NM",4337,0,0.397279225,0.602720775,0.853,0.854,4413,0.8791,0.8221,0.7766,0.9889,0.7976,"Guadalupe County, NM",Q4: Most vulnerable,TRUE,0.8665499999999999
35021,NM,"Harding County, NM",1661,0,0.148103552,0.851896448,0.815,0.819,671,0.6615,0.5485,0.6742,0.8988,0.5485,"Harding County, NM",Q3,FALSE,0.74025
35023,NM,"Hidalgo County, NM",4566,0,0.406263688,0.593736312,0.912,0.89,4160,0.9179,0.6984,0.8371,0.9354,0.9905,"Hidalgo County, NM",Q4: Most vulnerable,TRUE,0.90395
35025,NM,"Lea County, NM",42292,0.174690249,0.447720609,0.377589142,0.954,0.928,73103,0.9399,0.9189,0.8301,0.9504,0.8766,"Lea County, NM",Q4: Most vulnerable,TRUE,0.9339500000000001
35027,NM,"Lincoln County, NM",21797,0,0.219755012,0.780244988,0.939,0.955,20222,0.8346,0.8116,0.9195,0.7916,0.5269,"Lincoln County, NM",Q4: Most vulnerable,TRUE,0.8948
35028,NM,"Los Alamos County, NM",8433,0,0.607138622,0.392861378,0.842,0.88,19253,0.0099,3e-4,0.0255,0.658,0.0789,"Los Alamos County, NM",Q1: Least vulnerable,FALSE,0.44495
35029,NM,"Luna County, NM",16829,0.318141304,0.138035534,0.543823162,0.477,0.472,25393,0.9997,0.9577,1,0.9704,0.9367,"Luna County, NM",Q4: Most vulnerable,FALSE,0.73585
35031,NM,"McKinley County, NM",34217,0.001870415,0.281439051,0.716690534,0.422,0.497,72073,0.9695,0.9325,0.9208,0.9968,0.8985,"McKinley County, NM",Q4: Most vulnerable,FALSE,0.73325
35033,NM,"Mora County, NM",6393,0,0.076177069,0.923822931,0.946,0.964,4208,0.6169,0.399,0.9873,0.9831,0.1562,"Mora County, NM",Q3,FALSE,0.79045
35035,NM,"Otero County, NM",43295,0.057997459,0.343688648,0.598313893,0.962,0.982,67850,0.9294,0.8594,0.9192,0.8851,0.8686,"Otero County, NM",Q4: Most vulnerable,TRUE,0.9557
35037,NM,"Quay County, NM",10683,0.094261911,0.422634092,0.483103997,0.904,0.906,8641,0.8711,0.8762,0.9898,0.8832,0.2943,"Quay County, NM",Q4: Most vulnerable,TRUE,0.88855
35039,NM,"Rio Arriba County, NM",33856,0.025578922,0.198546786,0.775874291,0.821,0.877,40285,0.763,0.7152,0.9437,0.9911,0.2545,"Rio Arriba County, NM",Q4: Most vulnerable,TRUE,0.8200000000000001
35041,NM,"Roosevelt County, NM",15828,0.406242103,0.047447561,0.546310336,0.989,0.978,19142,0.951,0.9182,0.8737,0.8743,0.9106,"Roosevelt County, NM",Q4: Most vulnerable,TRUE,0.9644999999999999
35043,NM,"Sandoval County, NM",65356,0.376032805,0.177428239,0.446538956,0.803,0.872,149460,0.3933,0.3201,0.6672,0.9122,0.1435,"Sandoval County, NM",Q2,FALSE,0.6326499999999999
35045,NM,"San Juan County, NM",66074,0.103822986,0.402064352,0.494112662,0.424,0.489,121798,0.9669,0.9637,0.9201,0.9389,0.8234,"San Juan County, NM",Q4: Most vulnerable,FALSE,0.72795
35047,NM,"San Miguel County, NM",22534,7.10038e-4,0.315567587,0.683722375,0.883,0.91,27215,0.9854,0.8772,0.9593,0.9873,0.9866,"San Miguel County, NM",Q4: Most vulnerable,TRUE,0.9477
35049,NM,"Santa Fe County, NM",84636,0.226771114,0.171652725,0.601576161,0.8,0.852,154481,0.7633,0.6462,0.692,0.91,0.7057,"Santa Fe County, NM",Q4: Most vulnerable,TRUE,0.80765
35051,NM,"Sierra County, NM",13580,0.010235641,0.599410898,0.390353461,0.816,0.843,11506,0.7677,0.5746,0.8508,0.7646,0.742,"Sierra County, NM",Q4: Most vulnerable,TRUE,0.80535
35053,NM,"Socorro County, NM",14019,0.144660817,0.226549683,0.6287895,0.77,0.793,16453,0.8972,0.7194,0.7948,0.9475,0.9637,"Socorro County, NM",Q4: Most vulnerable,TRUE,0.8451
35055,NM,"Taos County, NM",28964,0.027931225,0.118043088,0.854025687,0.855,0.923,34475,0.6955,0.6176,0.8972,0.9411,0.2895,"Taos County, NM",Q3,FALSE,0.80925
35057,NM,"Torrance County, NM",15502,0,0.124564572,0.875435428,0.796,0.82,15203,0.7712,0.8142,0.7776,0.881,0.4047,"Torrance County, NM",Q4: Most vulnerable,TRUE,0.7956
35059,NM,"Union County, NM",5311,0.005836942,0.351722839,0.642440218,0.914,0.919,4074,0.9526,0.6666,0.9901,0.8584,0.9771,"Union County, NM",Q4: Most vulnerable,TRUE,0.9358
35061,NM,"Valencia County, NM",48412,0.030054532,0.282161448,0.68778402,0.501,0.536,76613,0.8823,0.8307,0.9322,0.9561,0.6198,"Valencia County, NM",Q4: Most vulnerable,FALSE,0.70915
36001,NY,"Albany County, NY",119920,0.441369246,0.192953636,0.365677118,0.123,0.125,315041,0.461,0.3115,0.1737,0.6656,0.8021,"Albany County, NY",Q2,FALSE,0.29300000000000004
36003,NY,"Allegany County, NY",38942,0.004673617,0.151019465,0.844306918,0.107,0.105,47222,0.4543,0.4973,0.1362,0.119,0.8155,"Allegany County, NY",Q2,FALSE,0.27965
36005,NY,"Bronx County, NY",96454,0.989310967,0,0.010689033,0.193,0.194,1443229,0.9965,0.9787,0.9545,0.9952,0.9806,"Bronx County, NY",Q4: Most vulnerable,FALSE,0.5952500000000001
36007,NY,"Broome County, NY",90982,0.103196237,0.39695764,0.499846123,0.107,0.103,198365,0.7248,0.6227,0.5224,0.5065,0.8972,"Broome County, NY",Q3,FALSE,0.4139
36009,NY,"Cattaraugus County, NY",58884,0.002037905,0.232847633,0.765114462,0.116,0.112,77000,0.6809,0.6096,0.6087,0.328,0.8358,"Cattaraugus County, NY",Q3,FALSE,0.39644999999999997
36011,NY,"Cayuga County, NY",47673,0.314454723,0.104734336,0.580810941,0.039,0.042,76171,0.5208,0.4524,0.2062,0.342,0.8839,"Cayuga County, NY",Q3,FALSE,0.28140000000000004
36013,NY,"Chautauqua County, NY",85460,0.212988533,0.164790545,0.622220922,0.256,0.243,127440,0.7229,0.6147,0.7579,0.4085,0.798,"Chautauqua County, NY",Q3,FALSE,0.48295
36015,NY,"Chemung County, NY",44290,0.038383382,0.486746444,0.474870174,0.197,0.199,83584,0.6093,0.5616,0.5507,0.434,0.7156,"Chemung County, NY",Q3,FALSE,0.40415
36017,NY,"Chenango County, NY",39351,5.59071e-4,0.164798862,0.834642068,0.095,0.091,47096,0.4833,0.4604,0.4779,0.1225,0.6898,"Chenango County, NY",Q2,FALSE,0.28715
36019,NY,"Clinton County, NY",48286,0.214409974,0.167025639,0.618564387,0.087,0.084,79839,0.4445,0.384,0.0837,0.2984,0.9103,"Clinton County, NY",Q2,FALSE,0.26425
36021,NY,"Columbia County, NY",46378,0.008516969,0.221074647,0.770408383,0.15,0.16,61469,0.427,0.3519,0.4582,0.4518,0.5192,"Columbia County, NY",Q2,FALSE,0.2935
36023,NY,"Cortland County, NY",26042,0.138391829,0.241609707,0.619998464,0.082,0.079,46755,0.3684,0.4165,0.0305,0.265,0.8444,"Cortland County, NY",Q2,FALSE,0.2237
36025,NY,"Delaware County, NY",43112,0.001646873,0.129615884,0.868737243,0.114,0.112,44637,0.5142,0.5275,0.4938,0.265,0.5822,"Delaware County, NY",Q3,FALSE,0.3131
36027,NY,"Dutchess County, NY",117894,0.186065449,0.21063837,0.603296181,0.244,0.253,296467,0.447,0.3058,0.1613,0.6828,0.7696,"Dutchess County, NY",Q2,FALSE,0.35
36029,NY,"Erie County, NY",424445,0.671686555,0.024410701,0.303902744,0.12,0.118,951232,0.4913,0.3602,0.4235,0.6233,0.6395,"Erie County, NY",Q2,FALSE,0.30465
36031,NY,"Essex County, NY",33895,0.022923735,0.186723706,0.790352559,0.14,0.137,37314,0.3516,0.3096,0.279,0.2164,0.6424,"Essex County, NY",Q2,FALSE,0.24430000000000002
36033,NY,"Franklin County, NY",34824,0.02305881,0.185906272,0.791034918,0.071,0.071,47459,0.5597,0.5539,0.1425,0.4683,0.8626,"Franklin County, NY",Q3,FALSE,0.31534999999999996
36035,NY,"Fulton County, NY",34529,0.030264415,0.298039329,0.671696255,0.088,0.081,53280,0.3977,0.4566,0.2603,0.3016,0.5189,"Fulton County, NY",Q2,FALSE,0.23935
36037,NY,"Genesee County, NY",34795,0.221497342,0.150797528,0.62770512999999994,0.029,0.031,58204,0.2335,0.2234,0.1139,0.2959,0.5501,"Genesee County, NY",Q1: Least vulnerable,FALSE,0.13225
36039,NY,"Greene County, NY",35925,0.033848295,0.097759221,0.868392484,0.182,0.186,48067,0.4076,0.2899,0.1597,0.4569,0.7961,"Greene County, NY",Q2,FALSE,0.2968
36041,NY,"Hamilton County, NY",10047,0.023589131,0.030257788,0.946153081,0.082,0.078,5090,0.1654,0.3474,0.2122,0.2062,0.1012,"Hamilton County, NY",Q1: Least vulnerable,FALSE,0.1217
36043,NY,"Herkimer County, NY",42715,0.006063444,0.324593234,0.669343322,0.032,0.029,60293,0.2755,0.2071,0.2596,0.182,0.6357,"Herkimer County, NY",Q2,FALSE,0.15225000000000002
36045,NY,"Jefferson County, NY",72217,0.257612474,0.15619591,0.586191617,0.053,0.05,117445,0.6653,0.5453,0.3796,0.5237,0.9252,"Jefferson County, NY",Q3,FALSE,0.35765
36047,NY,"Kings County, NY",286702,0.999598887,0,4.01113e-4,0.296,0.327,2679620,0.8874,0.8775,0.5352,0.9395,0.92490000000000006,"Kings County, NY",Q4: Most vulnerable,FALSE,0.6072
36049,NY,"Lewis County, NY",27799,0.008273679,0.138710026,0.853016296,0.035,0.032,26690,0.1925,0.3023,0.2106,0.0675,0.2676,"Lewis County, NY",Q1: Least vulnerable,FALSE,0.11225
36051,NY,"Livingston County, NY",38802,0.160326787,0.145817226,0.693855987,0.07,0.075,61980,0.2294,0.2453,0.0471,0.3016,0.6328,"Livingston County, NY",Q1: Least vulnerable,FALSE,0.1522
36053,NY,"Madison County, NY",43077,0.085776633,0.159760429,0.754462938,0.076,0.074,68020,0.1801,0.1689,0.0452,0.2536,0.6207,"Madison County, NY",Q1: Least vulnerable,FALSE,0.12705
36055,NY,"Monroe County, NY",282535,0.572003469,0.03467535,0.393321181,0.045,0.041,756406,0.5943,0.4136,0.6093,0.6806,0.7162,"Monroe County, NY",Q3,FALSE,0.31765000000000004
36057,NY,"Montgomery County, NY",29731,0.038747435,0.335071138,0.626181427,0.074,0.073,49624,0.7881,0.6895,0.8867,0.5501,0.7232,"Montgomery County, NY",Q4: Most vulnerable,FALSE,0.43055
36059,NY,"Nassau County, NY",432375,0.870004047,0.056011564,0.073984389,0.225,0.243,1389160,0.2778,0.1324,0.1696,0.8129,0.5584,"Nassau County, NY",Q2,FALSE,0.26039999999999996
36061,NY,"New York County, NY",54676,0.996561563,1.46316e-4,0.003292121,0.145,0.145,1645867,0.7283,0.6268,0.0996,0.8896,0.9784,"New York County, NY",Q3,FALSE,0.43665
36063,NY,"Niagara County, NY",114004,0.510271569,0.044875618,0.444852812,0.016,0.016,212230,0.4454,0.3595,0.489,0.4604,0.5383,"Niagara County, NY",Q2,FALSE,0.23070000000000002
36065,NY,"Oneida County, NY",112965,0.17836498,0.232682689,0.58895233,0.035,0.034,231055,0.6828,0.3907,0.7401,0.5237,0.9259,"Oneida County, NY",Q3,FALSE,0.3584
36067,NY,"Onondaga County, NY",198767,0.427525696,0.2051095,0.367364804,0.055,0.057,472637,0.588,0.4146,0.4881,0.6045,0.804,"Onondaga County, NY",Q3,FALSE,0.3225
36069,NY,"Ontario County, NY",62307,0.308119473,0.024764473,0.667116054,0.095,0.102,112288,0.2682,0.1327,0.3242,0.3484,0.6367,"Ontario County, NY",Q2,FALSE,0.1851
36071,NY,"Orange County, NY",139885,0.133695536,0.252421632,0.613882832,0.377,0.371,401237,0.7299,0.5097,0.6246,0.776,0.882,"Orange County, NY",Q3,FALSE,0.55045
36073,NY,"Orleans County, NY",26414,0.248201711,0.073294465,0.678503824,0.024,0.025,40148,0.58,0.6427,0.3958,0.42,0.6201,"Orleans County, NY",Q3,FALSE,0.3025
36075,NY,"Oswego County, NY",73164,0.047414029,0.160680116,0.791905855,0.054,0.053,118037,0.5962,0.6137,0.2094,0.1985,0.9227,"Oswego County, NY",Q3,FALSE,0.3246
36077,NY,"Otsego County, NY",44265,0.002891675,0.185790128,0.811318197,0.084,0.081,59678,0.3287,0.3417,0.0986,0.3086,0.6796,"Otsego County, NY",Q2,FALSE,0.20485
36079,NY,"Putnam County, NY",39336,0.029082774,0.243314013,0.727603213,0.309,0.323,97942,0.1187,0.1209,0.062,0.6115,0.2326,"Putnam County, NY",Q1: Least vulnerable,FALSE,0.22085
36081,NY,"Queens County, NY",358042,0.997385782,0,0.002614218,0.241,0.271,2360826,0.8024,0.8282,0.1899,0.9765,0.8772,"Queens County, NY",Q4: Most vulnerable,FALSE,0.5367
36083,NY,"Rensselaer County, NY",74387,0.280425343,0.199550997,0.52002366,0.121,0.122,160943,0.4047,0.2727,0.2396,0.5183,0.7302,"Rensselaer County, NY",Q2,FALSE,0.26335
36085,NY,"Richmond County, NY",131086,0.97663366,0,0.02336634,0.246,0.248,492925,0.5956,0.4413,0.3328,0.8021,0.811,"Richmond County, NY",Q3,FALSE,0.4218
36087,NY,"Rockland County, NY",82661,0.422617679,0.176782279,0.400600041,0.327,0.342,337326,0.7471,0.6087,0.5062,0.7607,0.8915,"Rockland County, NY",Q3,FALSE,0.54455
36089,NY,"St. Lawrence County, NY",73968,0.07391034,0.181416288,0.74467337199999994,0.069,0.069,108670,0.7108,0.6701,0.2854,0.2265,0.9815,"St. Lawrence County, NY",Q3,FALSE,0.3899
36091,NY,"Saratoga County, NY",105685,0.105880683,0.223361877,0.67075744,0.148,0.157,236328,0.0649,0.0519,0.035,0.335,0.3611,"Saratoga County, NY",Q1: Least vulnerable,FALSE,0.11095
36093,NY,"Schenectady County, NY",62400,0.538862179,0.083846154,0.377291667,0.105,0.107,159447,0.4874,0.4012,0.1744,0.6634,0.7388,"Schenectady County, NY",Q2,FALSE,0.2972
36095,NY,"Schoharie County, NY",25734,3.49732e-4,0.138066371,0.861583897,0.092,0.091,29970,0.3172,0.2704,0.1044,0.2914,0.7576,"Schoharie County, NY",Q2,FALSE,0.2041
36097,NY,"Schuyler County, NY",15850,0.02637224,0.146435331,0.827192429,0.14,0.142,17855,0.3159,0.4267,0.1343,0.119,0.5507,"Schuyler County, NY",Q2,FALSE,0.22895
36099,NY,"Seneca County, NY",22824,0.251445846,0.157684893,0.59086926,0.052,0.054,33651,0.5737,0.6564,0.2902,0.3535,0.707,"Seneca County, NY",Q3,FALSE,0.31385
36101,NY,"Steuben County, NY",67565,0.010819211,0.285872863,0.703307926,0.201,0.204,93584,0.4683,0.4349,0.4378,0.1861,0.6764,"Steuben County, NY",Q2,FALSE,0.33615
36103,NY,"Suffolk County, NY",591614,0.520555633,0.166287478,0.313156889,0.302,0.348,1524486,0.2596,0.223,0.1114,0.7226,0.4321,"Suffolk County, NY",Q2,FALSE,0.30379999999999996
36105,NY,"Sullivan County, NY",63301,0.003064723,0.123979084,0.872956193,0.321,0.317,78725,0.8654,0.7499,0.7652,0.6901,0.9475,"Sullivan County, NY",Q4: Most vulnerable,FALSE,0.5912
36107,NY,"Tioga County, NY",31962,7.82179e-4,0.216319379,0.782898442,0.136,0.133,48344,0.1505,0.2584,0.0939,0.119,0.279,"Tioga County, NY",Q1: Least vulnerable,FALSE,0.14175
36109,NY,"Tompkins County, NY",47612,0.064920608,0.166533647,0.768545745,0.1,0.098,102555,0.3907,0.3312,0.0197,0.5829,0.9131,"Tompkins County, NY",Q2,FALSE,0.24435
36111,NY,"Ulster County, NY",95503,0.094373999,0.128938358,0.776687643,0.317,0.311,182153,0.5511,0.5043,0.2125,0.6115,0.7811,"Ulster County, NY",Q3,FALSE,0.43105000000000004
36113,NY,"Warren County, NY",42101,0.184746206,0.176314102,0.638939693,0.157,0.158,65684,0.1954,0.2319,0.1279,0.1985,0.4171,"Warren County, NY",Q1: Least vulnerable,FALSE,0.1767
36115,NY,"Washington County, NY",42851,0.071690276,0.23787076099999999,0.690438963,0.139,0.143,61310,0.4127,0.4505,0.2523,0.2485,0.6087,"Washington County, NY",Q2,FALSE,0.27785
36117,NY,"Wayne County, NY",58034,0.123599959,0.08991281,0.786487232,0.049,0.047,91324,0.3633,0.3226,0.342,0.3446,0.5294,"Wayne County, NY",Q2,FALSE,0.20515
36119,NY,"Westchester County, NY",236662,0.490180088,0.134229407,0.375590505,0.251,0.259,997904,0.6685,0.4216,0.3821,0.8641,0.9373,"Westchester County, NY",Q3,FALSE,0.46375
36121,NY,"Wyoming County, NY",28770,0.075842892,0.238373306,0.685783803,0.039,0.044,40338,0.2399,0.2606,0.0636,0.3322,0.5686,"Wyoming County, NY",Q1: Least vulnerable,FALSE,0.14195
36123,NY,"Yates County, NY",20988,0.218934629,0.077996951,0.70306842,0.112,0.119,24713,0.5724,0.6522,0.1581,0.0675,0.9173,"Yates County, NY",Q3,FALSE,0.3457
37001,NC,"Alamance County, NC",82824,0.195764513,0.172232686,0.632002801,0.388,0.362,171779,0.7136,0.6643,0.5266,0.7668,0.7076,"Alamance County, NC",Q3,FALSE,0.5378000000000001
37003,NC,"Alexander County, NC",28557,0.018839514,0.093812375,0.887348111,0.324,0.293,36505,0.4559,0.4922,0.2924,0.4018,0.5466,"Alexander County, NC",Q2,FALSE,0.37445
37005,NC,"Alleghany County, NC",12972,7.7089e-5,0.047255628,0.952667283,0.582,0.559,10989,0.7168,0.8613,0.4998,0.3977,0.5807,"Alleghany County, NC",Q3,FALSE,0.6379
37007,NC,"Anson County, NC",19062,1.04921e-4,0.130836219,0.869058861,0.536,0.507,22200,0.9529,0.9736,0.8034,0.8969,0.8256,"Anson County, NC",Q4: Most vulnerable,FALSE,0.72995
37009,NC,"Ashe County, NC",27935,0,0.027420798,0.972579202,0.537,0.499,26759,0.4518,0.5632,0.6382,0.2164,0.2695,"Ashe County, NC",Q2,FALSE,0.4754
37011,NC,"Avery County, NC",16591,1.20547e-4,0.078476282,0.92140317,0.639,0.611,17679,0.7191,0.6624,0.4986,0.3675,0.909,"Avery County, NC",Q3,FALSE,0.6650499999999999
37013,NC,"Beaufort County, NC",36115,0.09527897,0.180312889,0.724408141,0.501,0.557,44711,0.8066,0.8654,0.8451,0.7156,0.447,"Beaufort County, NC",Q4: Most vulnerable,FALSE,0.6818
37015,NC,"Bertie County, NC",17152,0.004314366,0.21379431,0.781891325,0.383,0.377,17818,0.9586,0.9784,0.658,0.9446,0.9138,"Bertie County, NC",Q4: Most vulnerable,FALSE,0.6678
37017,NC,"Bladen County, NC",29764,0.003796533,0.195807015,0.800396452,0.766,0.778,29807,0.8326,0.86,0.7709,0.8352,0.5848,"Bladen County, NC",Q4: Most vulnerable,TRUE,0.8053
37019,NC,"Brunswick County, NC",93564,0.06999487,0.343273054,0.586732076,0.774,0.793,139721,0.2275,0.3535,0.1244,0.504,0.2004,"Brunswick County, NC",Q1: Least vulnerable,FALSE,0.51025
37021,NC,"Buncombe County, NC",126461,0.029012897,0.214366485,0.756620618,0.694,0.663,269449,0.5994,0.5094,0.3691,0.4839,0.8409,"Buncombe County, NC",Q3,FALSE,0.6312
37023,NC,"Burke County, NC",57341,0.039116862,0.107549572,0.853333566,0.559,0.548,87799,0.7079,0.7149,0.6793,0.5148,0.6249,"Burke County, NC",Q3,FALSE,0.62795
37025,NC,"Cabarrus County, NC",96432,0.212564294,0.264217272,0.523218434,0.382,0.35,226396,0.4321,0.3614,0.4817,0.7706,0.3376,"Cabarrus County, NC",Q2,FALSE,0.39105
37027,NC,"Caldwell County, NC",52069,0.033609249,0.141216463,0.825174288,0.569,0.581,80716,0.6503,0.7257,0.6981,0.4018,0.4808,"Caldwell County, NC",Q3,FALSE,0.61565
37029,NC,"Camden County, NC",6778,0.037031573,0.246827973,0.716140454,0.511,0.574,10547,0.2523,0.2561,0.6032,0.546,0.1021,"Camden County, NC",Q2,FALSE,0.41315
37031,NC,"Carteret County, NC",52191,0.33415723,0.178153321,0.487689448,0.839,0.877,68353,0.3888,0.4547,0.2558,0.4057,0.4432,"Carteret County, NC",Q2,FALSE,0.6329
37033,NC,"Caswell County, NC",19860,6.54582e-4,0.02713998,0.972205438,0.383,0.36,22747,0.7302,0.7442,0.7646,0.7881,0.4384,"Caswell County, NC",Q3,FALSE,0.5450999999999999
37035,NC,"Catawba County, NC",87958,0.215932604,0.113406399,0.670660997,0.35,0.32,161011,0.6818,0.6055,0.6312,0.6249,0.7016,"Catawba County, NC",Q3,FALSE,0.5009
37037,NC,"Chatham County, NC",45457,1.09994e-4,0.159227402,0.840662604,0.357,0.331,76754,0.2949,0.2997,0.469,0.6516,0.167,"Chatham County, NC",Q2,FALSE,0.31295
37039,NC,"Cherokee County, NC",25775,2.71581e-4,0.070106693,0.929621726,0.839,0.806,28868,0.3729,0.7213,0.2482,0.2854,0.1333,"Cherokee County, NC",Q2,FALSE,0.58945
37041,NC,"Chowan County, NC",10928,0.039989019,0.308382138,0.651628843,0.362,0.381,13835,0.7394,0.6806,0.8769,0.7814,0.4594,"Chowan County, NC",Q3,FALSE,0.5602
37043,NC,"Clay County, NC",10627,0.009692293,0.031429378,0.958878329,0.789,0.753,11186,0.4232,0.678,0.133,0.2234,0.4155,"Clay County, NC",Q2,FALSE,0.5881000000000001
37045,NC,"Cleveland County, NC",65608,0.028060602,0.175054871,0.796884526,0.496,0.453,99527,0.8524,0.8699,0.7044,0.6481,0.8085,"Cleveland County, NC",Q4: Most vulnerable,FALSE,0.6527000000000001
37047,NC,"Columbus County, NC",45495,4.61589e-4,0.194043301,0.805495109,0.682,0.682,50827,0.937,0.952,0.8116,0.7951,0.846,"Columbus County, NC",Q4: Most vulnerable,FALSE,0.8095000000000001
37049,NC,"Craven County, NC",55123,0.089146091,0.280499973,0.630353936,0.578,0.644,101098,0.8126,0.6373,0.8081,0.7261,0.8597,"Craven County, NC",Q4: Most vulnerable,FALSE,0.7283
37051,NC,"Cumberland County, NC",143932,0.287288442,0.287093905,0.425617653,0.723,0.737,335207,0.943,0.833,0.8718,0.9141,0.9558,"Cumberland County, NC",Q4: Most vulnerable,FALSE,0.84
37053,NC,"Currituck County, NC",21230,0.169241639,0.228497409,0.602260951,0.622,0.708,28616,0.0862,0.2409,0.196,0.4248,0.0134,"Currituck County, NC",Q1: Least vulnerable,FALSE,0.3971
37055,NC,"Dare County, NC",36174,0.438961685,0.241444131,0.319594184,0.891,0.937,37160,0.2071,0.3805,0.1384,0.4117,0.1422,"Dare County, NC",Q1: Least vulnerable,FALSE,0.5720500000000001
37057,NC,"Davidson County, NC",105954,0.078317005,0.143703871,0.777979123,0.379,0.347,169498,0.553,0.6249,0.6812,0.5558,0.2752,"Davidson County, NC",Q3,FALSE,0.45
37059,NC,"Davie County, NC",30280,9.9075e-5,0.114630119,0.885270806,0.403,0.371,43030,0.4057,0.3665,0.5523,0.4658,0.3668,"Davie County, NC",Q2,FALSE,0.38835
37061,NC,"Duplin County, NC",47112,0.0026108,0.227288164,0.770101036,0.468,0.481,49312,0.9144,0.9058,0.9749,0.8683,0.5549,"Duplin County, NC",Q4: Most vulnerable,FALSE,0.6977
37063,NC,"Durham County, NC",106838,0.270250285,0.161992924,0.567756791,0.222,0.212,325101,0.686,0.5873,0.238,0.9065,0.8661,"Durham County, NC",Q3,FALSE,0.449
37065,NC,"Edgecombe County, NC",33991,0.07031273,0.282015828,0.647671442,0.337,0.334,49067,0.9605,0.966,0.901,0.9418,0.7773,"Edgecombe County, NC",Q4: Most vulnerable,FALSE,0.64725
37067,NC,"Forsyth County, NC",165039,0.203642775,0.148916317,0.647440908,0.328,0.294,383739,0.8126,0.7652,0.6825,0.8291,0.7436,"Forsyth County, NC",Q4: Most vulnerable,FALSE,0.5533
37069,NC,"Franklin County, NC",43883,7.74788e-4,0.088553654,0.910671558,0.314,0.294,69680,0.6491,0.5819,0.7019,0.756,0.5107,"Franklin County, NC",Q3,FALSE,0.47155
37071,NC,"Gaston County, NC",106591,0.109408862,0.268362244,0.622228894,0.447,0.406,228972,0.65,0.6984,0.6163,0.6726,0.4578,"Gaston County, NC",Q3,FALSE,0.528
37073,NC,"Gates County, NC",9461,0.005390551,0.143219533,0.851389916,0.387,0.385,10509,0.4053,0.5765,0.5199,0.7464,0.0633,"Gates County, NC",Q2,FALSE,0.39515
37075,NC,"Graham County, NC",7233,0.003594636,0.057514171,0.938891193,0.841,0.812,8047,0.6933,0.7684,0.7792,0.42,0.4591,"Graham County, NC",Q3,FALSE,0.75265
37077,NC,"Granville County, NC",36706,0.019124939,0.105977224,0.874897837,0.286,0.274,61161,0.6612,0.6745,0.5778,0.8164,0.4811,"Granville County, NC",Q3,FALSE,0.4676
37079,NC,"Greene County, NC",15537,0.024843921,0.251528609,0.72362747,0.248,0.264,20407,0.9863,0.9745,0.8272,0.8883,0.985,"Greene County, NC",Q4: Most vulnerable,FALSE,0.62515
37081,NC,"Guilford County, NC",215331,0.366607688,0.126999828,0.506392484,0.369,0.34,539557,0.7865,0.6962,0.5469,0.8797,0.84,"Guilford County, NC",Q4: Most vulnerable,FALSE,0.56325
37083,NC,"Halifax County, NC",35723,0.078492848,0.204658063,0.716849089,0.35,0.343,48772,0.987,0.9844,0.9007,0.9332,0.936,"Halifax County, NC",Q4: Most vulnerable,FALSE,0.665
37085,NC,"Harnett County, NC",70540,0.036447406,0.261596257,0.701956337,0.559,0.557,134718,0.7372,0.7432,0.8107,0.7836,0.4302,"Harnett County, NC",Q3,FALSE,0.6471
37087,NC,"Haywood County, NC",44098,0.003424192,0.190008617,0.806567191,0.709,0.682,62152,0.3646,0.5266,0.5441,0.2323,0.1702,"Haywood County, NC",Q2,FALSE,0.5233
37089,NC,"Henderson County, NC",62754,0.03029289,0.202632502,0.767074609,0.526,0.49,116469,0.4286,0.4365,0.5959,0.4913,0.2806,"Henderson County, NC",Q2,FALSE,0.4593
37091,NC,"Hertford County, NC",15133,0.002577149,0.263992599,0.733430252,0.366,0.36,21633,0.9427,0.9656,0.735,0.9513,0.8279,"Hertford County, NC",Q4: Most vulnerable,FALSE,0.65135
37093,NC,"Hoke County, NC",27631,0,0.279613478,0.720386522,0.814,0.806,52612,0.8909,0.8384,0.9345,0.931,0.6535,"Hoke County, NC",Q4: Most vulnerable,TRUE,0.84845
37095,NC,"Hyde County, NC",5803,0.019645011,0.358262967,0.622092021,0.793,0.849,4636,0.874,0.9949,0.8966,0.8101,0.1989,"Hyde County, NC",Q4: Most vulnerable,TRUE,0.8614999999999999
37097,NC,"Iredell County, NC",98593,0.096629578,0.180246062,0.72312436,0.335,0.3,187839,0.3773,0.3487,0.4041,0.615,0.3398,"Iredell County, NC",Q2,FALSE,0.33865
37099,NC,"Jackson County, NC",30151,9.94992e-4,0.086332128,0.91267288,0.687,0.66,42388,0.7862,0.8174,0.2899,0.5352,0.9386,"Jackson County, NC",Q4: Most vulnerable,FALSE,0.7231000000000001
37101,NC,"Johnston County, NC",113155,0.043082497,0.197074809,0.759842694,0.341,0.334,219042,0.5294,0.4683,0.6102,0.7261,0.4152,"Johnston County, NC",Q3,FALSE,0.4317
37103,NC,"Jones County, NC",9420,4.24628e-4,0.215605096,0.783970276,0.538,0.56,9263,0.6736,0.7973,0.2654,0.7598,0.5695,"Jones County, NC",Q3,FALSE,0.6168
37105,NC,"Lee County, NC",30033,0.021343189,0.164352546,0.814304265,0.469,0.442,63560,0.8953,0.8571,0.9666,0.8072,0.6112,"Lee County, NC",Q4: Most vulnerable,FALSE,0.66865
37107,NC,"Lenoir County, NC",39872,0.07423756,0.282980538,0.642781902,0.31,0.318,55071,0.9984,0.971,0.9975,0.8794,0.9774,"Lenoir County, NC",Q4: Most vulnerable,FALSE,0.6582
37109,NC,"Lincoln County, NC",51399,0.07179128,0.144438608,0.783770112,0.441,0.402,87933,0.2517,0.2746,0.2685,0.4658,0.2666,"Lincoln County, NC",Q2,FALSE,0.32685
37111,NC,"McDowell County, NC",30603,0.002810182,0.130412051,0.866777767,0.662,0.644,44629,0.7518,0.6421,0.7502,0.3847,0.861,"McDowell County, NC",Q4: Most vulnerable,FALSE,0.6979
37113,NC,"Macon County, NC",31167,9.6256e-5,0.081271858,0.918631886,0.737,0.695,37088,0.4906,0.6195,0.6351,0.3592,0.2288,"Macon County, NC",Q2,FALSE,0.5928
37115,NC,"Madison County, NC",20868,0,0.024726855,0.975273145,0.758,0.718,21414,0.35,0.3573,0.118,0.1654,0.7483,"Madison County, NC",Q2,FALSE,0.534
37117,NC,"Martin County, NC",19695,0.01685707,0.315765423,0.667377507,0.377,0.374,21992,0.9306,0.9275,0.959,0.8641,0.6586,"Martin County, NC",Q4: Most vulnerable,FALSE,0.6523
37119,NC,"Mecklenburg County, NC",357494,0.393234572,0.197281633,0.409483796,0.375,0.336,1115403,0.6115,0.5787,0.4747,0.8915,0.5135,"Mecklenburg County, NC",Q3,FALSE,0.47375
37121,NC,"Mitchell County, NC",13497,0,0.066533304,0.933466696,0.708,0.686,14989,0.5689,0.5437,0.629,0.2444,0.658,"Mitchell County, NC",Q3,FALSE,0.6274500000000001
37123,NC,"Montgomery County, NC",20574,0.014435696,0.151939341,0.833624964,0.477,0.452,25839,0.7741,0.5705,0.9628,0.7537,0.5816,"Montgomery County, NC",Q4: Most vulnerable,FALSE,0.61305
37125,NC,"Moore County, NC",60203,0.021510556,0.161968673,0.816520771,0.68,0.669,100759,0.3306,0.2778,0.6074,0.5867,0.2157,"Moore County, NC",Q2,FALSE,0.4998
37127,NC,"Nash County, NC",60172,0.094628731,0.198996211,0.706375058,0.319,0.308,95015,0.8902,0.8403,0.741,0.881,0.8804,"Nash County, NC",Q4: Most vulnerable,FALSE,0.5991
37129,NC,"New Hanover County, NC",92007,0.37497147,0.291347397,0.333681133,0.705,0.762,228134,0.4289,0.5638,0.0824,0.5797,0.4989,"New Hanover County, NC",Q2,FALSE,0.59545
37131,NC,"Northampton County, NC",17956,0.006961461,0.180775228,0.81226331,0.344,0.342,17528,0.8906,0.9548,0.5157,0.9233,0.7786,"Northampton County, NC",Q4: Most vulnerable,FALSE,0.6163
37133,NC,"Onslow County, NC",93016,0.12320461,0.241345575,0.635449815,0.68,0.723,203686,0.7948,0.7585,0.6793,0.7213,0.7499,"Onslow County, NC",Q4: Most vulnerable,FALSE,0.7588999999999999
37135,NC,"Orange County, NC",55273,0.007453911,0.16335281199999999,0.829193277,0.311,0.29,145919,0.3945,0.2857,0.0474,0.686,0.8454,"Orange County, NC",Q2,FALSE,0.34225
37137,NC,"Pamlico County, NC",11466,0.027995814,0.128292343,0.843711844,0.717,0.783,12317,0.5616,0.5972,0.5603,0.6211,0.4146,"Pamlico County, NC",Q3,FALSE,0.6723
37139,NC,"Pasquotank County, NC",22472,0.225213599,0.16998932,0.604797081,0.354,0.369,40454,0.7626,0.7324,0.6001,0.8473,0.6774,"Pasquotank County, NC",Q4: Most vulnerable,FALSE,0.5658
37141,NC,"Pender County, NC",39723,0.064899429,0.155174584,0.779925987,0.744,0.767,61592,0.5606,0.5294,0.4671,0.6204,0.573,"Pender County, NC",Q3,FALSE,0.6638
37143,NC,"Perquimans County, NC",11508,0.064216197,0.225060827,0.710722975,0.358,0.373,13053,0.5921,0.7175,0.7451,0.6567,0.1858,"Perquimans County, NC",Q3,FALSE,0.48255
37145,NC,"Person County, NC",29514,0.002168462,0.123432947,0.87439859,0.36,0.337,39131,0.5393,0.5558,0.6532,0.7165,0.2787,"Person County, NC",Q3,FALSE,0.43815000000000004
37147,NC,"Pitt County, NC",74225,0.20010778,0.226945099,0.57294712,0.313,0.319,171196,0.9001,0.8721,0.5282,0.8524,0.9679,"Pitt County, NC",Q4: Most vulnerable,FALSE,0.60955
37149,NC,"Polk County, NC",16184,1.85368e-4,0.037815126,0.961999506,0.627,0.59,19538,0.3583,0.3121,0.4578,0.4165,0.413,"Polk County, NC",Q2,FALSE,0.47414999999999996
37151,NC,"Randolph County, NC",92025,0.035631622,0.121608259,0.84276012,0.348,0.321,144403,0.6475,0.6736,0.7681,0.5679,0.4108,"Randolph County, NC",Q3,FALSE,0.48424999999999996
37153,NC,"Richmond County, NC",28931,0.043067989,0.238083716,0.718848294,0.765,0.753,43149,0.986,0.9761,0.882,0.825,0.9739,"Richmond County, NC",Q4: Most vulnerable,TRUE,0.8694999999999999
37155,NC,"Robeson County, NC",80154,0.03951144,0.295768146,0.664720413,0.743,0.732,117573,0.9962,0.9828,0.9523,0.9758,0.9784,"Robeson County, NC",Q4: Most vulnerable,FALSE,0.8641
37157,NC,"Rockingham County, NC",62846,0.028864208,0.154170512,0.81696528,0.22,0.209,91209,0.8514,0.875,0.825,0.6516,0.6997,"Rockingham County, NC",Q4: Most vulnerable,FALSE,0.5302
37159,NC,"Rowan County, NC",88723,0.057707697,0.183154312,0.759137991,0.406,0.374,147067,0.8435,0.7725,0.742,0.6599,0.8832,"Rowan County, NC",Q4: Most vulnerable,FALSE,0.60875
37161,NC,"Rutherford County, NC",49505,0.004908595,0.12950207,0.865589334,0.63,0.595,64680,0.8072,0.7897,0.8584,0.4973,0.6958,"Rutherford County, NC",Q4: Most vulnerable,FALSE,0.7011000000000001
37163,NC,"Sampson County, NC",52599,0.018137227,0.220555524,0.761307249,0.525,0.544,59317,0.9459,0.93,0.8702,0.8721,0.867,"Sampson County, NC",Q4: Most vulnerable,FALSE,0.74495
37165,NC,"Scotland County, NC",19741,0.088597335,0.172990223,0.738412441,0.829,0.809,34222,0.9959,0.9857,0.8225,0.9135,0.9981,"Scotland County, NC",Q4: Most vulnerable,TRUE,0.90245
37167,NC,"Stanly County, NC",44284,0.00431307,0.190362208,0.805324722,0.284,0.262,62723,0.6631,0.6169,0.769,0.5352,0.5549,"Stanly County, NC",Q3,FALSE,0.46255
37169,NC,"Stokes County, NC",41568,3.60855e-4,0.045972864,0.953666282,0.255,0.239,44696,0.4324,0.5584,0.4893,0.2959,0.2816,"Stokes County, NC",Q2,FALSE,0.3357
37171,NC,"Surry County, NC",58735,0.015663574,0.114820805,0.869515621,0.335,0.311,71429,0.8005,0.8024,0.8797,0.4814,0.622,"Surry County, NC",Q4: Most vulnerable,FALSE,0.55575
37173,NC,"Swain County, NC",11808,6.77507e-4,0.091548103,0.90777439,0.817,0.792,14130,0.901,0.8581,0.832,0.7894,0.8788,"Swain County, NC",Q4: Most vulnerable,TRUE,0.8465
37175,NC,"Transylvania County, NC",23939,0.004135511,0.11387276,0.881991729,0.623,0.591,33131,0.4773,0.3764,0.4661,0.2959,0.7098,"Transylvania County, NC",Q2,FALSE,0.53415
37177,NC,"Tyrrell County, NC",3447,0.015085582,0.259065854,0.725848564,0.668,0.747,3389,0.854,0.819,0.7945,0.8075,0.7531,"Tyrrell County, NC",Q4: Most vulnerable,FALSE,0.8005
37179,NC,"Union County, NC",120825,0.046803228,0.260757294,0.692439479,0.292,0.267,240109,0.2008,0.2221,0.3786,0.6701,0.0932,"Union County, NC",Q1: Least vulnerable,FALSE,0.2339
37181,NC,"Vance County, NC",28015,0.073353561,0.145993218,0.780653221,0.269,0.254,42492,0.9672,0.9532,0.9745,0.929,0.7283,"Vance County, NC",Q4: Most vulnerable,FALSE,0.6106
37183,NC,"Wake County, NC",366206,0.244610957,0.216847894,0.538541149,0.273,0.257,1132103,0.3621,0.2526,0.3229,0.7989,0.4257,"Wake County, NC",Q2,FALSE,0.30955
37185,NC,"Warren County, NC",18834,0.008866943,0.049272592,0.941860465,0.315,0.298,18803,0.9879,0.9707,0.9605,0.931,0.923,"Warren County, NC",Q4: Most vulnerable,FALSE,0.64295
37187,NC,"Washington County, NC",10159,0.013682449,0.241657643,0.744659907,0.427,0.477,11051,0.8603,0.9475,0.8511,0.9036,0.3716,"Washington County, NC",Q4: Most vulnerable,FALSE,0.66865
37189,NC,"Watauga County, NC",32399,0,0.104447668,0.895552332,0.589,0.565,54540,0.4238,0.8619,0.0048,0.2444,0.5969,"Watauga County, NC",Q2,FALSE,0.49439999999999995
37191,NC,"Wayne County, NC",73394,0.129969752,0.188693899,0.681336349,0.298,0.305,117480,0.9564,0.8788,0.8991,0.8616,0.9545,"Wayne County, NC",Q4: Most vulnerable,FALSE,0.6307
37193,NC,"Wilkes County, NC",55283,0.001935496,0.06376282,0.934301684,0.412,0.392,66125,0.707,0.8164,0.6491,0.3917,0.5272,"Wilkes County, NC",Q3,FALSE,0.5495
37195,NC,"Wilson County, NC",47085,0.159817352,0.282489115,0.557693533,0.267,0.282,78667,0.952,0.9599,0.8543,0.8909,0.8136,"Wilson County, NC",Q4: Most vulnerable,FALSE,0.617
37197,NC,"Yadkin County, NC",34227,0.004061121,0.117012885,0.878925994,0.259,0.238,37280,0.6233,0.7206,0.5113,0.4741,0.5202,"Yadkin County, NC",Q3,FALSE,0.43065
37199,NC,"Yancey County, NC",16936,0,0.057156353,0.942843647,0.76,0.767,18538,0.5307,0.7089,0.6971,0.2109,0.2533,"Yancey County, NC",Q3,FALSE,0.6488499999999999
38001,ND,"Adams County, ND",4793,0.030669727,0.293553098,0.675777175,0.412,0.421,2190,0.2052,0.1495,0.1648,0.2062,0.5708,"Adams County, ND",Q1: Least vulnerable,FALSE,0.3131
38003,ND,"Barnes County, ND",13857,0.071011041,0.283827668,0.64516129,0.426,0.451,10826,0.1842,0.1355,0.0885,0.2879,0.5838,"Barnes County, ND",Q1: Least vulnerable,FALSE,0.3176
38005,ND,"Benson County, ND",9030,0.177851606,0.078183832,0.743964563,0.487,0.496,5960,0.7426,0.4117,0.8565,0.9211,0.8107,"Benson County, ND",Q3,FALSE,0.6193
38007,ND,"Billings County, ND",2985,0.001005025,0.104857621,0.894137353,0.757,0.757,839,0.0095,0.0127,0.015,3e-4,0.2113,"Billings County, ND",Q1: Least vulnerable,FALSE,0.38325
38009,ND,"Bottineau County, ND",12336,0.23654345,0.130836576,0.632619974,0.472,0.492,6411,0.111,0.0907,0.1333,0.2854,0.3073,"Bottineau County, ND",Q1: Least vulnerable,FALSE,0.3015
38011,ND,"Bowman County, ND",5787,0.062035597,0.325902886,0.612061517,0.661,0.668,2975,0.2421,0.251,0.5896,0.2164,0.1899,"Bowman County, ND",Q1: Least vulnerable,FALSE,0.45505
38013,ND,"Burke County, ND",5647,0.384629007,0.040552506,0.574818488,0.371,0.399,2184,0.0363,0.0159,0.3194,0.1572,0.0815,"Burke County, ND",Q1: Least vulnerable,FALSE,0.21765
38015,ND,"Burleigh County, ND",46204,0.359124751,0.255822007,0.385053242,0.418,0.462,98443,0.1963,0.0382,0.1556,0.3939,0.7655,"Burleigh County, ND",Q1: Least vulnerable,FALSE,0.32915
38017,ND,"Cass County, ND",68672,0.804359856,0.002926957,0.192713187,0.302,0.311,186328,0.2485,0.1511,0.0649,0.4636,0.7477,"Cass County, ND",Q1: Least vulnerable,FALSE,0.27975
38019,ND,"Cavalier County, ND",8546,0.522466651,0.055347531,0.422185818,0.394,0.424,3691,0.0955,0.0563,0.3882,0.1457,0.1992,"Cavalier County, ND",Q1: Least vulnerable,FALSE,0.25975
38021,ND,"Dickey County, ND",8116,0.239773287,0.065549532,0.694677181,0.447,0.48,5003,0.146,0.1855,0.2036,0.3217,0.1922,"Dickey County, ND",Q1: Least vulnerable,FALSE,0.313
38023,ND,"Divide County, ND",6138,0.329586184,0.127240143,0.543173672,0.266,0.293,2195,0.2768,0.1858,0.2619,0.413,0.5587,"Divide County, ND",Q2,FALSE,0.2849
38025,ND,"Dunn County, ND",10019,0.01117876,0.145922747,0.842898493,0.727,0.737,4049,0.4104,0.2036,0.5819,0.552,0.5927,"Dunn County, ND",Q2,FALSE,0.5737
38027,ND,"Eddy County, ND",4244,0.051366635,0.246465598,0.702167766,0.602,0.613,2345,0.4082,0.2078,0.5628,0.2733,0.7327,"Eddy County, ND",Q2,FALSE,0.5105999999999999
38029,ND,"Emmons County, ND",8325,0.121561562,0.163963964,0.714474474,0.64,0.736,3297,0.0506,0.1664,0.028,0.0407,0.1705,"Emmons County, ND",Q1: Least vulnerable,FALSE,0.3933
38031,ND,"Foster County, ND",5153,0.207646031,0.170386183,0.621967786,0.43,0.429,3388,0.0127,0.007,0.0716,0.0675,0.1149,"Foster County, ND",Q1: Least vulnerable,FALSE,0.22085
38033,ND,"Golden Valley County, ND",3306,0.345432547,0.02661827,0.627949183,0.771,0.765,1734,0.1982,0.1024,0.5164,0.4117,0.2711,"Golden Valley County, ND",Q1: Least vulnerable,FALSE,0.48160000000000003
38035,ND,"Grand Forks County, ND",32651,0.666687085,0.027257971,0.306054945,0.295,0.298,72927,0.3198,0.2867,0.0191,0.4839,0.8654,"Grand Forks County, ND",Q2,FALSE,0.30889999999999995
38037,ND,"Grant County, ND",7665,0.015916504,0.181082844,0.803000652,0.507,0.525,2320,0.2097,0.1973,0.3124,0.2109,0.3535,"Grant County, ND",Q1: Least vulnerable,FALSE,0.36735
38039,ND,"Griggs County, ND",4595,0.18781284,0.089662677,0.722524483,0.419,0.447,2309,0.0407,0.0258,0.1534,0.021,0.202,"Griggs County, ND",Q1: Least vulnerable,FALSE,0.24385
38041,ND,"Hettinger County, ND",5949,0.204236006,0.198856951,0.596907043,0.236,0.263,2477,0.1495,0.3268,0.2218,0.1985,0.0853,"Hettinger County, ND",Q1: Least vulnerable,FALSE,0.20625
38043,ND,"Kidder County, ND",6643,0.071654373,0.166792112,0.761553515,0.343,0.368,2391,0.0321,0.1031,0.0843,0.2444,0.0312,"Kidder County, ND",Q1: Least vulnerable,FALSE,0.20005
38045,ND,"LaMoure County, ND",8718,0.101169993,0.136155081,0.762674925,0.379,0.39,4135,0.0305,0.0894,0.0843,0.0229,0.0687,"LaMoure County, ND",Q1: Least vulnerable,FALSE,0.21025
38047,ND,"Logan County, ND",5218,0.163472595,0.090456113,0.746071292,0.345,0.396,1849,0.0754,0.0856,0.3761,0.1037,0.1053,"Logan County, ND",Q1: Least vulnerable,FALSE,0.23570000000000002
38049,ND,"McHenry County, ND",11213,0.146526353,0.143048248,0.710425399,0.487,0.529,5326,0.0907,0.1709,0.1588,0.0627,0.1416,"McHenry County, ND",Q1: Least vulnerable,FALSE,0.30985
38051,ND,"McIntosh County, ND",6854,0.15684272,0.154070616,0.689086665,0.39,0.448,2529,0.1368,0.1674,0.1578,0.1572,0.2867,"McIntosh County, ND",Q1: Least vulnerable,FALSE,0.2924
38053,ND,"McKenzie County, ND",16576,0.027449324,0.305079633,0.667471042,0.774,0.776,14081,0.468,0.3369,0.1145,0.6029,0.874,"McKenzie County, ND",Q2,FALSE,0.622
38055,ND,"McLean County, ND",16897,0.128129254,0.246256732,0.625614014,0.344,0.365,9781,0.0662,0.0156,0.2959,0.363,0.1915,"McLean County, ND",Q1: Least vulnerable,FALSE,0.21559999999999999
38057,ND,"Mercer County, ND",10588,0.043067624,0.366263695,0.590668682,0.55,0.576,8366,0.3296,0.2577,0.4652,0.2587,0.5056,"Mercer County, ND",Q2,FALSE,0.4528
38059,ND,"Morton County, ND",25462,0.038253083,0.47604273,0.485704187,0.506,0.54,33192,0.0519,0.0589,0.0274,0.3592,0.2746,"Morton County, ND",Q1: Least vulnerable,FALSE,0.29595000000000005
38061,ND,"Mountrail County, ND",14357,0.21257923,0.221773351,0.565647419,0.563,0.596,9648,0.7156,0.4333,0.7868,0.8088,0.8142,"Mountrail County, ND",Q3,FALSE,0.6557999999999999
38063,ND,"Nelson County, ND",5865,0.122591645,0.210571185,0.66683717,0.445,0.48,3025,0.0468,0.0274,0.4047,0.2214,0.0646,"Nelson County, ND",Q1: Least vulnerable,FALSE,0.26339999999999997
38065,ND,"Oliver County, ND",3969,0,0.156462585,0.843537415,0.411,0.427,1832,0.0808,0.0242,0.5256,0.2164,0.1584,"Oliver County, ND",Q1: Least vulnerable,FALSE,0.2539
38067,ND,"Pembina County, ND",10355,0.447899565,0.124191212,0.427909223,0.341,0.337,6853,0.1206,0.1934,0.14,0.3016,0.1429,"Pembina County, ND",Q1: Least vulnerable,FALSE,0.2288
38069,ND,"Pierce County, ND",6471,0.422191315,0.013444599,0.564364086,0.412,0.44,3999,0.1155,0.111,0.4776,0.1654,0.1199,"Pierce County, ND",Q1: Least vulnerable,FALSE,0.27775
38071,ND,"Ramsey County, ND",11798,0.457789456,0.036616376,0.505594169,0.49,0.519,11613,0.4747,0.2186,0.5848,0.4973,0.7658,"Ramsey County, ND",Q2,FALSE,0.49685
38073,ND,"Ransom County, ND",7485,0.162992652,0.175150301,0.661857047,0.502,0.533,5663,0.0935,0.0805,0.0515,0.2914,0.4015,"Ransom County, ND",Q1: Least vulnerable,FALSE,0.31325000000000003
38075,ND,"Renville County, ND",5074,0.407567994,0.020102483,0.572329523,0.269,0.291,2282,0.0245,0.0363,0.0375,0.0264,0.195,"Renville County, ND",Q1: Least vulnerable,FALSE,0.15775
38077,ND,"Richland County, ND",18446,0.497343598,0.063374173,0.439282229,0.373,0.4,16548,0.2459,0.1091,0.1448,0.2984,0.7821,"Richland County, ND",Q1: Least vulnerable,FALSE,0.32295
38079,ND,"Rolette County, ND",11529,0.129412785,0.073553647,0.797033568,0.724,0.739,12292,0.8934,0.8358,0.6847,0.985,0.8947,"Rolette County, ND",Q4: Most vulnerable,FALSE,0.8162
38081,ND,"Sargent County, ND",6366,0.230914232,0.071159284,0.697926484,0.485,0.53,3828,0.0251,0.0022,0.2253,0.2536,0.1059,"Sargent County, ND",Q1: Least vulnerable,FALSE,0.27755
38083,ND,"Sheridan County, ND",4319,0.22435749,0.026394999,0.749247511,0.256,0.29,1338,0.0073,0.071,0.0325,0.0264,0.0207,"Sheridan County, ND",Q1: Least vulnerable,FALSE,0.14864999999999998
38085,ND,"Sioux County, ND",3643,0.003293988,0.224265715,0.772440296,0.72,0.733,3896,0.9176,0.9551,0.6166,0.9908,0.8104,"Sioux County, ND",Q4: Most vulnerable,FALSE,0.8252999999999999
38087,ND,"Slope County, ND",2672,0.081961078,0.153443114,0.764595808,0.605,0.616,837,0.0134,0.0977,0.1378,0.0299,0.006,"Slope County, ND",Q1: Least vulnerable,FALSE,0.3147
38089,ND,"Stark County, ND",22053,0.387611663,0.184918152,0.427470185,0.329,0.342,32989,0.3112,0.1944,0.0865,0.3977,0.8425,"Stark County, ND",Q2,FALSE,0.3266
38091,ND,"Steele County, ND",4153,0.067421141,0.258849025,0.673729834,0.334,0.353,1774,0.0299,0.028,0.0783,0.015,0.1906,"Steele County, ND",Q1: Least vulnerable,FALSE,0.19144999999999998
38093,ND,"Stutsman County, ND",20744,0.375771307,0.089375241,0.534853452,0.402,0.413,21609,0.4419,0.4792,0.2164,0.2399,0.6723,"Stutsman County, ND",Q2,FALSE,0.42745
38095,ND,"Towner County, ND",4784,0.385242475,0.078595318,0.536162207,0.598,0.658,2152,0.2297,0.4311,0.5784,0.4222,0.02,"Towner County, ND",Q1: Least vulnerable,FALSE,0.44385
38097,ND,"Traill County, ND",9585,0.457068336,0.066249348,0.476682316,0.28,0.296,8004,0.0697,0.0293,0.0576,0.2692,0.4493,"Traill County, ND",Q1: Least vulnerable,FALSE,0.18284999999999998
38099,ND,"Walsh County, ND",14098,0.493474252,0.039083558,0.46744219,0.356,0.373,10553,0.3385,0.23,0.4521,0.4683,0.4843,"Walsh County, ND",Q2,FALSE,0.35575
38101,ND,"Ward County, ND",40063,0.372538252,0.298429973,0.329031775,0.303,0.322,69532,0.2571,0.1499,0.0671,0.5065,0.756,"Ward County, ND",Q2,FALSE,0.28955
38103,ND,"Wells County, ND",8379,0.369495166,0.010383101,0.620121733,0.301,0.315,3990,0.2437,0.1508,0.3557,0.0525,0.6217,"Wells County, ND",Q1: Least vulnerable,FALSE,0.27935
38105,ND,"Williams County, ND",29033,0.17249337,0.454861709,0.372644921,0.503,0.523,39076,0.5062,0.2262,0.4766,0.5778,0.8762,"Williams County, ND",Q3,FALSE,0.5146
39001,OH,"Adams County, OH",29547,0.001286087,0.201171016,0.797542898,0.36,0.342,27509,0.6516,0.8349,0.7181,0.0229,0.4508,"Adams County, OH",Q3,FALSE,0.4968
39003,OH,"Allen County, OH",62746,0.743712747,0,0.256287253,0.007,0.006,102087,0.5673,0.4152,0.672,0.5326,0.6659,"Allen County, OH",Q3,FALSE,0.28665
39005,OH,"Ashland County, OH",39709,0.167745347,0.198418495,0.633836158,0.177,0.174,52522,0.3096,0.3194,0.2081,0.0675,0.6522,"Ashland County, OH",Q2,FALSE,0.2418
39007,OH,"Ashtabula County, OH",69783,0.163807804,0.242164997,0.594027199,0.23,0.223,97666,0.8247,0.8995,0.6704,0.3675,0.7906,"Ashtabula County, OH",Q4: Most vulnerable,FALSE,0.52385
39009,OH,"Athens County, OH",35692,5.6035e-4,0.284825731,0.714613919,0.285,0.278,61276,0.5772,0.7165,0.0363,0.3086,0.9332,"Athens County, OH",Q3,FALSE,0.42760000000000004
39011,OH,"Auglaize County, OH",35053,0.739708442,0,0.260291558,0.004,0.003,46263,0.0261,0.0229,0.1915,0.0579,0.092,"Auglaize County, OH",Q1: Least vulnerable,FALSE,0.01455
39013,OH,"Belmont County, OH",45538,3.73315e-4,0.326145197,0.673481488,0.287,0.273,66554,0.3067,0.3503,0.1505,0.2234,0.5609,"Belmont County, OH",Q2,FALSE,0.28985
39015,OH,"Brown County, OH",38339,0.090169279,0.195179843,0.714650878,0.183,0.168,43715,0.3691,0.504,0.4006,0.021,0.392,"Brown County, OH",Q2,FALSE,0.26855
39017,OH,"Butler County, OH",162808,0.528401553,0.122039458,0.34955899,0.136,0.123,388327,0.4346,0.3649,0.5145,0.5597,0.4254,"Butler County, OH",Q2,FALSE,0.2788
39019,OH,"Carroll County, OH",26627,0.003304916,0.188192436,0.808502648,0.277,0.268,26761,0.3255,0.3729,0.6137,0.0525,0.3032,"Carroll County, OH",Q2,FALSE,0.29675
39021,OH,"Champaign County, OH",29257,0.46484602,0.027651502,0.507502478,0.028,0.024,38715,0.1123,0.1705,0.1559,0.1861,0.181,"Champaign County, OH",Q1: Least vulnerable,FALSE,0.06815
39023,OH,"Clark County, OH",77773,0.65909763,7.32902e-4,0.340169468,0.04,0.035,135877,0.6627,0.6287,0.8387,0.4699,0.4998,"Clark County, OH",Q3,FALSE,0.34885
39025,OH,"Clermont County, OH",95602,0.024047614,0.216146106,0.75980628,0.139,0.126,208851,0.1479,0.1896,0.1575,0.2109,0.2634,"Clermont County, OH",Q1: Least vulnerable,FALSE,0.13695000000000002
39027,OH,"Clinton County, OH",29643,0.354788652,0.156664305,0.488547043,0.048,0.044,42077,0.3038,0.3299,0.4979,0.1753,0.3303,"Clinton County, OH",Q2,FALSE,0.1739
39029,OH,"Columbiana County, OH",71518,0.079252776,0.277091082,0.643656143,0.232,0.23,101723,0.4162,0.4225,0.3621,0.1654,0.6058,"Columbiana County, OH",Q2,FALSE,0.3231
39031,OH,"Coshocton County, OH",30001,6.6664e-5,0.344755175,0.655178161,0.269,0.255,36629,0.6351,0.7623,0.7213,0.0579,0.5262,"Coshocton County, OH",Q3,FALSE,0.44505
39033,OH,"Crawford County, OH",31931,0.724499702,3.7581e-4,0.275124487,0.01,0.01,41861,0.3856,0.5291,0.7576,0.0757,0.1489,"Crawford County, OH",Q2,FALSE,0.1978
39035,OH,"Cuyahoga County, OH",561358,0.872569733,0.016577656,0.110852611,0.189,0.182,1256620,0.7305,0.6554,0.6946,0.8043,0.6281,"Cuyahoga County, OH",Q3,FALSE,0.45625000000000004
39037,OH,"Darke County, OH",44490,0.687165655,0.002629804,0.31020454,0.008,0.008,51751,0.0961,0.2148,0.2755,0.0407,0.0649,"Darke County, OH",Q1: Least vulnerable,FALSE,0.05205
39039,OH,"Defiance County, OH",26871,0.681999181,0.020951956,0.297048863,0.011,0.011,38300,0.2529,0.2144,0.6239,0.4222,0.1747,"Defiance County, OH",Q2,FALSE,0.13195
39041,OH,"Delaware County, OH",83042,0.524577924,0.060764432,0.414657643,0.06,0.052,216074,0.0239,0.0054,0.1651,0.4998,0.0445,"Delaware County, OH",Q1: Least vulnerable,FALSE,0.03795
39043,OH,"Erie County, OH",47342,0.661569008,0.050737189,0.287693803,0.073,0.088,75299,0.4015,0.3462,0.5962,0.5081,0.3283,"Erie County, OH",Q2,FALSE,0.24475000000000002
39045,OH,"Fairfield County, OH",81221,0.308787136,0.184718238,0.506494626,0.16,0.155,159371,0.196,0.1594,0.4543,0.4699,0.182,"Fairfield County, OH",Q1: Least vulnerable,FALSE,0.1755
39047,OH,"Fayette County, OH",21416,0.66179492,0.004996264,0.333208816,0.015,0.014,28901,0.3913,0.5807,0.5943,0.2364,0.1454,"Fayette County, OH",Q2,FALSE,0.20265
39049,OH,"Franklin County, OH",444283,0.884519552,0.02282104,0.092659409,0.078,0.067,1318149,0.6497,0.5409,0.5297,0.776,0.6977,"Franklin County, OH",Q3,FALSE,0.35835000000000006
39051,OH,"Fulton County, OH",31179,0.659899291,0.012091472,0.328009237,0.006,0.006,42602,0.0585,0.0675,0.4467,0.3563,0.0255,"Fulton County, OH",Q1: Least vulnerable,FALSE,0.03225
39053,OH,"Gallia County, OH",25798,0.001162881,0.184355376,0.814481743,0.385,0.368,29276,0.601,0.6535,0.3385,0.1753,0.8193,"Gallia County, OH",Q3,FALSE,0.4845
39055,OH,"Geauga County, OH",57460,0.004211625,0.136930038,0.85885833600000006,0.245,0.23,95455,0.0961,0.1139,0.1129,0.1152,0.2918,"Geauga County, OH",Q1: Least vulnerable,FALSE,0.16305
39057,OH,"Greene County, OH",79133,0.522007254,0.1074141,0.370578646,0.065,0.056,167567,0.1658,0.1715,0.0799,0.489,0.3471,"Greene County, OH",Q1: Least vulnerable,FALSE,0.1109
39059,OH,"Guernsey County, OH",35337,0.012253445,0.249936327,0.737810227,0.298,0.285,38409,0.5352,0.6844,0.538,0.1339,0.4636,"Guernsey County, OH",Q3,FALSE,0.4101
39061,OH,"Hamilton County, OH",318428,0.561677993,0.103473941,0.334848066,0.108,0.094,827671,0.5908,0.462,0.5243,0.7366,0.6713,"Hamilton County, OH",Q3,FALSE,0.3424
39063,OH,"Hancock County, OH",47749,0.799095269,0,0.200904731,0.002,0.002,75072,0.1604,0.1177,0.2246,0.3563,0.349,"Hancock County, OH",Q1: Least vulnerable,FALSE,0.0812
39065,OH,"Hardin County, OH",24658,0.669802904,0.012166437,0.318030659,0.007,0.007,30622,0.5177,0.5533,0.1775,0.119,0.8575,"Hardin County, OH",Q3,FALSE,0.26235
39067,OH,"Harrison County, OH",16351,0.001223167,0.178460033,0.8203168,0.291,0.281,14528,0.5262,0.6182,0.4598,0.1037,0.5985,"Harrison County, OH",Q3,FALSE,0.4036
39069,OH,"Henry County, OH",22232,0.768981648,0,0.231018352,0.002,0.002,27601,0.0977,0.1289,0.3093,0.342,0.0719,"Henry County, OH",Q1: Least vulnerable,FALSE,0.04985
39071,OH,"Highland County, OH",37443,0.133002163,0.185909249,0.681088588,0.17,0.154,43285,0.4763,0.5912,0.357,0.0675,0.5724,"Highland County, OH",Q2,FALSE,0.31515
39073,OH,"Hocking County, OH",21839,2.74738e-4,0.208571821,0.791153441,0.285,0.277,28104,0.4976,0.545,0.812,0.0675,0.3528,"Hocking County, OH",Q2,FALSE,0.3873
39075,OH,"Holmes County, OH",34531,5.21271e-4,0.174104428,0.825374301,0.248,0.232,44273,0.3923,0.4887,0.1037,0.0022,0.7646,"Holmes County, OH",Q2,FALSE,0.31215
39077,OH,"Huron County, OH",40595,0.517477522,0.075354108,0.40716837,0.041,0.045,58518,0.301,0.3118,0.6809,0.328,0.1744,"Huron County, OH",Q2,FALSE,0.173
39079,OH,"Jackson County, OH",25163,1.19223e-4,0.261932202,0.737948575,0.379,0.357,32563,0.5663,0.6713,0.525,0.0337,0.6443,"Jackson County, OH",Q3,FALSE,0.46165
39081,OH,"Jefferson County, OH",44011,0.053327577,0.349071823,0.5976006,0.289,0.284,65280,0.433,0.3856,0.3853,0.3058,0.6141,"Jefferson County, OH",Q2,FALSE,0.3585
39083,OH,"Knox County, OH",44939,0.10302855,0.225705957,0.671265493,0.203,0.2,62657,0.2822,0.322,0.3576,0.1094,0.4111,"Knox County, OH",Q2,FALSE,0.2411
39085,OH,"Lake County, OH",111365,0.698711444,0.055035244,0.246253311,0.232,0.221,232236,0.1438,0.1432,0.335,0.4018,0.1483,"Lake County, OH",Q1: Least vulnerable,FALSE,0.1824
39087,OH,"Lawrence County, OH",39860,5.7702e-4,0.432940291,0.566482689,0.472,0.458,57994,0.3672,0.4623,0.6503,0.0932,0.2447,"Lawrence County, OH",Q2,FALSE,0.4126
39089,OH,"Licking County, OH",98625,0.255584284,0.198387833,0.546027883,0.199,0.194,178844,0.2256,0.1308,0.4906,0.3748,0.3443,"Licking County, OH",Q1: Least vulnerable,FALSE,0.2098
39091,OH,"Logan County, OH",37997,0.549701292,0.029949733,0.420348975,0.032,0.028,46098,0.1578,0.1254,0.2676,0.1861,0.3773,"Logan County, OH",Q1: Least vulnerable,FALSE,0.0929
39093,OH,"Lorain County, OH",159325,0.618603483,0.042661227,0.33873529,0.156,0.158,313101,0.4499,0.3589,0.595,0.5819,0.4209,"Lorain County, OH",Q2,FALSE,0.30395
39095,OH,"Lucas County, OH",218136,0.878396963,0.006055855,0.115547182,0.04,0.039,430014,0.678,0.6545,0.6252,0.7019,0.5794,"Lucas County, OH",Q3,FALSE,0.35850000000000004
39097,OH,"Madison County, OH",25664,0.553966646,0.082138404,0.36389495,0.015,0.014,43961,0.195,0.1963,0.2988,0.377,0.2319,"Madison County, OH",Q1: Least vulnerable,FALSE,0.10450000000000001
39099,OH,"Mahoning County, OH",139331,0.567411416,0.116291421,0.316297163,0.211,0.211,227979,0.6179,0.559,0.7216,0.6128,0.5043,"Mahoning County, OH",Q3,FALSE,0.41445
39101,OH,"Marion County, OH",37446,0.773086578,0.01204401,0.214869412,0.013,0.013,65366,0.6443,0.6007,0.6242,0.3802,0.7222,"Marion County, OH",Q3,FALSE,0.32865
39103,OH,"Medina County, OH",94216,0.341035493,0.109567377,0.54939713,0.196,0.191,182347,0.0111,0.0207,0.0888,0.1861,0.0388,"Medina County, OH",Q1: Least vulnerable,FALSE,0.10105
39105,OH,"Meigs County, OH",21630,0.00309755,0.136430883,0.860471567,0.304,0.292,22242,0.5848,0.7795,0.7149,0.015,0.3831,"Meigs County, OH",Q3,FALSE,0.4384
39107,OH,"Mercer County, OH",33850,0.785967504,0,0.214032496,0.001,0.001,42321,0.0223,0.0223,0.104,0.0627,0.1257,"Mercer County, OH",Q1: Least vulnerable,FALSE,0.01165
39109,OH,"Miami County, OH",64746,0.61906527,0.041624193,0.339310537,0.023,0.021,108818,0.0643,0.1034,0.2752,0.2444,0.0579,"Miami County, OH",Q1: Least vulnerable,FALSE,0.04265
39111,OH,"Monroe County, OH",17225,0.001683599,0.111872279,0.886444122,0.292,0.285,13401,0.4263,0.483,0.4429,0.0299,0.5437,"Monroe County, OH",Q2,FALSE,0.35565
39113,OH,"Montgomery County, OH",256198,0.819245271,0.021815159,0.15893957,0.073,0.066,536121,0.6904,0.5803,0.6952,0.6752,0.686,"Montgomery County, OH",Q3,FALSE,0.3782
39115,OH,"Morgan County, OH",15142,0.001849161,0.121516312,0.876634526,0.283,0.273,13851,0.5425,0.7101,0.483,0.2485,0.4372,"Morgan County, OH",Q3,FALSE,0.40775
39117,OH,"Morrow County, OH",30402,0.224261562,0.069337544,0.706400895,0.116,0.116,35049,0.1486,0.195,0.3366,0.0474,0.2011,"Morrow County, OH",Q1: Least vulnerable,FALSE,0.1323
39119,OH,"Muskingum County, OH",58798,0.058573421,0.319534678,0.621891901,0.274,0.26,86393,0.511,0.4989,0.4795,0.2587,0.636,"Muskingum County, OH",Q3,FALSE,0.3855
39121,OH,"Noble County, OH",13139,0.002283279,0.14103052,0.856686201,0.295,0.283,14216,0.5902,0.5282,0.5307,0.119,0.8508,"Noble County, OH",Q3,FALSE,0.4366
39123,OH,"Ottawa County, OH",41388,0.716077124,0.086111916,0.19781096,0.021,0.022,40367,0.105,0.0659,0.3306,0.2485,0.2027,"Ottawa County, OH",Q1: Least vulnerable,FALSE,0.0635
39125,OH,"Paulding County, OH",16498,0.726027397,0,0.273972603,0.002,0.003,18827,0.1387,0.1658,0.7187,0.2399,0.0356,"Paulding County, OH",Q1: Least vulnerable,FALSE,0.07085
39127,OH,"Perry County, OH",28350,0.035343915,0.237213404,0.727442681,0.252,0.244,35451,0.3688,0.441,0.2803,0.0229,0.5889,"Perry County, OH",Q2,FALSE,0.3064
39129,OH,"Pickaway County, OH",37873,0.486943205,0.059541098,0.453515697,0.077,0.067,58809,0.3592,0.3681,0.2488,0.2164,0.5867,"Pickaway County, OH",Q2,FALSE,0.2131
39131,OH,"Pike County, OH",23045,6.07507e-4,0.203948796,0.795443697,0.351,0.335,27151,0.6701,0.7617,0.7229,0.0735,0.629,"Pike County, OH",Q3,FALSE,0.50255
39133,OH,"Portage County, OH",83970,0.08634036,0.315565083,0.598094558,0.222,0.213,161217,0.3293,0.4006,0.029,0.3649,0.7337,"Portage County, OH",Q2,FALSE,0.27115
39135,OH,"Preble County, OH",34495,0.328830265,0.154747065,0.51642267,0.042,0.039,40929,0.0328,0.1079,0.2313,0.0337,0.0153,"Preble County, OH",Q1: Least vulnerable,FALSE,0.0359
39137,OH,"Putnam County, OH",27289,0.793030159,0,0.206969841,0.001,0.001,34400,0.0102,0.0025,0.1422,0.2364,0.0407,"Putnam County, OH",Q1: Least vulnerable,FALSE,0.005600000000000001
39139,OH,"Richland County, OH",75580,0.421368087,0.084268325,0.494363588,0.164,0.161,125008,0.5329,0.5208,0.3455,0.4407,0.679,"Richland County, OH",Q3,FALSE,0.34695000000000004
39141,OH,"Ross County, OH",51455,0.087824313,0.277213099,0.634962589,0.245,0.233,76957,0.5931,0.6408,0.363,0.3322,0.7257,"Ross County, OH",Q3,FALSE,0.41305
39143,OH,"Sandusky County, OH",40958,0.769666488,1.46492e-4,0.230187021,0.008,0.009,58885,0.2622,0.2466,0.4537,0.4779,0.2208,"Sandusky County, OH",Q2,FALSE,0.1356
39145,OH,"Scioto County, OH",52434,0.015581493,0.326257772,0.658160735,0.439,0.422,73716,0.7474,0.8008,0.4575,0.1861,0.9049,"Scioto County, OH",Q3,FALSE,0.5847
39147,OH,"Seneca County, OH",40658,0.768581829,0,0.231418171,0.005,0.005,55062,0.2265,0.1607,0.2975,0.3322,0.4416,"Seneca County, OH",Q1: Least vulnerable,FALSE,0.11575
39149,OH,"Shelby County, OH",33587,0.626909221,0.025366957,0.347723822,0.011,0.01,48145,0.1467,0.1874,0.2778,0.2164,0.1855,"Shelby County, OH",Q1: Least vulnerable,FALSE,0.07835
39151,OH,"Stark County, OH",202845,0.574305504,0.077591264,0.348103232,0.2,0.191,374199,0.3147,0.2835,0.4088,0.4248,0.3742,"Stark County, OH",Q2,FALSE,0.25285
39153,OH,"Summit County, OH",256244,0.535739373,0.187980987,0.27627964,0.203,0.197,539361,0.4407,0.3815,0.5237,0.6096,0.3843,"Summit County, OH",Q2,FALSE,0.31884999999999997
39155,OH,"Trumbull County, OH",129392,0.338297576,0.174183875,0.487518548,0.224,0.215,201749,0.5533,0.56,0.6023,0.413,0.5183,"Trumbull County, OH",Q3,FALSE,0.38415
39157,OH,"Tuscarawas County, OH",64191,0.025392968,0.449455531,0.525151501,0.27,0.257,92840,0.4216,0.5822,0.3723,0.1225,0.3898,"Tuscarawas County, OH",Q2,FALSE,0.3393
39159,OH,"Union County, OH",32490,0.57796245,0,0.42203755,0.016,0.014,63411,0.0172,0.0089,0.0455,0.3723,0.1066,"Union County, OH",Q1: Least vulnerable,FALSE,0.0156
39161,OH,"Van Wert County, OH",22712,0.818774216,0,0.181225784,0,0,28833,0.0449,0.0608,0.4015,0.1753,0.0299,"Van Wert County, OH",Q1: Least vulnerable,FALSE,0.02245
39163,OH,"Vinton County, OH",11562,8.649e-5,0.120048435,0.879865075,0.327,0.314,12790,0.3595,0.4979,0.5291,0.0169,0.2765,"Vinton County, OH",Q2,FALSE,0.33675
39165,OH,"Warren County, OH",101233,0.378078295,0.125621092,0.496300613,0.141,0.128,243189,0.0461,0.0102,0.1339,0.4569,0.1689,"Warren County, OH",Q1: Least vulnerable,FALSE,0.08705
39167,OH,"Washington County, OH",46081,0.010828758,0.334823463,0.654347779,0.276,0.268,59639,0.3274,0.454,0.2628,0.0881,0.4388,"Washington County, OH",Q2,FALSE,0.2977
39169,OH,"Wayne County, OH",72240,0.375609081,0.098864895,0.525526024,0.151,0.146,116680,0.4123,0.392,0.244,0.1457,0.7413,"Wayne County, OH",Q2,FALSE,0.27915
39171,OH,"Williams County, OH",28494,0.643503896,0.044605882,0.311890223,0.02,0.019,36973,0.1785,0.1903,0.4585,0.2323,0.1635,"Williams County, OH",Q1: Least vulnerable,FALSE,0.09874999999999999
39173,OH,"Wood County, OH",70380,0.814137539,0,0.185862461,0.003,0.003,131564,0.1562,0.2164,0.022,0.3818,0.4741,"Wood County, OH",Q1: Least vulnerable,FALSE,0.0796
39175,OH,"Wyandot County, OH",18969,0.723496231,0.013653856,0.262849913,0.012,0.012,21818,0.0487,0.021,0.4263,0.0821,0.1177,"Wyandot County, OH",Q1: Least vulnerable,FALSE,0.030350000000000002
40001,OK,"Adair County, OK",17006,0,0.102375632,0.897624368,0.932,0.894,19726,0.9472,0.9348,0.9039,0.9284,0.7967,"Adair County, OK",Q4: Most vulnerable,TRUE,0.9206000000000001
40003,OK,"Alfalfa County, OK",8069,0.572685587,0.064444169,0.362870244,0.816,0.863,5683,0.3048,0.2953,0.377,0.5119,0.3051,"Alfalfa County, OK",Q2,FALSE,0.5839
40005,OK,"Atoka County, OK",14208,1.40766e-4,0.130208333,0.869650901,0.923,0.888,14117,0.8556,0.8199,0.7076,0.6949,0.8718,"Atoka County, OK",Q4: Most vulnerable,TRUE,0.8718
40007,OK,"Beaver County, OK",8777,0.072234249,0.151532414,0.776233337,0.977,0.969,5071,0.4034,0.3309,0.9332,0.6936,0.0595,"Beaver County, OK",Q2,FALSE,0.6861999999999999
40009,OK,"Beckham County, OK",18257,0.347647478,0.153037191,0.499315331,0.942,0.938,22295,0.8403,0.8473,0.3045,0.6287,0.9698,"Beckham County, OK",Q4: Most vulnerable,TRUE,0.88915
40011,OK,"Blaine County, OK",11286,0.22036151,0.341307815,0.438330675,0.786,0.792,8661,0.7553,0.7009,0.9621,0.6701,0.3656,"Blaine County, OK",Q4: Most vulnerable,TRUE,0.77365
40013,OK,"Bryan County, OK",33418,0.014453289,0.224459872,0.761086839,0.75,0.729,46528,0.8416,0.8209,0.7506,0.6764,0.7747,"Bryan County, OK",Q4: Most vulnerable,FALSE,0.7853
40015,OK,"Caddo County, OK",25614,0.006597954,0.393378621,0.600023425,0.877,0.871,26910,0.8705,0.7601,0.8801,0.8304,0.8171,"Caddo County, OK",Q4: Most vulnerable,TRUE,0.87075
40017,OK,"Canadian County, OK",72115,0.462136865,0.175358802,0.362504333,0.745,0.763,156681,0.3433,0.245,0.5253,0.6316,0.3248,"Canadian County, OK",Q2,FALSE,0.55315
40019,OK,"Carter County, OK",35741,0.214963208,0.193894967,0.591141826,0.878,0.858,48202,0.7751,0.6532,0.9707,0.6971,0.4652,"Carter County, OK",Q4: Most vulnerable,TRUE,0.81655
40021,OK,"Cherokee County, OK",34557,0.030616084,0.130972017,0.838411899,0.94,0.904,47412,0.9236,0.847,0.7241,0.8899,0.9669,"Cherokee County, OK",Q4: Most vulnerable,TRUE,0.9138
40023,OK,"Choctaw County, OK",14574,0.005146151,0.193838342,0.801015507,0.772,0.731,14285,0.9485,0.9367,0.9567,0.797,0.7588,"Choctaw County, OK",Q4: Most vulnerable,FALSE,0.83975
40025,OK,"Cimarron County, OK",3911,0.337765277,0.108923549,0.553311174,0.931,0.927,2272,0.3134,0.2587,0.9647,0.6656,0.015,"Cimarron County, OK",Q2,FALSE,0.6202000000000001
40027,OK,"Cleveland County, OK",121377,0.524020202,0.158308411,0.317671387,0.804,0.786,295060,0.5527,0.4954,0.3404,0.6752,0.6694,"Cleveland County, OK",Q3,FALSE,0.66935
40029,OK,"Coal County, OK",6959,0,0.133352493,0.866647507,0.961,0.932,5287,0.8358,0.8314,0.9373,0.7226,0.4753,"Coal County, OK",Q4: Most vulnerable,TRUE,0.8839
40031,OK,"Comanche County, OK",60910,0.431062223,0.254424561,0.314513216,0.924,0.92,121777,0.9211,0.8129,0.8899,0.8346,0.9345,"Comanche County, OK",Q4: Most vulnerable,TRUE,0.92055
40033,OK,"Cotton County, OK",6935,0.033741889,0.455371305,0.510886806,0.832,0.835,5537,0.3859,0.4976,0.3274,0.6233,0.21,"Cotton County, OK",Q2,FALSE,0.6104499999999999
40035,OK,"Craig County, OK",14015,0.033250089,0.199857296,0.766892615,0.736,0.709,14144,0.9316,0.8333,0.936,0.7798,0.91,"Craig County, OK",Q4: Most vulnerable,FALSE,0.8203
40037,OK,"Creek County, OK",51339,0.028535811,0.2594324,0.712031789,0.949,0.924,72076,0.5205,0.4076,0.5358,0.6185,0.5714,"Creek County, OK",Q3,FALSE,0.7222500000000001
40039,OK,"Custer County, OK",20171,0.336621883,0.278221209,0.385156908,0.853,0.846,28391,0.7607,0.6332,0.756,0.7089,0.7528,"Custer County, OK",Q4: Most vulnerable,TRUE,0.80335
40041,OK,"Delaware County, OK",39090,0.052596572,0.117523663,0.829879765,0.878,0.841,40791,0.7878,0.8326,0.7222,0.7474,0.5326,"Delaware County, OK",Q4: Most vulnerable,TRUE,0.8144
40043,OK,"Dewey County, OK",7492,0.119594234,0.243059263,0.637346503,0.911,0.907,4504,0.3347,0.4318,0.3649,0.5326,0.1982,"Dewey County, OK",Q2,FALSE,0.62085
40045,OK,"Ellis County, OK",6264,0.073275862,0.312260536,0.614463602,0.986,0.978,3755,0.5323,0.671,0.8218,0.4273,0.1413,"Ellis County, OK",Q3,FALSE,0.75515
40047,OK,"Garfield County, OK",39617,0.751924679,0.00373577,0.244339551,0.442,0.466,62456,0.7706,0.6783,0.9303,0.6402,0.5517,"Garfield County, OK",Q4: Most vulnerable,FALSE,0.6183
40049,OK,"Garvin County, OK",24842,0.008372917,0.348562918,0.643064166,0.91,0.895,25806,0.546,0.5336,0.8689,0.6328,0.1931,"Garvin County, OK",Q3,FALSE,0.7205
40051,OK,"Grady County, OK",42263,0.162056645,0.114142394,0.723800961,0.889,0.88,55314,0.434,0.3637,0.4368,0.5326,0.4983,"Grady County, OK",Q2,FALSE,0.657
40053,OK,"Grant County, OK",8005,0.562023735,0.018988132,0.418988132,0.62,0.72,4152,0.2208,0.2714,0.4413,0.4273,0.1225,"Grant County, OK",Q1: Least vulnerable,FALSE,0.4704
40055,OK,"Greer County, OK",5888,0.067764946,0.39453125,0.537703804,0.87,0.884,5531,0.727,0.7353,0.5177,0.6287,0.7162,"Greer County, OK",Q3,FALSE,0.8055
40057,OK,"Harmon County, OK",3474,0.454231434,0.069372481,0.476396085,0.866,0.882,2499,0.7572,0.8807,0.7779,0.8508,0.2428,"Harmon County, OK",Q4: Most vulnerable,TRUE,0.8196
40059,OK,"Harper County, OK",4931,0.01176232,0.438856216,0.549381464,0.979,0.974,3272,0.4028,0.3089,0.8489,0.6487,0.146,"Harper County, OK",Q2,FALSE,0.6884
40061,OK,"Haskell County, OK",12413,0.001047289,0.148151132,0.850801579,0.978,0.953,11651,0.8387,0.916,0.9166,0.686,0.3866,"Haskell County, OK",Q4: Most vulnerable,TRUE,0.89585
40063,OK,"Hughes County, OK",13253,0.016901834,0.208254735,0.774843432,0.966,0.947,13409,0.7945,0.79990000000000006,0.727,0.776,0.6096,"Hughes County, OK",Q4: Most vulnerable,TRUE,0.8707499999999999
40065,OK,"Jackson County, OK",17520,0.67283105,0.034817352,0.292351598,0.674,0.74,24776,0.6981,0.6831,0.7646,0.7706,0.4451,"Jackson County, OK",Q3,FALSE,0.71905
40067,OK,"Jefferson County, OK",6869,0.004076285,0.391468918,0.604454797,0.891,0.883,5420,0.8056,0.7232,0.992,0.5978,0.398,"Jefferson County, OK",Q4: Most vulnerable,TRUE,0.8443
40069,OK,"Johnston County, OK",10402,0,0.129109787,0.870890213,0.903,0.879,10410,0.875,0.7611,0.9154,0.7016,0.8556,"Johnston County, OK",Q4: Most vulnerable,TRUE,0.877
40071,OK,"Kay County, OK",33269,0.680693739,0.012714539,0.306591722,0.848,0.872,43859,0.8549,0.8053,0.957,0.6449,0.6341,"Kay County, OK",Q4: Most vulnerable,TRUE,0.86345
40073,OK,"Kingfisher County, OK",14677,0.516249915,0.023710568,0.460039518,0.567,0.6,15290,0.398,0.3153,0.7117,0.6166,0.2297,"Kingfisher County, OK",Q2,FALSE,0.499
40075,OK,"Kiowa County, OK",10403,0.454099779,0.137364222,0.408535999,0.852,0.857,8446,0.741,0.7763,0.9475,0.6373,0.2577,"Kiowa County, OK",Q3,FALSE,0.7989999999999999
40077,OK,"Latimer County, OK",10170,0,0.141986234,0.858013766,0.974,0.943,9537,0.8396,0.8816,0.6672,0.7655,0.7038,"Latimer County, OK",Q4: Most vulnerable,TRUE,0.8913
40079,OK,"Le Flore County, OK",39996,0.0210021,0.179642964,0.799354935,0.94,0.894,48525,0.924,0.8899,0.972,0.6742,0.7566,"Le Flore County, OK",Q4: Most vulnerable,TRUE,0.909
40081,OK,"Lincoln County, OK",32504,0.022274182,0.129799409,0.847926409,0.926,0.905,33734,0.4101,0.4362,0.651,0.5183,0.196,"Lincoln County, OK",Q2,FALSE,0.6575500000000001
40083,OK,"Logan County, OK",31535,0.049088315,0.170382115,0.78052957,0.802,0.786,49919,0.3003,0.2418,0.2374,0.5829,0.4699,"Logan County, OK",Q2,FALSE,0.54315
40085,OK,"Love County, OK",9665,5.17331e-4,0.147646146,0.851836524,0.847,0.825,10158,0.7961,0.7019,0.9367,0.686,0.5752,"Love County, OK",Q4: Most vulnerable,TRUE,0.81055
40087,OK,"McClain County, OK",29591,1.6897e-4,0.214592275,0.785238755,0.872,0.856,42393,0.2991,0.3061,0.5479,0.574,0.1619,"McClain County, OK",Q2,FALSE,0.57755
40089,OK,"McCurtain County, OK",28914,2.07512e-4,0.178079823,0.821712665,0.796,0.75,31003,0.8976,0.7906,0.9819,0.7859,0.6971,"McCurtain County, OK",Q4: Most vulnerable,TRUE,0.8238
40091,OK,"McIntosh County, OK",22793,0.022814022,0.206730136,0.770455842,0.958,0.93,19159,0.7528,0.7986,0.6694,0.706,0.5418,"McIntosh County, OK",Q4: Most vulnerable,TRUE,0.8414
40093,OK,"Major County, OK",9800,0.365612245,0.085612245,0.54877551,0.856,0.853,7678,0.3579,0.1893,0.8654,0.4741,0.2491,"Major County, OK",Q2,FALSE,0.60545
40095,OK,"Marshall County, OK",16623,0.009023642,0.261625459,0.729350899,0.792,0.776,15494,0.8769,0.868,0.9946,0.7442,0.3843,"Marshall County, OK",Q4: Most vulnerable,TRUE,0.82645
40097,OK,"Mayes County, OK",30679,0.074839467,0.160794028,0.764366505,0.855,0.821,39324,0.7499,0.7394,0.8269,0.7474,0.4788,"Mayes County, OK",Q3,FALSE,0.78545
40099,OK,"Murray County, OK",12207,0.001966085,0.353977226,0.644056689,0.914,0.9,13837,0.5775,0.4397,0.6879,0.6656,0.581,"Murray County, OK",Q3,FALSE,0.73875
40101,OK,"Muskogee County, OK",45416,0.222058305,0.190769773,0.587171922,0.903,0.868,66606,0.9774,0.8886,0.9427,0.8403,0.9882,"Muskogee County, OK",Q4: Most vulnerable,TRUE,0.9227000000000001
40103,OK,"Noble County, OK",11420,0.13441331,0.263134851,0.602451839,0.83,0.813,10981,0.4458,0.2431,0.8743,0.5326,0.3538,"Noble County, OK",Q2,FALSE,0.6294
40105,OK,"Nowata County, OK",10594,0.045308665,0.161317727,0.793373608,0.723,0.708,9460,0.6529,0.6004,0.6895,0.7276,0.518,"Nowata County, OK",Q3,FALSE,0.68045
40107,OK,"Okfuskee County, OK",10783,2.78216e-4,0.174719466,0.825002318,0.978,0.961,11349,0.8715,0.8037,0.783,0.7843,0.8632,"Okfuskee County, OK",Q4: Most vulnerable,TRUE,0.91625
40109,OK,"Oklahoma County, OK",335180,0.783641625,0.028602542,0.187755833,0.753,0.743,795822,0.8431,0.7801,0.8454,0.8403,0.7012,"Oklahoma County, OK",Q4: Most vulnerable,FALSE,0.79305
40111,OK,"Okmulgee County, OK",30210,0.018338299,0.249718636,0.731943065,0.937,0.909,36900,0.922,0.8928,0.8495,0.7646,0.9033,"Okmulgee County, OK",Q4: Most vulnerable,TRUE,0.9155
40113,OK,"Osage County, OK",37548,0.030867157,0.217907745,0.751225099,0.964,0.951,46004,0.6207,0.5997,0.4477,0.7537,0.5896,"Osage County, OK",Q3,FALSE,0.7858499999999999
40115,OK,"Ottawa County, OK",23985,0.107442151,0.304231812,0.588326037,0.709,0.679,30472,0.9252,0.8015,0.9717,0.7458,0.8756,"Ottawa County, OK",Q4: Most vulnerable,FALSE,0.8021
40117,OK,"Pawnee County, OK",14469,4.83793e-4,0.206372244,0.793143963,0.954,0.93,15682,0.4979,0.4636,0.5227,0.6083,0.4464,"Pawnee County, OK",Q2,FALSE,0.7139500000000001
40119,OK,"Payne County, OK",44950,0.322736374,0.1432703,0.533993326,0.908,0.885,82058,0.6408,0.7693,0.0445,0.5969,0.8842,"Payne County, OK",Q3,FALSE,0.7629
40121,OK,"Pittsburg County, OK",41348,0.034439392,0.277232272,0.688328335,0.981,0.959,43758,0.868,0.8702,0.8104,0.6949,0.7572,"Pittsburg County, OK",Q4: Most vulnerable,TRUE,0.9135
40123,OK,"Pontotoc County, OK",28516,0.038329359,0.262589423,0.699081218,0.935,0.915,38116,0.6561,0.5498,0.6316,0.7391,0.6472,"Pontotoc County, OK",Q3,FALSE,0.78555
40125,OK,"Pottawatomie County, OK",48073,0.140141036,0.188026543,0.671832422,0.916,0.898,72734,0.7496,0.7267,0.6691,0.6561,0.6965,"Pottawatomie County, OK",Q3,FALSE,0.8238000000000001
40127,OK,"Pushmataha County, OK",12583,0,0.094572042,0.905427958,0.935,0.896,10845,0.8896,0.978,0.8326,0.6764,0.5453,"Pushmataha County, OK",Q4: Most vulnerable,TRUE,0.8928
40129,OK,"Roger Mills County, OK",6576,0.006234793,0.203619221,0.790145985,0.982,0.973,3423,0.2835,0.4664,0.7671,0.5065,0.0102,"Roger Mills County, OK",Q2,FALSE,0.62825
40131,OK,"Rogers County, OK",58042,0.087298853,0.165363013,0.747338134,0.77,0.745,95870,0.3878,0.3255,0.4712,0.6634,0.3331,"Rogers County, OK",Q2,FALSE,0.5664
40133,OK,"Seminole County, OK",21396,0.001589082,0.24654141,0.751869508,0.951,0.932,23592,0.9523,0.9542,0.9179,0.7502,0.8244,"Seminole County, OK",Q4: Most vulnerable,TRUE,0.94215
40135,OK,"Sequoyah County, OK",31323,0.018484819,0.179101619,0.802413562,0.959,0.926,39538,0.8183,0.8912,0.8247,0.7693,0.4426,"Sequoyah County, OK",Q4: Most vulnerable,TRUE,0.87215
40137,OK,"Stephens County, OK",34662,0.148231493,0.240147712,0.611620795,0.899,0.889,43140,0.6892,0.7114,0.8871,0.5476,0.349,"Stephens County, OK",Q3,FALSE,0.7891
40139,OK,"Texas County, OK",16006,0.348681744,0.212670249,0.438648007,0.93,0.925,21144,0.9084,0.8562,0.8476,0.9112,0.8368,"Texas County, OK",Q4: Most vulnerable,TRUE,0.9167000000000001
40141,OK,"Tillman County, OK",8182,0.645074554,0.052676607,0.302248839,0.785,0.806,7013,0.9125,0.8597,0.9994,0.805,0.4639,"Tillman County, OK",Q4: Most vulnerable,TRUE,0.8592500000000001
40143,OK,"Tulsa County, OK",275283,0.625472695,0.138112415,0.236414889,0.825,0.785,668923,0.7846,0.7547,0.7871,0.7859,0.6039,"Tulsa County, OK",Q4: Most vulnerable,TRUE,0.7847999999999999
40145,OK,"Wagoner County, OK",46147,0.123279953,0.213339979,0.663380068,0.787,0.76,82269,0.4489,0.3338,0.7875,0.6806,0.2463,"Wagoner County, OK",Q2,FALSE,0.60445
40147,OK,"Washington County, OK",31711,0.239853679,0.296332503,0.463813819,0.875,0.841,52579,0.5867,0.5342,0.9058,0.6487,0.2402,"Washington County, OK",Q3,FALSE,0.71385
40149,OK,"Washita County, OK",13072,0.397720318,0.100596695,0.501682987,0.698,0.729,10930,0.5947,0.602,0.8571,0.504,0.2902,"Washita County, OK",Q3,FALSE,0.66185
40151,OK,"Woods County, OK",10224,0.227503912,0.354460094,0.418035994,0.953,0.957,8661,0.5584,0.6048,0.1674,0.4839,0.7649,"Woods County, OK",Q3,FALSE,0.7577
40153,OK,"Woodward County, OK",16880,0.159774882,0.328317536,0.511907583,0.953,0.947,20411,0.7611,0.6647,0.8845,0.5644,0.6484,"Woodward County, OK",Q4: Most vulnerable,TRUE,0.85405
41001,OR,"Baker County, OR",16414,0.018825393,0.4161082,0.565066407,0.944,0.944,16685,0.4811,0.5078,0.4508,0.3166,0.5234,"Baker County, OR",Q2,FALSE,0.71255
41003,OR,"Benton County, OR",40016,0.172655938,0.451644342,0.37569972,0.279,0.301,95615,0.5005,0.5399,0.0277,0.5488,0.8918,"Benton County, OR",Q3,FALSE,0.40074999999999994
41005,OR,"Clackamas County, OR",195162,0.320574702,0.263242844,0.416182454,0.79,0.8,420925,0.3023,0.2377,0.3172,0.5437,0.4273,"Clackamas County, OR",Q2,FALSE,0.55115
41007,OR,"Clatsop County, OR",25816,0.085450883,0.45824295,0.456306167,0.184,0.188,41190,0.5813,0.4903,0.5434,0.4913,0.7149,"Clatsop County, OR",Q3,FALSE,0.38465000000000005
41009,OR,"Columbia County, OR",32387,0.011547843,0.390187421,0.598264736,0.149,0.146,52865,0.2453,0.2943,0.1823,0.4117,0.3096,"Columbia County, OR",Q1: Least vulnerable,FALSE,0.19565
41011,OR,"Coos County, OR",41974,0.131533807,0.403726116,0.464740077,0.495,0.597,64908,0.7661,0.6796,0.6942,0.4636,0.8616,"Coos County, OR",Q4: Most vulnerable,FALSE,0.68155
41013,OR,"Crook County, OR",19070,0.009334033,0.328316728,0.66234924,0.917,0.916,24987,0.356,0.3293,0.6551,0.3847,0.2529,"Crook County, OR",Q2,FALSE,0.636
41015,OR,"Curry County, OR",16867,0.004920851,0.51834944,0.476729709,0.916,0.961,23404,0.6067,0.5387,0.6516,0.4518,0.6519,"Curry County, OR",Q3,FALSE,0.7838499999999999
41017,OR,"Deschutes County, OR",113671,0.248594628,0.178075323,0.573330049,0.844,0.828,199352,0.2634,0.3662,0.1562,0.4222,0.287,"Deschutes County, OR",Q2,FALSE,0.5457
41019,OR,"Douglas County, OR",73910,0.002719524,0.407752672,0.589527804,0.927,0.955,111322,0.6487,0.5969,0.7089,0.4165,0.6586,"Douglas County, OR",Q3,FALSE,0.80185
41021,OR,"Gilliam County, OR",2710,0.001845018,0.368265683,0.629889299,0.975,0.963,1983,0.5282,0.6357,0.2867,0.4569,0.5301,"Gilliam County, OR",Q3,FALSE,0.7456
41023,OR,"Grant County, OR",8610,0,0.252148664,0.747851336,0.963,0.957,7237,0.5784,0.7343,0.5326,0.342,0.4222,"Grant County, OR",Q3,FALSE,0.7677
41025,OR,"Harney County, OR",7718,5.18269e-4,0.311479658,0.688002073,0.966,0.959,7496,0.8034,0.5737,0.7232,0.4273,0.9892,"Harney County, OR",Q4: Most vulnerable,TRUE,0.8812
41027,OR,"Hood River County, OR",14306,0.002236824,0.355305466,0.64245771,0.996,0.997,23965,0.7111,0.44,0.6045,0.7537,0.9306,"Hood River County, OR",Q3,FALSE,0.85405
41029,OR,"Jackson County, OR",114103,0.240116386,0.318852265,0.441031349,0.991,0.995,222604,0.7025,0.5937,0.6067,0.552,0.8139,"Jackson County, OR",Q3,FALSE,0.84875
41031,OR,"Jefferson County, OR",16510,0.06075106,0.25420957,0.68503937,0.95,0.939,24659,0.9278,0.7827,0.9774,0.8043,0.8727,"Jefferson County, OR",Q4: Most vulnerable,TRUE,0.9334
41033,OR,"Josephine County, OR",54801,0.063976935,0.280378095,0.65564497,0.995,0.998,87994,0.7817,0.8151,0.805,0.4378,0.6376,"Josephine County, OR",Q4: Most vulnerable,TRUE,0.88985
41035,OR,"Klamath County, OR",47958,0.197693815,0.312064723,0.490241461,0.882,0.87,69506,0.8438,0.8276,0.9125,0.6045,0.6417,"Klamath County, OR",Q4: Most vulnerable,TRUE,0.8569
41037,OR,"Lake County, OR",8751,0.015883899,0.292766541,0.69134956,0.87,0.868,8201,0.8517,0.7824,0.6729,0.4913,0.9688,"Lake County, OR",Q4: Most vulnerable,TRUE,0.85985
41039,OR,"Lane County, OR",173177,0.331377723,0.335090688,0.333531589,0.573,0.593,382218,0.7375,0.6522,0.4903,0.5294,0.9157,"Lane County, OR",Q3,FALSE,0.66525
41041,OR,"Lincoln County, OR",33765,0.050821857,0.578972309,0.370205834,0.357,0.379,50334,0.7165,0.7127,0.8517,0.5294,0.4814,"Lincoln County, OR",Q3,FALSE,0.54775
41043,OR,"Linn County, OR",72449,0.256842745,0.307471463,0.435685793,0.641,0.656,128598,0.6586,0.6347,0.6195,0.4779,0.6758,"Linn County, OR",Q3,FALSE,0.6573
41045,OR,"Malheur County, OR",22143,0.463758298,0.14510229,0.391139412,0.948,0.94,31538,0.9908,0.937,0.951,0.7878,0.9949,"Malheur County, OR",Q4: Most vulnerable,TRUE,0.9654
41047,OR,"Marion County, OR",142400,0.488757022,0.257429775,0.253813202,0.451,0.438,345815,0.902,0.7773,0.8641,0.7502,0.95,"Marion County, OR",Q4: Most vulnerable,FALSE,0.67
41049,OR,"Morrow County, OR",9659,0.207578424,0.22787038,0.564551196,0.912,0.899,12140,0.7735,0.609,0.937,0.8101,0.5612,"Morrow County, OR",Q4: Most vulnerable,TRUE,0.8362499999999999
41051,OR,"Multnomah County, OR",271265,0.853394282,0.082852561,0.063753157,0.652,0.694,808098,0.5927,0.5037,0.105,0.6993,0.9345,"Multnomah County, OR",Q3,FALSE,0.64335
41053,OR,"Polk County, OR",40131,0.139044629,0.4876031,0.373352271,0.25,0.25,87600,0.6395,0.4626,0.7792,0.5978,0.6828,"Polk County, OR",Q3,FALSE,0.44475
41055,OR,"Sherman County, OR",2597,0.031959954,0.348864074,0.619175972,0.982,0.971,1900,0.3376,0.3204,0.4773,0.377,0.3503,"Sherman County, OR",Q2,FALSE,0.6543
41057,OR,"Tillamook County, OR",24313,0.101221569,0.408546868,0.490231563,0.333,0.354,27345,0.6507,0.4795,0.8256,0.4839,0.6955,"Tillamook County, OR",Q3,FALSE,0.50235
41059,OR,"Umatilla County, OR",43824,0.300679993,0.306589996,0.392730011,0.921,0.914,79904,0.9259,0.6697,0.9625,0.7448,0.9854,"Umatilla County, OR",Q4: Most vulnerable,TRUE,0.91995
41061,OR,"Union County, OR",19384,0.130674783,0.415806851,0.453518366,0.952,0.944,26286,0.7187,0.581,0.5285,0.3675,0.9542,"Union County, OR",Q3,FALSE,0.83135
41063,OR,"Wallowa County, OR",8919,0.005381769,0.292073102,0.702545128,0.936,0.922,7439,0.4461,0.2354,0.6822,0.2879,0.6888,"Wallowa County, OR",Q2,FALSE,0.68405
41065,OR,"Wasco County, OR",18294,0.003389089,0.50940199,0.487208921,0.997,0.991,26639,0.8937,0.7623,0.769,0.6402,0.9873,"Wasco County, OR",Q4: Most vulnerable,TRUE,0.94235
41067,OR,"Washington County, OR",204487,0.764434903,0.090176882,0.145388215,0.193,0.193,599541,0.3703,0.2724,0.1779,0.7502,0.5676,"Washington County, OR",Q2,FALSE,0.28165
41069,OR,"Wheeler County, OR",2480,0,0.208870968,0.791129032,0.97,0.963,1407,0.2479,0.4267,0.2771,0.3977,0.1171,"Wheeler County, OR",Q1: Least vulnerable,FALSE,0.60545
41071,OR,"Yamhill County, OR",53250,0.209389671,0.387173709,0.40343662,0.254,0.258,107674,0.7232,0.4534,0.6863,0.6102,0.9424,"Yamhill County, OR",Q3,FALSE,0.4906
42001,PA,"Adams County, PA",59227,0.176574873,0.170057575,0.653367552,0.33,0.344,104604,0.21,0.2135,0.3108,0.3535,0.252,"Adams County, PA",Q1: Least vulnerable,FALSE,0.27699999999999997
42003,PA,"Allegheny County, PA",512654,0.537114701,0.247215471,0.215669828,0.201,0.195,1245310,0.314,0.2011,0.2221,0.5759,0.6004,"Allegheny County, PA",Q2,FALSE,0.2545
42005,PA,"Armstrong County, PA",47202,0.004406593,0.305135376,0.690458031,0.262,0.257,65538,0.132,0.1791,0.167,0.0191,0.2914,"Armstrong County, PA",Q1: Least vulnerable,FALSE,0.1945
42007,PA,"Beaver County, PA",93738,0.013708421,0.504309885,0.481981694,0.247,0.238,167629,0.2386,0.203,0.3191,0.3563,0.3653,"Beaver County, PA",Q1: Least vulnerable,FALSE,0.2383
42009,PA,"Bedford County, PA",41509,0.008745091,0.247946229,0.74330868,0.395,0.404,47613,0.1868,0.3468,0.1518,0.0169,0.244,"Bedford County, PA",Q1: Least vulnerable,FALSE,0.2954
42011,PA,"Berks County, PA",160941,0.152683281,0.329052261,0.518264457,0.215,0.233,428483,0.6659,0.5383,0.7012,0.6806,0.6669,"Berks County, PA",Q3,FALSE,0.44945
42013,PA,"Blair County, PA",62655,0.144393903,0.486984279,0.368621818,0.364,0.378,122640,0.3108,0.2622,0.3299,0.1339,0.609,"Blair County, PA",Q2,FALSE,0.34440000000000004
42015,PA,"Bradford County, PA",49030,0.025841322,0.167468897,0.806689782,0.275,0.273,60159,0.3754,0.4025,0.3357,0.0579,0.587,"Bradford County, PA",Q2,FALSE,0.32420000000000004
42017,PA,"Bucks County, PA",230842,0.411103699,0.08754906,0.501347242,0.165,0.172,645163,0.1317,0.0967,0.2129,0.5005,0.2103,"Bucks County, PA",Q1: Least vulnerable,FALSE,0.15184999999999998
42019,PA,"Butler County, PA",103394,0.054800085,0.313654564,0.631545351,0.233,0.229,194562,0.0786,0.0722,0.036,0.1225,0.4728,"Butler County, PA",Q1: Least vulnerable,FALSE,0.1538
42021,PA,"Cambria County, PA",77642,0.081643956,0.365279102,0.553076943,0.321,0.324,133263,0.3605,0.2288,0.4225,0.2323,0.6793,"Cambria County, PA",Q2,FALSE,0.34225
42023,PA,"Cameron County, PA",4990,0,0.234669339,0.765330661,0.356,0.365,4536,0.4734,0.5014,0.6688,0.1094,0.4483,"Cameron County, PA",Q2,FALSE,0.4192
42025,PA,"Carbon County, PA",39215,9.69017e-4,0.33655489,0.662476093,0.504,0.516,65018,0.2895,0.5301,0.209,0.2984,0.175,"Carbon County, PA",Q2,FALSE,0.40275
42027,PA,"Centre County, PA",75356,0.105698285,0.336788046,0.557513668,0.431,0.451,158665,0.3344,0.3576,0.0025,0.4496,0.9803,"Centre County, PA",Q2,FALSE,0.3927
42029,PA,"Chester County, PA",191267,0.146998698,0.137368182,0.71563312,0.098,0.105,536474,0.1244,0.0655,0.1238,0.5679,0.3102,"Chester County, PA",Q1: Least vulnerable,FALSE,0.1147
42031,PA,"Clarion County, PA",31327,5.42663e-4,0.219938073,0.779519265,0.265,0.26,37489,0.315,0.4263,0.0958,0.0579,0.6475,"Clarion County, PA",Q2,FALSE,0.2875
42033,PA,"Clearfield County, PA",54415,0.00277497,0.288247726,0.708977304,0.367,0.366,79707,0.5017,0.4356,0.4983,0.1928,0.7292,"Clearfield County, PA",Q3,FALSE,0.43385
42035,PA,"Clinton County, PA",24875,0.010492462,0.363175879,0.626331658,0.405,0.416,37860,0.5409,0.6602,0.2717,0.0821,0.7407,"Clinton County, PA",Q3,FALSE,0.47845000000000004
42037,PA,"Columbia County, PA",41411,0.041269228,0.358069112,0.60066166,0.375,0.376,64924,0.2813,0.3831,0.0312,0.2265,0.6732,"Columbia County, PA",Q2,FALSE,0.32865
42039,PA,"Crawford County, PA",65094,0.001997112,0.250622177,0.747380711,0.24,0.232,83876,0.5842,0.5402,0.6335,0.1152,0.7556,"Crawford County, PA",Q3,FALSE,0.4081
42041,PA,"Cumberland County, PA",108400,0.51646679,0.097214022,0.386319188,0.368,0.386,261269,0.2068,0.1231,0.1476,0.4725,0.5282,"Cumberland County, PA",Q1: Least vulnerable,FALSE,0.2964
42043,PA,"Dauphin County, PA",119030,0.485692683,0.198596992,0.315710325,0.322,0.332,286108,0.5476,0.3478,0.6297,0.7474,0.6316,"Dauphin County, PA",Q3,FALSE,0.43979999999999997
42045,PA,"Delaware County, PA",158286,0.642874291,0.066171361,0.290954348,0.171,0.18,575312,0.5654,0.3853,0.4515,0.7299,0.7579,"Delaware County, PA",Q3,FALSE,0.37270000000000003
42047,PA,"Elk County, PA",24021,4.163e-5,0.296157529,0.703800841,0.21,0.215,30886,0.0824,0.1569,0.1661,0.0299,0.1419,"Elk County, PA",Q1: Least vulnerable,FALSE,0.1487
42049,PA,"Erie County, PA",136232,0.503273827,0.12780404,0.368922133,0.237,0.231,270495,0.6242,0.4607,0.6764,0.4814,0.7792,"Erie County, PA",Q3,FALSE,0.4276
42051,PA,"Fayette County, PA",82147,0.062814223,0.337029958,0.600155818,0.316,0.316,128417,0.5224,0.5224,0.3968,0.2879,0.6802,"Fayette County, PA",Q3,FALSE,0.4192
42053,PA,"Forest County, PA",8705,0.001033889,0.063411832,0.935554279,0.147,0.151,6959,0.5072,0.4827,0.2065,0.6828,0.6551,"Forest County, PA",Q3,FALSE,0.3291
42055,PA,"Franklin County, PA",83847,0.360811955,0.13274178,0.506446265,0.366,0.384,156084,0.3194,0.3217,0.5632,0.4018,0.2389,"Franklin County, PA",Q2,FALSE,0.3517
42057,PA,"Fulton County, PA",14040,7.1225e-5,0.130840456,0.869088319,0.399,0.411,14545,0.1184,0.175,0.2679,0.0881,0.1524,"Fulton County, PA",Q1: Least vulnerable,FALSE,0.2647
42059,PA,"Greene County, PA",27813,0.001150541,0.242764175,0.756085284,0.283,0.275,35781,0.342,0.2832,0.2507,0.2234,0.6831,"Greene County, PA",Q2,FALSE,0.3085
42061,PA,"Huntingdon County, PA",33870,2.65722e-4,0.240566873,0.759167405,0.393,0.406,44123,0.3481,0.3131,0.1518,0.3016,0.7054,"Huntingdon County, PA",Q2,FALSE,0.37705
42063,PA,"Indiana County, PA",54152,0.00426577,0.302352637,0.693381593,0.278,0.277,83394,0.4528,0.5154,0.0875,0.1861,0.8228,"Indiana County, PA",Q2,FALSE,0.3649
42065,PA,"Jefferson County, PA",34779,0,0.254003853,0.745996147,0.255,0.25,44326,0.3745,0.4305,0.349,0.014,0.5663,"Jefferson County, PA",Q2,FALSE,0.31225
42067,PA,"Juniata County, PA",20490,0.004636408,0.238457784,0.756905808,0.37,0.385,23535,0.4846,0.4337,0.3376,0.1654,0.8015,"Juniata County, PA",Q2,FALSE,0.43479999999999996
42069,PA,"Lackawanna County, PA",101433,0.323149271,0.362308125,0.314542604,0.402,0.397,215672,0.5558,0.3875,0.7588,0.4973,0.6144,"Lackawanna County, PA",Q3,FALSE,0.4764
42071,PA,"Lancaster County, PA",225547,0.471968149,0.096241582,0.43179027,0.049,0.059,553202,0.5399,0.4575,0.3513,0.525,0.7493,"Lancaster County, PA",Q3,FALSE,0.29945
42073,PA,"Lawrence County, PA",54902,0.044278897,0.440748971,0.514972132,0.22,0.215,85907,0.5151,0.4916,0.6631,0.2692,0.517,"Lawrence County, PA",Q3,FALSE,0.36505
42075,PA,"Lebanon County, PA",65473,0.484795259,0.118445772,0.396758969,0.221,0.234,143258,0.6176,0.517,0.665,0.5317,0.6592,"Lebanon County, PA",Q3,FALSE,0.4258
42077,PA,"Lehigh County, PA",122139,0.427038047,0.246620654,0.3263413,0.22,0.235,374110,0.734,0.5759,0.7149,0.7735,0.7534,"Lehigh County, PA",Q3,FALSE,0.4845
42079,PA,"Luzerne County, PA",156899,0.234354585,0.394642413,0.371003002,0.448,0.454,325396,0.6942,0.5727,0.8253,0.5727,0.643,"Luzerne County, PA",Q3,FALSE,0.5741
42081,PA,"Lycoming County, PA",66046,0.02722345,0.419510644,0.553265906,0.347,0.351,114022,0.5091,0.4432,0.3933,0.328,0.7439,"Lycoming County, PA",Q3,FALSE,0.43005
42083,PA,"McKean County, PA",30043,0,0.257431016,0.742568984,0.086,0.084,40459,0.3188,0.279,0.3592,0.1696,0.5628,"McKean County, PA",Q2,FALSE,0.2014
42085,PA,"Mercer County, PA",74615,0.148696643,0.247162099,0.604141258,0.229,0.224,110600,0.5278,0.378,0.5845,0.3248,0.7582,"Mercer County, PA",Q3,FALSE,0.3759
42087,PA,"Mifflin County, PA",29811,0.030391466,0.398342894,0.57126564,0.423,0.445,46146,0.5934,0.7521,0.4063,0.0757,0.6631,"Mifflin County, PA",Q3,FALSE,0.5192
42089,PA,"Monroe County, PA",85898,0.00515728,0.136394328,0.858448392,0.431,0.43,168128,0.4136,0.5565,0.2816,0.7598,0.1849,"Monroe County, PA",Q2,FALSE,0.4218
42091,PA,"Montgomery County, PA",271737,0.453534116,0.093726655,0.452739229,0.086,0.088,856399,0.2119,0.1012,0.2224,0.6233,0.454,"Montgomery County, PA",Q1: Least vulnerable,FALSE,0.14995
42093,PA,"Montour County, PA",11166,0.079437578,0.334049794,0.586512628,0.239,0.241,18165,0.3818,0.1425,0.4747,0.2879,0.8352,"Montour County, PA",Q2,FALSE,0.3114
42095,PA,"Northampton County, PA",123139,0.431382421,0.173275729,0.395341849,0.274,0.287,314299,0.4038,0.2666,0.3411,0.6211,0.5959,"Northampton County, PA",Q2,FALSE,0.3454
42097,PA,"Northumberland County, PA",48043,0.106383864,0.415377891,0.478238245,0.278,0.293,91340,0.4206,0.336,0.4426,0.2628,0.6452,"Northumberland County, PA",Q2,FALSE,0.3568
42099,PA,"Perry County, PA",32193,0.001180381,0.233466903,0.765352716,0.356,0.369,45941,0.1737,0.2838,0.1502,0.0881,0.2644,"Perry County, PA",Q1: Least vulnerable,FALSE,0.27135
42101,PA,"Philadelphia County, PA",224621,0.952987477,0.018858433,0.028154091,0.2,0.201,1593208,0.9465,0.909,0.8361,0.9465,0.915,"Philadelphia County, PA",Q4: Most vulnerable,FALSE,0.57375
42103,PA,"Pike County, PA",40595,0.002364823,0.069072546,0.928562631,0.424,0.428,58996,0.2405,0.4429,0.3509,0.5558,0.0439,"Pike County, PA",Q1: Least vulnerable,FALSE,0.33425
42105,PA,"Potter County, PA",18376,0,0.105463648,0.894536352,0.19,0.189,16390,0.405,0.3974,0.5374,0.0407,0.5409,"Potter County, PA",Q2,FALSE,0.29700000000000004
42107,PA,"Schuylkill County, PA",73709,7.86878e-4,0.454652756,0.544560366,0.417,0.43,143201,0.4928,0.4228,0.6411,0.335,0.539,"Schuylkill County, PA",Q2,FALSE,0.46140000000000003
42109,PA,"Snyder County, PA",26974,0.020575369,0.374953659,0.604470972,0.3,0.317,39797,0.2819,0.3563,0.1177,0.0627,0.6071,"Snyder County, PA",Q2,FALSE,0.29945
42111,PA,"Somerset County, PA",57358,0.001063496,0.245841905,0.753094599,0.37,0.377,73802,0.3618,0.349,0.2571,0.1094,0.6726,"Somerset County, PA",Q2,FALSE,0.3694
42113,PA,"Sullivan County, PA",9007,1.11025e-4,0.043188631,0.956700344,0.268,0.284,5880,0.2444,0.2806,0.2666,0.1339,0.3977,"Sullivan County, PA",Q1: Least vulnerable,FALSE,0.2642
42115,PA,"Susquehanna County, PA",37239,0.001181557,0.086898144,0.911920299,0.251,0.239,38540,0.1814,0.4003,0.1989,0.0407,0.1371,"Susquehanna County, PA",Q1: Least vulnerable,FALSE,0.2102
42117,PA,"Tioga County, PA",33971,2.35495e-4,0.138559359,0.861205146,0.34,0.334,41186,0.2975,0.3767,0.2367,0.0264,0.5196,"Tioga County, PA",Q2,FALSE,0.31575
42119,PA,"Union County, PA",23342,0.234170165,0.183360466,0.582469369,0.348,0.363,42908,0.4531,0.4693,0.0697,0.4165,0.8167,"Union County, PA",Q2,FALSE,0.40805
42121,PA,"Venango County, PA",39354,8.89363e-4,0.27323779,0.725872846,0.236,0.237,50475,0.3656,0.3751,0.5126,0.0627,0.4718,"Venango County, PA",Q2,FALSE,0.3013
42123,PA,"Warren County, PA",32769,4.88266e-4,0.244865574,0.754646159,0.173,0.169,38492,0.153,0.1314,0.3563,0.0627,0.3217,"Warren County, PA",Q1: Least vulnerable,FALSE,0.161
42125,PA,"Washington County, PA",119466,0.066479166,0.374951869,0.558568965,0.263,0.246,209631,0.1648,0.1123,0.1263,0.265,0.5227,"Washington County, PA",Q1: Least vulnerable,FALSE,0.2054
42127,PA,"Wayne County, PA",43632,0.003094059,0.074096993,0.922808948,0.297,0.291,51227,0.3952,0.4839,0.1992,0.3166,0.5119,"Wayne County, PA",Q2,FALSE,0.34309999999999996
42129,PA,"Westmoreland County, PA",195314,0.099869953,0.445841056,0.454288991,0.262,0.269,354414,0.1091,0.0996,0.1088,0.1861,0.3748,"Westmoreland County, PA",Q1: Least vulnerable,FALSE,0.18905
42131,PA,"Wyoming County, PA",19994,0.007002101,0.112483745,0.880514154,0.411,0.407,26219,0.0872,0.1304,0.1082,0.0821,0.2345,"Wyoming County, PA",Q1: Least vulnerable,FALSE,0.2471
42133,PA,"York County, PA",200139,0.260713804,0.186500382,0.552785814,0.108,0.124,457051,0.3379,0.2638,0.5024,0.5094,0.3605,"York County, PA",Q2,FALSE,0.23095
44001,RI,"Bristol County, RI",20707,0.907181146,0,0.092818854,0.053,0.06,50658,0.1327,0.1152,0.085,0.2914,0.426,"Bristol County, RI",Q1: Least vulnerable,FALSE,0.09635
44003,RI,"Kent County, RI",68960,0.708439675,0.085571346,0.205988979,0.151,0.184,170168,0.2116,0.2402,0.1791,0.4165,0.2918,"Kent County, RI",Q1: Least vulnerable,FALSE,0.1978
44005,RI,"Newport County, RI",43408,0.679367858,0.058606708,0.262025433,0.073,0.079,85442,0.2787,0.2183,0.1928,0.4496,0.5396,"Newport County, RI",Q2,FALSE,0.17885
44007,RI,"Providence County, RI",204216,0.723297881,0.107934736,0.168767384,0.161,0.184,657984,0.8097,0.679,0.594,0.7983,0.9208,"Providence County, RI",Q4: Most vulnerable,FALSE,0.49685
44009,RI,"Washington County, RI",70903,0.319210753,0.2159147,0.464874547,0.135,0.157,129998,0.1324,0.1642,0.1171,0.2879,0.2584,"Washington County, RI",Q1: Least vulnerable,FALSE,0.1447
45001,SC,"Abbeville County, SC",19695,0.006194466,0.121350597,0.872454938,0.583,0.547,24368,0.5988,0.6157,0.1973,0.6872,0.734,"Abbeville County, SC",Q3,FALSE,0.5729
45003,SC,"Aiken County, SC",99034,0.037401297,0.289981219,0.672617485,0.579,0.593,169865,0.6322,0.5947,0.6357,0.7226,0.5151,"Aiken County, SC",Q3,FALSE,0.6126
45005,SC,"Allendale County, SC",6300,0,0.355873016,0.644126984,0.601,0.602,8073,0.9955,0.9882,0.8097,0.9793,0.994,"Allendale County, SC",Q4: Most vulnerable,FALSE,0.7987500000000001
45007,SC,"Anderson County, SC",118509,0.031474403,0.230961362,0.737564236,0.531,0.484,204592,0.6303,0.6166,0.4916,0.5854,0.6542,"Anderson County, SC",Q3,FALSE,0.55715
45009,SC,"Bamberg County, SC",10604,0,0.256506978,0.743493022,0.568,0.575,13311,0.958,0.9866,0.8046,0.937,0.7455,"Bamberg County, SC",Q4: Most vulnerable,FALSE,0.7665
45011,SC,"Barnwell County, SC",15459,0,0.245746814,0.754253186,0.607,0.611,20653,0.9612,0.9243,0.8664,0.8721,0.9443,"Barnwell County, SC",Q4: Most vulnerable,FALSE,0.7861
45013,SC,"Beaufort County, SC",79066,0.043685023,0.239976728,0.716338249,0.77,0.83,189071,0.469,0.2695,0.5549,0.6923,0.5908,"Beaufort County, SC",Q2,FALSE,0.6495
45015,SC,"Berkeley County, SC",97576,0.071841436,0.443059769,0.485098795,0.818,0.807,231419,0.5447,0.4082,0.5794,0.7591,0.5523,"Berkeley County, SC",Q3,FALSE,0.6758500000000001
45017,SC,"Calhoun County, SC",13458,0.006167335,0.168227077,0.825605588,0.57,0.576,14145,0.7273,0.7633,0.5212,0.8365,0.5574,"Calhoun County, SC",Q3,FALSE,0.65165
45019,SC,"Charleston County, SC",169876,0.353687396,0.27670183,0.369610775,0.843,0.876,409840,0.4343,0.4222,0.1101,0.7213,0.6172,"Charleston County, SC",Q2,FALSE,0.65515
45021,SC,"Cherokee County, SC",35645,0.018347594,0.176855099,0.804797307,0.519,0.477,56200,0.7798,0.7967,0.6096,0.6548,0.7241,"Cherokee County, SC",Q4: Most vulnerable,FALSE,0.6284000000000001
45023,SC,"Chester County, SC",22979,0.020061796,0.153923147,0.826015057,0.558,0.52,32171,0.7047,0.8062,0.3837,0.8008,0.5253,"Chester County, SC",Q3,FALSE,0.61235
45025,SC,"Chesterfield County, SC",33179,4.82233e-4,0.138039121,0.861478646,0.651,0.643,43536,0.9462,0.9001,0.9338,0.7894,0.8874,"Chesterfield County, SC",Q4: Most vulnerable,FALSE,0.7946
45027,SC,"Clarendon County, SC",24778,0.012874324,0.1571959,0.829929776,0.768,0.764,31163,0.9691,0.9472,0.6519,0.8785,0.993,"Clarendon County, SC",Q4: Most vulnerable,TRUE,0.8665499999999999
45029,SC,"Colleton County, SC",26994,0.003963844,0.148440394,0.847595762,0.732,0.769,38561,0.966,0.9564,0.8597,0.8129,0.9389,"Colleton County, SC",Q4: Most vulnerable,TRUE,0.8674999999999999
45031,SC,"Darlington County, SC",43954,0.016608272,0.252741502,0.730650225,0.684,0.672,63025,0.8921,0.8746,0.7496,0.8466,0.8527,"Darlington County, SC",Q4: Most vulnerable,FALSE,0.78205
45033,SC,"Dillon County, SC",19676,0.002337874,0.295944298,0.701717829,0.738,0.722,28255,0.9745,0.9831,0.9157,0.8915,0.8435,"Dillon County, SC",Q4: Most vulnerable,FALSE,0.84825
45035,SC,"Dorchester County, SC",66824,0.061205555,0.419909015,0.51888543,0.677,0.675,162139,0.6306,0.6071,0.6589,0.756,0.4543,"Dorchester County, SC",Q3,FALSE,0.6528
45037,SC,"Edgefield County, SC",16647,1.20142e-4,0.115996876,0.883882982,0.637,0.609,26181,0.8476,0.7451,0.7066,0.8116,0.9065,"Edgefield County, SC",Q4: Most vulnerable,FALSE,0.7283
45039,SC,"Fairfield County, SC",16135,0.012023551,0.102819957,0.885156492,0.614,0.584,20942,0.8893,0.8676,0.7311,0.9243,0.8276,"Fairfield County, SC",Q4: Most vulnerable,FALSE,0.73665
45041,SC,"Florence County, SC",73383,0.105106087,0.253996157,0.640897756,0.732,0.724,137015,0.8256,0.7305,0.5288,0.8686,0.923,"Florence County, SC",Q4: Most vulnerable,FALSE,0.7747999999999999
45043,SC,"Georgetown County, SC",39609,0.058320079,0.255749956,0.685929965,0.854,0.855,63594,0.5301,0.5927,0.349,0.7178,0.42,"Georgetown County, SC",Q3,FALSE,0.69255
45045,SC,"Greenville County, SC",229289,0.291309221,0.179672815,0.529017964,0.523,0.484,528251,0.6246,0.4766,0.5533,0.7028,0.7362,"Greenville County, SC",Q3,FALSE,0.5543
45047,SC,"Greenwood County, SC",38916,0.090965156,0.212611779,0.696423065,0.595,0.56,69309,0.8466,0.7929,0.7471,0.7951,0.8174,"Greenwood County, SC",Q4: Most vulnerable,FALSE,0.7033
45049,SC,"Hampton County, SC",14207,0,0.253607377,0.746392623,0.606,0.606,18890,0.9621,0.959,0.923,0.9214,0.7922,"Hampton County, SC",Q4: Most vulnerable,FALSE,0.7840499999999999
45051,SC,"Horry County, SC",167936,0.249845179,0.293766673,0.456388148,0.608,0.634,356578,0.7022,0.7378,0.7254,0.5778,0.4938,"Horry County, SC",Q3,FALSE,0.6681
45053,SC,"Jasper County, SC",15320,0.001436031,0.161879896,0.836684073,0.74,0.791,29444,0.8829,0.8505,0.6475,0.8912,0.8988,"Jasper County, SC",Q4: Most vulnerable,TRUE,0.8369500000000001
45055,SC,"Kershaw County, SC",42385,0.005237702,0.220644096,0.774118202,0.632,0.613,65779,0.4782,0.5606,0.6535,0.6971,0.1495,"Kershaw County, SC",Q2,FALSE,0.5456
45057,SC,"Lancaster County, SC",49272,0.011000162,0.240684364,0.748315473,0.522,0.488,97611,0.4575,0.3586,0.6634,0.6764,0.3433,"Lancaster County, SC",Q2,FALSE,0.47275
45059,SC,"Laurens County, SC",46698,0.011670735,0.169450512,0.818878753,0.547,0.506,67456,0.8947,0.8874,0.8454,0.7038,0.8161,"Laurens County, SC",Q4: Most vulnerable,FALSE,0.70035
45061,SC,"Lee County, SC",13623,0.020113044,0.174631139,0.805255817,0.649,0.65,16557,0.9704,0.9796,0.3563,0.9488,0.9975,"Lee County, SC",Q4: Most vulnerable,FALSE,0.8102
45063,SC,"Lexington County, SC",155149,0.172344005,0.283869055,0.54378694,0.543,0.528,295934,0.4855,0.3796,0.5568,0.6347,0.4893,"Lexington County, SC",Q2,FALSE,0.50675
45065,SC,"McCormick County, SC",7732,0.015390585,0.07190895,0.912700466,0.636,0.601,9612,0.6087,0.5536,0.4158,0.8549,0.6023,"McCormick County, SC",Q3,FALSE,0.60485
45067,SC,"Marion County, SC",22099,0.029729852,0.223811032,0.746459116,0.655,0.645,29212,0.8753,0.9077,0.6701,0.9294,0.7346,"Marion County, SC",Q4: Most vulnerable,FALSE,0.76015
45069,SC,"Marlboro County, SC",17181,0.006518829,0.282172167,0.711309004,0.776,0.755,26585,0.9405,0.9717,0.4184,0.9259,0.9605,"Marlboro County, SC",Q4: Most vulnerable,TRUE,0.84775
45071,SC,"Newberry County, SC",29590,0.035315985,0.169144981,0.795539033,0.566,0.531,37918,0.8027,0.6013,0.9125,0.7821,0.7471,"Newberry County, SC",Q4: Most vulnerable,FALSE,0.6668499999999999
45073,SC,"Oconee County, SC",54154,0.053920301,0.113435757,0.832643941,0.697,0.665,78775,0.6968,0.7528,0.8492,0.4588,0.4063,"Oconee County, SC",Q3,FALSE,0.6809000000000001
45075,SC,"Orangeburg County, SC",59772,0.018336345,0.233855317,0.747808338,0.583,0.595,84159,0.9516,0.9535,0.6958,0.9478,0.9236,"Orangeburg County, SC",Q4: Most vulnerable,FALSE,0.7733
45077,SC,"Pickens County, SC",67861,0.009887859,0.207571359,0.782540782,0.623,0.586,131106,0.5717,0.6653,0.0369,0.4356,0.9316,"Pickens County, SC",Q3,FALSE,0.57885
45079,SC,"Richland County, SC",165540,0.35036245,0.276410535,0.373227015,0.583,0.568,416161,0.7922,0.7486,0.3888,0.9154,0.8622,"Richland County, SC",Q4: Most vulnerable,FALSE,0.6800999999999999
45081,SC,"Saluda County, SC",17093,0.015093898,0.092259989,0.892646112,0.619,0.587,18952,0.8228,0.7187,0.8985,0.7989,0.6736,"Saluda County, SC",Q4: Most vulnerable,FALSE,0.7049
45083,SC,"Spartanburg County, SC",168868,0.107148779,0.204810858,0.688040363,0.512,0.469,330119,0.7486,0.6456,0.7929,0.706,0.6704,"Spartanburg County, SC",Q3,FALSE,0.6088
45085,SC,"Sumter County, SC",58553,0.093078066,0.259628029,0.647293905,0.684,0.676,105199,0.8762,0.8632,0.6274,0.896,0.8638,"Sumter County, SC",Q4: Most vulnerable,FALSE,0.7761
45087,SC,"Union County, SC",20858,0,0.207785981,0.792214019,0.552,0.511,27158,0.9173,0.9166,0.811,0.7321,0.8813,"Union County, SC",Q4: Most vulnerable,FALSE,0.7141500000000001
45089,SC,"Williamsburg County, SC",24894,0,0.121274203,0.878725797,0.811,0.799,30879,0.9634,0.901,0.8282,0.9548,0.9749,"Williamsburg County, SC",Q4: Most vulnerable,TRUE,0.8812
45091,SC,"York County, SC",113543,0.080418872,0.25064513,0.668935998,0.487,0.446,282987,0.3436,0.2749,0.3217,0.6872,0.3958,"York County, SC",Q2,FALSE,0.39480000000000004
46003,SD,"Aurora County, SD",5704,0.18828892,0.053997195,0.757713885,0.511,0.518,2590,0.104,0.0649,0.5921,0.3322,0.0754,"Aurora County, SD",Q1: Least vulnerable,FALSE,0.311
46005,SD,"Beadle County, SD",16851,0.228057682,0.256542638,0.51539968,0.475,0.482,19089,0.7289,0.3977,0.8021,0.6332,0.931,"Beadle County, SD",Q3,FALSE,0.60545
46007,SD,"Bennett County, SD",3449,0.017976225,0.256596115,0.72542766,0.919,0.933,3391,0.811,0.9427,0.3754,0.937,0.531,"Bennett County, SD",Q4: Most vulnerable,TRUE,0.8720000000000001
46009,SD,"Bon Homme County, SD",10222,0.29739777,0.069164547,0.633437683,0.464,0.52,7018,0.1899,0.3124,0.0535,0.3977,0.3023,"Bon Homme County, SD",Q1: Least vulnerable,FALSE,0.35495
46011,SD,"Brookings County, SD",21030,0.504517356,0.020779838,0.474702806,0.357,0.386,34631,0.154,0.1871,0.006,0.335,0.7401,"Brookings County, SD",Q1: Least vulnerable,FALSE,0.27
46013,SD,"Brown County, SD",27763,0.477866225,0.046896949,0.475236826,0.525,0.554,38278,0.2669,0.1549,0.2628,0.42,0.5905,"Brown County, SD",Q2,FALSE,0.41045000000000004
46015,SD,"Brule County, SD",7149,0.044621625,0.269268429,0.686109945,0.508,0.521,5247,0.3872,0.3866,0.2294,0.5081,0.5094,"Brule County, SD",Q2,FALSE,0.4541
46017,SD,"Buffalo County, SD",1723,0.029019153,0.218804411,0.752176436,0.769,0.804,1859,0.9892,0.9975,0.7728,0.9831,0.9399,"Buffalo County, SD",Q4: Most vulnerable,TRUE,0.8966000000000001
46019,SD,"Butte County, SD",9958,1.00422e-4,0.372062663,0.627836915,0.729,0.736,10369,0.5431,0.7337,0.1444,0.3503,0.6268,"Butte County, SD",Q3,FALSE,0.6395500000000001
46021,SD,"Campbell County, SD",4044,0.035113749,0.224530168,0.740356083,0.626,0.714,1534,0.0878,0.1269,0.2972,0.0627,0.1247,"Campbell County, SD",Q1: Least vulnerable,FALSE,0.4009
46023,SD,"Charles Mix County, SD",12447,0.092632763,0.201494336,0.705872901,0.517,0.571,9302,0.6777,0.8091,0.175,0.756,0.6468,"Charles Mix County, SD",Q3,FALSE,0.62435
46025,SD,"Clark County, SD",6756,0.135287152,0.083777383,0.780935465,0.386,0.398,3837,0.3659,0.4372,0.6707,0.1985,0.2151,"Clark County, SD",Q2,FALSE,0.38195
46027,SD,"Clay County, SD",9472,0.538745777,0.001478041,0.459776182,0.331,0.349,14953,0.6367,0.6907,0.0194,0.3977,0.9962,"Clay County, SD",Q3,FALSE,0.49285
46029,SD,"Codington County, SD",19882,0.597173323,0.027109949,0.375716729,0.371,0.395,28402,0.2415,0.1861,0.0945,0.2628,0.6993,"Codington County, SD",Q1: Least vulnerable,FALSE,0.31825000000000003
46031,SD,"Corson County, SD",5170,0.014119923,0.191876209,0.794003868,0.688,0.697,3906,0.7324,0.8845,0.2832,0.9656,0.4709,"Corson County, SD",Q3,FALSE,0.7147
46033,SD,"Custer County, SD",9847,0,0.146542094,0.853457906,0.898,0.887,8515,0.2937,0.315,0.1212,0.3248,0.5679,"Custer County, SD",Q2,FALSE,0.59035
46035,SD,"Davison County, SD",14379,0.42068294,0.186522011,0.392795048,0.401,0.412,19966,0.3742,0.3143,0.2409,0.2959,0.6977,"Davison County, SD",Q2,FALSE,0.3931
46037,SD,"Day County, SD",10201,0.111165572,0.179786295,0.709048133,0.488,0.517,5485,0.1282,0.2249,0.111,0.4222,0.1317,"Day County, SD",Q1: Least vulnerable,FALSE,0.3226
46039,SD,"Deuel County, SD",7996,0.21198099,0.069284642,0.718734367,0.401,0.443,4298,0.0213,0.0579,0.2151,0.1276,0.0191,"Deuel County, SD",Q1: Least vulnerable,FALSE,0.23215
46041,SD,"Dewey County, SD",5080,0.002559055,0.308661417,0.688779528,0.682,0.698,5275,0.8263,0.8915,0.2517,0.9825,0.8199,"Dewey County, SD",Q4: Most vulnerable,FALSE,0.76215
46043,SD,"Douglas County, SD",6162,0.308828302,0.003570269,0.687601428,0.392,0.397,2823,0.3166,0.2873,0.4248,0.1225,0.5161,"Douglas County, SD",Q2,FALSE,0.3568
46045,SD,"Edmunds County, SD",7080,0.143079096,0.157627119,0.699293785,0.473,0.525,4014,0.0258,0.0525,0.2167,0.0544,0.0385,"Edmunds County, SD",Q1: Least vulnerable,FALSE,0.27540000000000003
46047,SD,"Fall River County, SD",8086,0.002102399,0.364828098,0.633069503,0.895,0.886,7079,0.6277,0.6433,0.5192,0.4518,0.6545,"Fall River County, SD",Q3,FALSE,0.75685
46049,SD,"Faulk County, SD",4851,0.073799217,0.18841476,0.737786024,0.512,0.558,2140,0.3627,0.1801,0.5396,0.0264,0.7926,"Faulk County, SD",Q2,FALSE,0.46035000000000004
46051,SD,"Grant County, SD",9212,0.45212766,0.02192792,0.52594442,0.415,0.461,7533,0.231,0.146,0.3226,0.1985,0.5393,"Grant County, SD",Q1: Least vulnerable,FALSE,0.34600000000000003
46053,SD,"Gregory County, SD",7617,0.022318498,0.25075489,0.726926612,0.59,0.667,3983,0.1817,0.1906,0.1957,0.3824,0.2682,"Gregory County, SD",Q1: Least vulnerable,FALSE,0.42435
46055,SD,"Haakon County, SD",3524,8.51305e-4,0.241203178,0.757945516,0.655,0.673,1755,0.2389,0.1104,0.2695,0.2733,0.6618,"Haakon County, SD",Q1: Least vulnerable,FALSE,0.45595
46057,SD,"Hamlin County, SD",7945,0.318313405,0.072246696,0.609439899,0.258,0.305,6196,0.1336,0.1114,0.4174,0.2109,0.1845,"Hamlin County, SD",Q1: Least vulnerable,FALSE,0.2193
46059,SD,"Hand County, SD",7581,0.200765071,0.044585147,0.754649782,0.581,0.62,3075,0.048,0.013,0.1591,0.1753,0.2526,"Hand County, SD",Q1: Least vulnerable,FALSE,0.334
46061,SD,"Hanson County, SD",5258,0.287942183,0.033282617,0.6787752,0.387,0.408,3443,3e-4,0.0051,0.0178,0.1339,3e-4,"Hanson County, SD",Q1: Least vulnerable,FALSE,0.20415
46063,SD,"Harding County, SD",3482,0,0.133831132,0.866168868,0.888,0.874,1176,0.0264,0.0035,0.0054,0.4314,0.4865,"Harding County, SD",Q1: Least vulnerable,FALSE,0.4502
46065,SD,"Hughes County, SD",11430,0.138495188,0.541732283,0.319772528,0.635,0.707,17812,0.3013,0.0535,0.0923,0.5161,0.9793,"Hughes County, SD",Q2,FALSE,0.50415
46067,SD,"Hutchinson County, SD",13028,0.358535462,0.026020878,0.61544366,0.375,0.392,7401,0.1209,0.0512,0.4489,0.2294,0.2409,"Hutchinson County, SD",Q1: Least vulnerable,FALSE,0.25645
46069,SD,"Hyde County, SD",3005,0.194675541,0.040266223,0.765058236,0.717,0.764,1319,0.0153,0.0391,0.0267,0.2959,0.0611,"Hyde County, SD",Q1: Least vulnerable,FALSE,0.38965
46071,SD,"Jackson County, SD",3752,0,0.233208955,0.766791045,0.846,0.851,2838,0.9771,0.9822,0.3923,0.9494,0.999,"Jackson County, SD",Q4: Most vulnerable,TRUE,0.91405
46073,SD,"Jerauld County, SD",4208,0.024001901,0.233602662,0.742395437,0.582,0.602,1836,0.1976,0.0474,0.2078,0.3535,0.7175,"Jerauld County, SD",Q1: Least vulnerable,FALSE,0.3998
46075,SD,"Jones County, SD",2354,0.001699235,0.276975361,0.721325404,0.643,0.674,1006,0.2036,0.1317,0.4117,0.5542,0.2335,"Jones County, SD",Q1: Least vulnerable,FALSE,0.4388
46077,SD,"Kingsbury County, SD",8670,0.234486736,0.099769319,0.665743945,0.306,0.322,5172,0.1114,0.0751,0.1518,0.119,0.4241,"Kingsbury County, SD",Q1: Least vulnerable,FALSE,0.2167
46079,SD,"Lake County, SD",12149,0.517161906,0.002387028,0.480451066,0.241,0.283,11207,0.09,0.056,0.1336,0.1985,0.3474,"Lake County, SD",Q1: Least vulnerable,FALSE,0.1865
46081,SD,"Lawrence County, SD",17590,0,0.392040932,0.607959068,0.807,0.805,26047,0.3449,0.3172,0.1693,0.3086,0.6653,"Lawrence County, SD",Q2,FALSE,0.5749500000000001
46083,SD,"Lincoln County, SD",29366,0.637540012,0.015426003,0.347033985,0.306,0.324,65801,0.0309,0.008,0.3414,0.2536,0.0506,"Lincoln County, SD",Q1: Least vulnerable,FALSE,0.17745
46085,SD,"Lyman County, SD",5641,0.007977309,0.298883177,0.693139514,0.644,0.673,3719,0.867,0.6437,0.9052,0.8482,0.9065,"Lyman County, SD",Q4: Most vulnerable,FALSE,0.77
46087,SD,"McCook County, SD",8827,0.408406027,0.006004305,0.585589668,0.282,0.299,5714,0.0366,0.0834,0.1378,0.1696,0.0445,"McCook County, SD",Q1: Least vulnerable,FALSE,0.1678
46089,SD,"McPherson County, SD",5763,0.068193649,0.170397362,0.761408988,0.562,0.635,2251,0.1788,0.2488,0.3643,0.0455,0.1998,"McPherson County, SD",Q1: Least vulnerable,FALSE,0.4069
46091,SD,"Marshall County, SD",6990,0.097281831,0.143347639,0.759370529,0.593,0.635,4363,0.1193,0.0395,0.4162,0.4948,0.1871,"Marshall County, SD",Q1: Least vulnerable,FALSE,0.37715
46093,SD,"Meade County, SD",20907,0,0.349308844,0.650691156,0.807,0.801,29970,0.1744,0.2698,0.0315,0.4057,0.3684,"Meade County, SD",Q1: Least vulnerable,FALSE,0.4877
46095,SD,"Mellette County, SD",2650,0,0.194339623,0.805660377,0.775,0.793,1989,0.8552,0.9265,0.2962,0.952,0.8419,"Mellette County, SD",Q4: Most vulnerable,TRUE,0.8241
46097,SD,"Miner County, SD",5107,0.289798316,0.015077345,0.695124339,0.384,0.388,2312,0.2154,0.1925,0.5558,0.1094,0.2631,"Miner County, SD",Q1: Least vulnerable,FALSE,0.3017
46099,SD,"Minnehaha County, SD",81815,0.74707572,5.01131e-4,0.25242315,0.253,0.266,197742,0.3748,0.1753,0.4594,0.525,0.6583,"Minnehaha County, SD",Q2,FALSE,0.3204
46101,SD,"Moody County, SD",9118,0.406668129,0.016450976,0.576880895,0.235,0.254,6346,0.2431,0.0671,0.5221,0.6029,0.4362,"Moody County, SD",Q1: Least vulnerable,FALSE,0.24855
46102,SD,"Oglala Lakota County, SD",6437,0,0.255709181,0.744290819,0.961,0.96,13695,0.9545,0.9987,0.2494,0.9981,0.9332,"Oglala Lakota County, SD",Q4: Most vulnerable,TRUE,0.9572499999999999
46103,SD,"Pennington County, SD",55008,0.274723677,0.325970768,0.399305556,0.845,0.835,110386,0.5539,0.3917,0.4349,0.5488,0.8053,"Pennington County, SD",Q3,FALSE,0.69445
46105,SD,"Perkins County, SD",6278,0.001115005,0.219655941,0.779229054,0.652,0.662,2970,0.3417,0.2211,0.4938,0.0379,0.7003,"Perkins County, SD",Q2,FALSE,0.50185
46107,SD,"Potter County, SD",5554,0.064818149,0.362621534,0.572560317,0.621,0.71,2587,0.0296,0.0356,0.0633,0.2164,0.1184,"Potter County, SD",Q1: Least vulnerable,FALSE,0.36979999999999996
46109,SD,"Roberts County, SD",12677,0.296915674,0.057742368,0.645341958,0.486,0.552,10242,0.6694,0.6481,0.5345,0.8291,0.5695,"Roberts County, SD",Q3,FALSE,0.6107
46111,SD,"Sanborn County, SD",4607,0.111786412,0.075754287,0.812459301,0.54,0.556,2373,0.167,0.1457,0.2768,0.1339,0.3662,"Sanborn County, SD",Q1: Least vulnerable,FALSE,0.36150000000000004
46115,SD,"Spink County, SD",10890,0.234435262,0.110835629,0.654729109,0.428,0.437,6355,0.1381,0.1155,0.336,0.1861,0.2587,"Spink County, SD",Q1: Least vulnerable,FALSE,0.28755
46117,SD,"Stanley County, SD",3342,0.014961101,0.44314781600000003,0.541891083,0.628,0.66,2979,0.0452,0.0108,0.0579,0.3217,0.3213,"Stanley County, SD",Q1: Least vulnerable,FALSE,0.3526
46119,SD,"Sully County, SD",3870,0.327906977,0.079328165,0.592764858,0.529,0.619,1318,0.027,0.0312,0.2234,0.2062,0.042,"Sully County, SD",Q1: Least vulnerable,FALSE,0.323
46121,SD,"Todd County, SD",5332,0,0.277944486,0.722055514,0.847,0.86,9353,0.9475,0.9605,0.3026,0.9971,0.9914,"Todd County, SD",Q4: Most vulnerable,TRUE,0.90375
46123,SD,"Tripp County, SD",8785,0.071826978,0.217074559,0.711098463,0.599,0.657,5607,0.6236,0.6997,0.4753,0.5352,0.5472,"Tripp County, SD",Q3,FALSE,0.6403000000000001
46125,SD,"Turner County, SD",13339,0.437963865,0.004573056,0.557463078,0.252,0.271,8687,0.0725,0.0853,0.4693,0.0579,0.078,"Turner County, SD",Q1: Least vulnerable,FALSE,0.17175
46127,SD,"Union County, SD",12648,0.507669197,0.123181531,0.369149273,0.479,0.553,16700,0.0627,0.0455,0.3726,0.314,0.076,"Union County, SD",Q1: Least vulnerable,FALSE,0.30785
46129,SD,"Walworth County, SD",7056,0.180839002,0.327947846,0.491213152,0.627,0.715,5317,0.5024,0.4088,0.378,0.5444,0.672,"Walworth County, SD",Q3,FALSE,0.6087
46135,SD,"Yankton County, SD",16877,0.408721929,0.111631214,0.479646857,0.429,0.457,23311,0.2014,0.062,0.1903,0.3563,0.7019,"Yankton County, SD",Q1: Least vulnerable,FALSE,0.3292
46137,SD,"Ziebach County, SD",2879,0.038555054,0.215352553,0.746092393,0.694,0.7,2455,0.8842,0.9351,0.1527,0.9745,0.971,"Ziebach County, SD",Q4: Most vulnerable,FALSE,0.7921
47001,TN,"Anderson County, TN",42556,0.015344487,0.319061942,0.665593571,0.805,0.761,77337,0.6363,0.6083,0.7397,0.3649,0.5972,"Anderson County, TN",Q3,FALSE,0.69865
47003,TN,"Bedford County, TN",33927,0.126595337,0.119020249,0.754384414,0.227,0.209,50533,0.7261,0.7429,0.8692,0.6045,0.4003,"Bedford County, TN",Q3,FALSE,0.46754999999999997
47005,TN,"Benton County, TN",13416,0.003801431,0.06738223,0.928816339,0.385,0.362,15933,0.4508,0.7156,0.5081,0.2323,0.1696,"Benton County, TN",Q2,FALSE,0.4064
47007,TN,"Bledsoe County, TN",12325,0,0.076267748,0.923732252,0.81,0.765,14816,0.6997,0.8823,0.1849,0.3723,0.755,"Bledsoe County, TN",Q3,FALSE,0.7323500000000001
47009,TN,"Blount County, TN",76006,0.103083967,0.225640081,0.671275952,0.847,0.829,135951,0.2313,0.293,0.168,0.2914,0.342,"Blount County, TN",Q1: Least vulnerable,FALSE,0.53015
47011,TN,"Bradley County, TN",54035,0.136689183,0.194744147,0.66856667,0.666,0.607,108859,0.6726,0.6898,0.7108,0.4556,0.5647,"Bradley County, TN",Q3,FALSE,0.6397999999999999
47013,TN,"Campbell County, TN",28073,0.007622983,0.279450005,0.712927012,0.859,0.819,39397,0.7143,0.896,0.4629,0.021,0.7213,"Campbell County, TN",Q3,FALSE,0.76665
47015,TN,"Cannon County, TN",12723,0,0.119940266,0.880059734,0.251,0.229,14481,0.2739,0.4795,0.3417,0.1572,0.1664,"Cannon County, TN",Q2,FALSE,0.25145
47017,TN,"Carroll County, TN",22126,0.005785049,0.139067161,0.85514779,0.346,0.327,28381,0.5457,0.58,0.5584,0.4537,0.475,"Carroll County, TN",Q3,FALSE,0.43635
47019,TN,"Carter County, TN",36606,0.002622521,0.228159318,0.769218161,0.718,0.694,56315,0.6666,0.8301,0.5838,0.1572,0.553,"Carter County, TN",Q3,FALSE,0.6802999999999999
47021,TN,"Cheatham County, TN",23513,0.001403479,0.070896951,0.92769957,0.29,0.266,41184,0.1995,0.272,0.2749,0.2816,0.1947,"Cheatham County, TN",Q1: Least vulnerable,FALSE,0.23275
47023,TN,"Chester County, TN",11136,0,0.139188218,0.860811782,0.416,0.39,17392,0.4553,0.6968,0.1387,0.4378,0.3665,"Chester County, TN",Q2,FALSE,0.42264999999999997
47025,TN,"Claiborne County, TN",26047,0.001727646,0.129266326,0.869006028,0.864,0.819,32092,0.5619,0.8269,0.2415,0.0627,0.5641,"Claiborne County, TN",Q3,FALSE,0.69045
47027,TN,"Clay County, TN",8581,0.002214194,0.07936138,0.918424426,0.335,0.304,7592,0.6605,0.6599,0.9472,0.1037,0.4617,"Clay County, TN",Q3,FALSE,0.48224999999999996
47029,TN,"Cocke County, TN",27597,3.62358e-4,0.154038482,0.845599159,0.76,0.73,36186,0.7369,0.9287,0.8807,0.182,0.2759,"Cocke County, TN",Q3,FALSE,0.7334499999999999
47031,TN,"Coffee County, TN",35999,0.004583461,0.318036612,0.677379927,0.376,0.344,58080,0.6411,0.6354,0.9243,0.3847,0.3382,"Coffee County, TN",Q3,FALSE,0.49255
47033,TN,"Crockett County, TN",10630,0.315428034,0.096142992,0.588428975,0.176,0.172,13955,0.7203,0.6045,0.9733,0.6424,0.349,"Crockett County, TN",Q3,FALSE,0.44615000000000005
47035,TN,"Cumberland County, TN",43880,0.014813127,0.115314494,0.869872379,0.778,0.728,61552,0.3506,0.595,0.2918,0.1094,0.245,"Cumberland County, TN",Q2,FALSE,0.5393
47037,TN,"Davidson County, TN",237866,0.411366063,0.210273852,0.378360085,0.194,0.182,709786,0.7171,0.7054,0.2794,0.825,0.8027,"Davidson County, TN",Q3,FALSE,0.44955
47039,TN,"Decatur County, TN",10656,0.018674925,0.095908408,0.885416667,0.427,0.396,11483,0.4496,0.762,0.1289,0.2485,0.3548,"Decatur County, TN",Q2,FALSE,0.4228
47041,TN,"DeKalb County, TN",15215,0.024318107,0.128557345,0.847124548,0.298,0.268,20209,0.8018,0.8988,0.6204,0.3802,0.7388,"DeKalb County, TN",Q4: Most vulnerable,FALSE,0.5348999999999999
47043,TN,"Dickson County, TN",32524,1.22986e-4,0.098327389,0.901549625,0.36,0.33,54563,0.2316,0.3143,0.3233,0.3484,0.1801,"Dickson County, TN",Q1: Least vulnerable,FALSE,0.2808
47045,TN,"Dyer County, TN",22228,0.408853698,0.075355408,0.515790894,0.168,0.161,36818,0.6335,0.7063,0.8832,0.552,0.2129,"Dyer County, TN",Q3,FALSE,0.39725
47047,TN,"Fayette County, TN",26310,0.004066895,0.185632839,0.810300266,0.601,0.564,42228,0.3668,0.3388,0.5294,0.7066,0.2097,"Fayette County, TN",Q2,FALSE,0.4654
47049,TN,"Fentress County, TN",16750,5.9701e-5,0.05319403,0.946746269,0.792,0.743,18642,0.4413,0.7203,0.5107,0.0407,0.1998,"Fentress County, TN",Q2,FALSE,0.59215
47051,TN,"Franklin County, TN",32275,0.124430674,0.08622773,0.789341596,0.518,0.474,42980,0.4219,0.4407,0.5409,0.363,0.3672,"Franklin County, TN",Q2,FALSE,0.44794999999999996
47053,TN,"Gibson County, TN",33271,0.221484175,0.15451895,0.623996874,0.211,0.207,50455,0.7833,0.7286,0.8848,0.5927,0.6233,"Gibson County, TN",Q4: Most vulnerable,FALSE,0.49515
47055,TN,"Giles County, TN",26463,0.002116162,0.134111779,0.863772059,0.31,0.278,30317,0.4524,0.4897,0.4235,0.4779,0.4022,"Giles County, TN",Q2,FALSE,0.3652
47057,TN,"Grainger County, TN",21134,0.007381471,0.074382512,0.918236018,0.759,0.704,23648,0.6128,0.8295,0.5727,0.1508,0.4136,"Grainger County, TN",Q3,FALSE,0.6584
47059,TN,"Greene County, TN",56444,0.010647722,0.112819786,0.876532492,0.735,0.677,70399,0.615,0.6468,0.6882,0.2109,0.6064,"Greene County, TN",Q3,FALSE,0.646
47061,TN,"Grundy County, TN",11148,0,0.063240043,0.936759957,0.767,0.721,13550,0.5192,0.8247,0.427,0.0579,0.2743,"Grundy County, TN",Q3,FALSE,0.6201
47063,TN,"Hamblen County, TN",34420,0.044421848,0.271266705,0.684311447,0.658,0.592,64531,0.8591,0.8851,0.9698,0.5237,0.5116,"Hamblen County, TN",Q4: Most vulnerable,FALSE,0.7255499999999999
47065,TN,"Hamilton County, TN",155711,0.2932805,0.171221044,0.535498455,0.731,0.678,367193,0.5635,0.4769,0.553,0.6634,0.5822,"Hamilton County, TN",Q3,FALSE,0.62075
47067,TN,"Hancock County, TN",7612,0,0.052679979,0.947320021,0.838,0.79,6726,0.8419,0.9621,0.6424,0.015,0.8492,"Hancock County, TN",Q4: Most vulnerable,TRUE,0.81595
47069,TN,"Hardeman County, TN",17113,6.42786e-4,0.157716356,0.841640858,0.575,0.539,25519,0.8871,0.9695,0.6303,0.8447,0.6837,"Hardeman County, TN",Q4: Most vulnerable,FALSE,0.71305
47071,TN,"Hardin County, TN",21322,0.008864084,0.179579777,0.811556139,0.53,0.49,26824,0.503,0.6799,0.5562,0.2536,0.2892,"Hardin County, TN",Q3,FALSE,0.4965
47073,TN,"Hawkins County, TN",43740,0.001760402,0.141563786,0.856675812,0.756,0.701,57107,0.5555,0.7458,0.5978,0.0932,0.4178,"Hawkins County, TN",Q3,FALSE,0.62825
47075,TN,"Haywood County, TN",11473,0.406955461,0.081931491,0.511113048,0.243,0.231,17806,0.8883,0.9815,0.8536,0.9001,0.3764,"Haywood County, TN",Q4: Most vulnerable,FALSE,0.55965
47077,TN,"Henderson County, TN",19443,9.77215e-4,0.10471635,0.894306434,0.39,0.364,27845,0.6274,0.6958,0.7022,0.3917,0.4633,"Henderson County, TN",Q3,FALSE,0.4957
47079,TN,"Henry County, TN",27765,0.004321988,0.162650819,0.833027193,0.339,0.321,32305,0.6118,0.6284,0.7009,0.3939,0.5205,"Henry County, TN",Q3,FALSE,0.46640000000000004
47081,TN,"Hickman County, TN",16875,0,0.036207407,0.963792593,0.398,0.367,24996,0.4181,0.5253,0.1845,0.3016,0.5278,"Hickman County, TN",Q2,FALSE,0.39255
47083,TN,"Houston County, TN",6906,0.002751231,0.03924124,0.95800753,0.372,0.343,8253,0.3847,0.5676,0.3974,0.2485,0.2313,"Houston County, TN",Q2,FALSE,0.36385
47085,TN,"Humphreys County, TN",15177,0.002042564,0.109969032,0.887988404,0.389,0.361,19032,0.3735,0.7569,0.1619,0.2733,0.1457,"Humphreys County, TN",Q2,FALSE,0.36724999999999997
47087,TN,"Jackson County, TN",10074,9.92654e-4,0.044669446,0.9543379,0.278,0.254,11730,0.7035,0.7614,0.699,0.1339,0.7105,"Jackson County, TN",Q3,FALSE,0.47875
47089,TN,"Jefferson County, TN",38269,0.018004129,0.141080248,0.840915624,0.672,0.605,55017,0.4954,0.5008,0.734,0.2485,0.391,"Jefferson County, TN",Q2,FALSE,0.5502
47091,TN,"Johnson County, TN",15567,0.00456093,0.041819233,0.953619837,0.704,0.67,17982,0.6882,0.6904,0.4165,0.2733,0.8925,"Johnson County, TN",Q3,FALSE,0.6791
47093,TN,"Knox County, TN",204644,0.385156662,0.173056625,0.441786713,0.7,0.638,481406,0.3738,0.3793,0.1871,0.5094,0.5215,"Knox County, TN",Q2,FALSE,0.5059
47095,TN,"Lake County, TN",3473,0.591419522,0.094442845,0.314137633,0.163,0.163,6898,0.9345,0.9539,0.3818,0.7146,0.9933,"Lake County, TN",Q4: Most vulnerable,FALSE,0.54875
47097,TN,"Lauderdale County, TN",15021,0.1971906,0.123427202,0.679382198,0.229,0.222,25171,0.9246,0.9294,0.8505,0.7951,0.826,"Lauderdale County, TN",Q4: Most vulnerable,FALSE,0.5733
47099,TN,"Lawrence County, TN",32557,0.048714562,0.14393218,0.807353257,0.413,0.379,44377,0.7391,0.8616,0.875,0.1985,0.4454,"Lawrence County, TN",Q3,FALSE,0.55905
47101,TN,"Lewis County, TN",9322,0,0.116391332,0.883608668,0.421,0.389,12637,0.5288,0.8393,0.2612,0.2062,0.335,"Lewis County, TN",Q3,FALSE,0.45890000000000003
47103,TN,"Lincoln County, TN",29499,0.001966168,0.146038849,0.851994983,0.219,0.201,35365,0.3726,0.4321,0.5167,0.42,0.2354,"Lincoln County, TN",Q2,FALSE,0.2868
47105,TN,"Loudon County, TN",33420,0.060891682,0.287372831,0.651735488,0.71,0.647,55507,0.1715,0.2447,0.3646,0.3961,0.0894,"Loudon County, TN",Q1: Least vulnerable,FALSE,0.40925
47107,TN,"McMinn County, TN",37200,8.60215e-4,0.210349462,0.788790323,0.725,0.669,53532,0.5705,0.6115,0.6112,0.377,0.5062,"McMinn County, TN",Q3,FALSE,0.61975
47109,TN,"McNairy County, TN",18681,2.14121e-4,0.078314865,0.921471013,0.549,0.51,25895,0.3404,0.7073,0.2008,0.3166,0.1129,"McNairy County, TN",Q2,FALSE,0.4252
47111,TN,"Macon County, TN",20118,0,0.081121384,0.918878616,0.227,0.211,25365,0.5686,0.7404,0.6752,0.2781,0.3035,"Macon County, TN",Q3,FALSE,0.3898
47113,TN,"Madison County, TN",49716,0.23111272,0.146109904,0.622777375,0.323,0.303,98644,0.8969,0.8708,0.8568,0.8365,0.783,"Madison County, TN",Q4: Most vulnerable,FALSE,0.59995
47115,TN,"Marion County, TN",19352,0.00170525,0.208298884,0.789995866,0.793,0.747,28852,0.4951,0.7044,0.5087,0.2536,0.2692,"Marion County, TN",Q2,FALSE,0.62105
47117,TN,"Marshall County, TN",23910,0.027227102,0.108657465,0.864115433,0.213,0.197,34567,0.3513,0.5422,0.4438,0.4416,0.1155,"Marshall County, TN",Q2,FALSE,0.27415
47119,TN,"Maury County, TN",53270,0.111376009,0.164726863,0.723897128,0.287,0.262,102002,0.2214,0.2708,0.2969,0.5581,0.1486,"Maury County, TN",Q1: Least vulnerable,FALSE,0.24170000000000003
47121,TN,"Meigs County, TN",10498,0.013335873,0.050866832,0.935797295,0.716,0.661,12839,0.4881,0.7776,0.216,0.2733,0.3369,"Meigs County, TN",Q2,FALSE,0.57455
47123,TN,"Monroe County, TN",34206,0.002777291,0.160439689,0.836783021,0.849,0.821,46489,0.7569,0.8266,0.854,0.3535,0.4957,"Monroe County, TN",Q4: Most vulnerable,TRUE,0.78895
47125,TN,"Montgomery County, TN",86632,0.12605042,0.271089205,0.602860375,0.265,0.24,222305,0.5997,0.5183,0.7801,0.7706,0.3793,"Montgomery County, TN",Q3,FALSE,0.41985
47127,TN,"Moore County, TN",6422,0.001090003,0.059171598,0.939738399,0.261,0.234,6558,0.2262,0.5151,0.1884,0.1928,0.1072,"Moore County, TN",Q1: Least vulnerable,FALSE,0.23010000000000003
47129,TN,"Morgan County, TN",14885,6.7182e-5,0.065233456,0.934699362,0.828,0.78,21124,0.6122,0.8727,0.1483,0.2692,0.6192,"Morgan County, TN",Q3,FALSE,0.6960999999999999
47131,TN,"Obion County, TN",22320,0.341756272,0.090905018,0.56733871,0.193,0.186,30670,0.6064,0.658,0.7878,0.5269,0.3118,"Obion County, TN",Q3,FALSE,0.3962
47133,TN,"Overton County, TN",19272,0,0.085875882,0.914124118,0.568,0.525,22576,0.252,0.5011,0.3064,0.0337,0.1479,"Overton County, TN",Q2,FALSE,0.3885
47135,TN,"Perry County, TN",7212,0.014143095,0.071131448,0.914725458,0.422,0.391,8432,0.4677,0.8715,0.2227,0.2536,0.1553,"Perry County, TN",Q2,FALSE,0.42935
47137,TN,"Pickett County, TN",6573,0.001673513,0.068614027,0.92971246,0.629,0.589,5042,0.3283,0.5864,0.2421,0.0455,0.2765,"Pickett County, TN",Q2,FALSE,0.45865
47139,TN,"Polk County, TN",13881,7.20409e-4,0.066133564,0.933146027,0.852,0.828,17620,0.5157,0.7534,0.1836,0.265,0.497,"Polk County, TN",Q3,FALSE,0.6718500000000001
47141,TN,"Putnam County, TN",41915,0.093546463,0.167839676,0.738613861,0.51,0.47,80157,0.5536,0.7108,0.2564,0.3748,0.5743,"Putnam County, TN",Q3,FALSE,0.5118
47143,TN,"Rhea County, TN",22314,0.01057632,0.213543067,0.775880613,0.752,0.703,33031,0.7238,0.7671,0.8721,0.3535,0.4734,"Rhea County, TN",Q3,FALSE,0.7134
47145,TN,"Roane County, TN",35445,0.019382141,0.253914515,0.726703343,0.756,0.698,53777,0.3083,0.405,0.2189,0.2399,0.4098,"Roane County, TN",Q2,FALSE,0.50315
47147,TN,"Robertson County, TN",44409,0.043347069,0.183633948,0.773018983,0.152,0.144,73297,0.279,0.3834,0.4591,0.504,0.1075,"Robertson County, TN",Q2,FALSE,0.21150000000000002
47149,TN,"Rutherford County, TN",129417,0.33799269,0.215458556,0.446548753,0.187,0.175,343727,0.4267,0.363,0.5657,0.699,0.3003,"Rutherford County, TN",Q2,FALSE,0.30085
47151,TN,"Scott County, TN",15140,0,0.121532365,0.878467635,0.849,0.808,21917,0.7388,0.9685,0.9077,0.0073,0.2141,"Scott County, TN",Q3,FALSE,0.7734000000000001
47153,TN,"Sequatchie County, TN",9990,0,0.118618619,0.881381381,0.825,0.78,16065,0.504,0.6732,0.7903,0.1928,0.1759,"Sequatchie County, TN",Q3,FALSE,0.642
47155,TN,"Sevier County, TN",63432,0.001592256,0.198779796,0.799627948,0.802,0.789,98455,0.566,0.5902,0.6831,0.342,0.4817,"Sevier County, TN",Q3,FALSE,0.6775
47157,TN,"Shelby County, TN",365705,0.61264954,0.162538111,0.224812349,0.436,0.407,926440,0.8708,0.8976,0.7827,0.944,0.6297,"Shelby County, TN",Q4: Most vulnerable,FALSE,0.6389
47159,TN,"Smith County, TN",15437,0.001036471,0.101638919,0.89732461,0.218,0.2,20034,0.4146,0.4718,0.5542,0.2692,0.3258,"Smith County, TN",Q2,FALSE,0.3073
47161,TN,"Stewart County, TN",11614,0.003616325,0.033321853,0.963061822,0.355,0.328,13724,0.3885,0.3592,0.539,0.2854,0.4324,"Stewart County, TN",Q2,FALSE,0.35825
47163,TN,"Sullivan County, TN",90039,0.123590888,0.245482513,0.630926598,0.621,0.569,158722,0.4839,0.6761,0.4283,0.1861,0.364,"Sullivan County, TN",Q2,FALSE,0.52645
47165,TN,"Sumner County, TN",90233,0.162534771,0.176421043,0.661044186,0.163,0.147,196845,0.2927,0.3032,0.4136,0.5094,0.2396,"Sumner County, TN",Q2,FALSE,0.21985
47167,TN,"Tipton County, TN",32565,0.161523108,0.143681867,0.694795025,0.231,0.225,61116,0.4158,0.4963,0.7121,0.615,0.0948,"Tipton County, TN",Q2,FALSE,0.3204
47169,TN,"Trousdale County, TN",7256,1.37817e-4,0.090270121,0.909592062,0.206,0.189,11596,0.2157,0.4734,0.0073,0.4973,0.3917,"Trousdale County, TN",Q1: Least vulnerable,FALSE,0.20235
47171,TN,"Unicoi County, TN",12244,0,0.310192747,0.689807253,0.758,0.727,17845,0.5371,0.6939,0.5689,0.2364,0.3834,"Unicoi County, TN",Q3,FALSE,0.63205
47173,TN,"Union County, TN",15426,0.006417736,0.081291326,0.912290937,0.822,0.77,19860,0.3783,0.6338,0.3952,0.0474,0.2199,"Union County, TN",Q2,FALSE,0.57415
47175,TN,"Van Buren County, TN",5463,0.002013546,0.02782354,0.970162914,0.773,0.726,6182,0.623,0.7359,0.3462,0.0474,0.8183,"Van Buren County, TN",Q3,FALSE,0.6745
47177,TN,"Warren County, TN",27450,0.031766849,0.167613843,0.800619308,0.547,0.498,41163,0.7805,0.7117,0.9529,0.4518,0.5819,"Warren County, TN",Q4: Most vulnerable,FALSE,0.63925
47179,TN,"Washington County, TN",67390,0.092817926,0.192075976,0.715106099,0.698,0.653,133282,0.5857,0.6067,0.2895,0.3697,0.7868,"Washington County, TN",Q3,FALSE,0.6193500000000001
47181,TN,"Wayne County, TN",13254,0.004074242,0.1084201,0.887505659,0.491,0.452,16325,0.7474,0.7576,0.4375,0.3248,0.9195,"Wayne County, TN",Q3,FALSE,0.5997
47183,TN,"Weakley County, TN",24041,0.154943638,0.109354852,0.73570151,0.249,0.239,32946,0.608,0.6376,0.4833,0.4165,0.6484,"Weakley County, TN",Q3,FALSE,0.4235
47185,TN,"White County, TN",19605,6.12089e-4,0.11303239,0.886355522,0.58,0.54,27420,0.5154,0.874,0.3112,0.1696,0.2195,"White County, TN",Q3,FALSE,0.5277000000000001
47187,TN,"Williamson County, TN",95034,0.140297157,0.276185365,0.583517478,0.25,0.228,248897,0.0165,0.0032,0.1352,0.4779,0.0382,"Williamson County, TN",Q1: Least vulnerable,FALSE,0.12225
47189,TN,"Wilson County, TN",72972,0.068313874,0.23265088,0.699035246,0.189,0.176,149096,0.175,0.139,0.4696,0.4932,0.1381,"Wilson County, TN",Q1: Least vulnerable,FALSE,0.1755
48001,TX,"Anderson County, TX",30916,0.055537586,0.196791305,0.747671109,0.719,0.689,58077,0.896,0.7862,0.5428,0.8129,0.9943,"Anderson County, TX",Q4: Most vulnerable,FALSE,0.7925
48003,TX,"Andrews County, TX",11956,0.00100368,0.504432921,0.494563399,0.86,0.816,18362,0.6834,0.7254,0.608,0.9259,0.3853,"Andrews County, TX",Q3,FALSE,0.7497
48005,TX,"Angelina County, TX",49371,0.121468068,0.221425533,0.657106398,0.668,0.655,86608,0.9917,0.9386,0.9876,0.7916,0.9656,"Angelina County, TX",Q4: Most vulnerable,FALSE,0.82335
48007,TX,"Aransas County, TX",17682,0.469460468,0.16429137,0.366248162,0.848,0.827,24048,0.7614,0.7849,0.3952,0.714,0.7865,"Aransas County, TX",Q4: Most vulnerable,TRUE,0.7942
48009,TX,"Archer County, TX",10083,0.048795001,0.367152633,0.584052365,0.963,0.963,8649,0.2657,0.3843,0.7531,0.3748,0.035,"Archer County, TX",Q2,FALSE,0.61435
48011,TX,"Armstrong County, TX",2442,0.002047502,0.336609337,0.661343161,0.969,0.969,1912,0.0865,0.0643,0.56,0.3802,0.0458,"Armstrong County, TX",Q1: Least vulnerable,FALSE,0.5277499999999999
48013,TX,"Atascosa County, TX",33376,0.003655321,0.294942474,0.701402205,0.8,0.796,49403,0.8664,0.8279,0.8349,0.9551,0.6707,"Atascosa County, TX",Q4: Most vulnerable,TRUE,0.8311999999999999
48015,TX,"Austin County, TX",27328,2.56148e-4,0.158335773,0.84140808,0.672,0.642,30406,0.7133,0.5991,0.8877,0.7821,0.4547,"Austin County, TX",Q3,FALSE,0.6776500000000001
48017,TX,"Bailey County, TX",5324,0.08527423,0.513148009,0.401577761,0.974,0.965,6902,0.7843,0.4712,0.9138,0.966,0.7792,"Bailey County, TX",Q4: Most vulnerable,TRUE,0.8746499999999999
48019,TX,"Bandera County, TX",22448,0.010334996,0.091143977,0.898521026,0.811,0.826,21182,0.5899,0.5838,0.6519,0.6198,0.44,"Bandera County, TX",Q3,FALSE,0.70795
48021,TX,"Bastrop County, TX",55639,4.31352e-4,0.150110534,0.849458114,0.634,0.622,98435,0.7566,0.7276,0.5517,0.8791,0.6872,"Bastrop County, TX",Q4: Most vulnerable,FALSE,0.6893
48023,TX,"Baylor County, TX",4878,0.113776138,0.522140221,0.364083641,0.888,0.901,3475,0.462,0.5358,0.5313,0.525,0.2647,"Baylor County, TX",Q2,FALSE,0.6815
48025,TX,"Bee County, TX",17911,0.163307465,0.217910781,0.618781754,0.779,0.766,30977,0.9166,0.9507,0.4098,0.9599,0.9329,"Bee County, TX",Q4: Most vulnerable,TRUE,0.8412999999999999
48027,TX,"Bell County, TX",144765,0.383559562,0.253935689,0.362504749,0.699,0.723,372821,0.937,0.8871,0.8861,0.9033,0.881,"Bell County, TX",Q4: Most vulnerable,FALSE,0.8300000000000001
48029,TX,"Bexar County, TX",703338,0.643272509,0.177300245,0.179427246,0.629,0.64,2014059,0.9192,0.8995,0.8635,0.972,0.7712,"Bexar County, TX",Q4: Most vulnerable,FALSE,0.7796000000000001
48031,TX,"Blanco County, TX",13010,9.22367e-4,0.104304381,0.894773251,0.788,0.801,11608,0.2339,0.3999,0.2593,0.615,0.0694,"Blanco County, TX",Q1: Least vulnerable,FALSE,0.51745
48033,TX,"Borden County, TX",1564,0.04028133,0.111892583,0.847826087,0.915,0.929,686,0.0267,6e-4,0.1311,0.4932,0.1193,"Borden County, TX",Q1: Least vulnerable,FALSE,0.47785
48035,TX,"Bosque County, TX",20327,0.001623456,0.230235647,0.768140896,0.914,0.929,18404,0.5794,0.4919,0.7964,0.5994,0.4356,"Bosque County, TX",Q3,FALSE,0.7542
48037,TX,"Bowie County, TX",54226,0.219304393,0.266366688,0.51432892,0.707,0.668,92747,0.8766,0.7413,0.7114,0.7585,0.9768,"Bowie County, TX",Q4: Most vulnerable,FALSE,0.7723
48039,TX,"Brazoria County, TX",166858,0.41528725,0.171253401,0.413459349,0.861,0.825,374600,0.6519,0.4588,0.5966,0.9007,0.7245,"Brazoria County, TX",Q3,FALSE,0.73845
48041,TX,"Brazos County, TX",77848,0.327856849,0.328434899,0.343708252,0.629,0.602,234548,0.804,0.8368,0.1464,0.8377,0.9392,"Brazos County, TX",Q4: Most vulnerable,FALSE,0.7030000000000001
48043,TX,"Brewster County, TX",9865,0,0.360263558,0.639736442,0.884,0.888,9454,0.6478,0.5352,0.4168,0.8603,0.7359,"Brewster County, TX",Q3,FALSE,0.7679
48045,TX,"Briscoe County, TX",2593,0.101426919,0.274971076,0.623602005,0.962,0.968,1290,0.5479,0.8587,0.8072,0.8101,0.008,"Briscoe County, TX",Q3,FALSE,0.75795
48047,TX,"Brooks County, TX",5640,0,0.349822695,0.650177305,0.856,0.842,7059,0.9163,0.9014,0.8377,0.9965,0.7687,"Brooks County, TX",Q4: Most vulnerable,TRUE,0.87915
48049,TX,"Brown County, TX",32742,0.025227536,0.320108729,0.654663735,0.868,0.863,38159,0.9135,0.742,0.9631,0.6701,0.943,"Brown County, TX",Q4: Most vulnerable,TRUE,0.88825
48051,TX,"Burleson County, TX",18503,0.002377993,0.178403502,0.819218505,0.584,0.566,17958,0.5049,0.4034,0.5399,0.7436,0.4664,"Burleson County, TX",Q3,FALSE,0.53545
48053,TX,"Burnet County, TX",38436,0.066109897,0.224633156,0.709256947,0.814,0.824,49684,0.5819,0.4986,0.6911,0.6437,0.5046,"Burnet County, TX",Q3,FALSE,0.70295
48055,TX,"Caldwell County, TX",26334,0.016480595,0.20148857,0.782030835,0.647,0.644,46141,0.8956,0.7299,0.7442,0.9364,0.9745,"Caldwell County, TX",Q4: Most vulnerable,FALSE,0.7698
48057,TX,"Calhoun County, TX",18077,0.277590308,0.374675001,0.34773469,0.831,0.814,20127,0.72,0.3605,0.9675,0.9163,0.6007,"Calhoun County, TX",Q3,FALSE,0.7669999999999999
48059,TX,"Callahan County, TX",14025,0.006987522,0.215472371,0.777540107,0.883,0.889,13869,0.2956,0.4155,0.5444,0.4699,0.0929,"Callahan County, TX",Q2,FALSE,0.5923
48061,TX,"Cameron County, TX",153037,0.606689885,0.150787065,0.24252305,0.757,0.784,421854,0.9844,0.9895,0.9163,0.9962,0.8317,"Cameron County, TX",Q4: Most vulnerable,TRUE,0.8842000000000001
48063,TX,"Camp County, TX",9754,0.008816896,0.267377486,0.723805618,0.673,0.649,12543,0.917,0.9163,0.9927,0.8492,0.4458,"Camp County, TX",Q4: Most vulnerable,FALSE,0.783
48065,TX,"Carson County, TX",6339,0.300362833,0.229373718,0.470263448,0.986,0.98,5801,0.083,0.0888,0.2151,0.4636,0.0945,"Carson County, TX",Q1: Least vulnerable,FALSE,0.5315
48067,TX,"Cass County, TX",24102,2.07452e-4,0.205460128,0.794332421,0.646,0.624,28637,0.8619,0.8396,0.9663,0.6045,0.5644,"Cass County, TX",Q4: Most vulnerable,FALSE,0.74295
48069,TX,"Castro County, TX",7041,0.513421389,0.073569095,0.413009516,0.877,0.875,7381,0.7801,0.7315,0.7716,0.9583,0.5476,"Castro County, TX",Q4: Most vulnerable,TRUE,0.82755
48071,TX,"Chambers County, TX",27965,0.182692652,0.334274987,0.483032362,0.903,0.91,47037,0.4798,0.5663,0.5148,0.7391,0.1938,"Chambers County, TX",Q2,FALSE,0.6949000000000001
48073,TX,"Cherokee County, TX",35201,0.00562484,0.22860146,0.7657737,0.685,0.662,50824,0.9717,0.9306,0.9259,0.7941,0.9551,"Cherokee County, TX",Q4: Most vulnerable,FALSE,0.8168500000000001
48075,TX,"Childress County, TX",5016,0.008173844,0.601874003,0.389952153,0.84,0.859,6781,0.7178,0.9408,0.5759,0.867,0.1451,"Childress County, TX",Q3,FALSE,0.7884
48077,TX,"Clay County, TX",12700,0.011338583,0.270472441,0.718188976,0.955,0.948,10290,0.1772,0.161,0.602,0.363,0.1044,"Clay County, TX",Q1: Least vulnerable,FALSE,0.5626
48079,TX,"Cochran County, TX",2830,0.27844523,0.289399293,0.432155477,0.893,0.866,2529,0.938,0.9135,0.8928,0.9481,0.8005,"Cochran County, TX",Q4: Most vulnerable,TRUE,0.9019999999999999
48081,TX,"Coke County, TX",5632,0.00727983,0.279119318,0.713600852,0.95,0.949,3305,0.6379,0.6885,0.9287,0.6268,0.1715,"Coke County, TX",Q3,FALSE,0.79345
48083,TX,"Coleman County, TX",12170,0.00451931,0.325965489,0.669515201,0.88,0.881,7808,0.6449,0.692,0.9055,0.5994,0.2154,"Coleman County, TX",Q3,FALSE,0.76295
48085,TX,"Collin County, TX",341564,0.662277055,0.167353702,0.170369243,0.575,0.588,1079153,0.2997,0.2393,0.3598,0.8543,0.2358,"Collin County, TX",Q2,FALSE,0.44384999999999997
48087,TX,"Collingsworth County, TX",3646,0.041140976,0.458859024,0.5,0.956,0.954,2865,0.8498,0.6793,0.9984,0.7725,0.4913,"Collingsworth County, TX",Q4: Most vulnerable,TRUE,0.9018999999999999
48089,TX,"Colorado County, TX",22676,0.002734168,0.213970718,0.783295114,0.589,0.567,20582,0.7639,0.6214,0.6586,0.8352,0.7951,"Colorado County, TX",Q4: Most vulnerable,FALSE,0.66545
48091,TX,"Comal County, TX",84141,0.176632082,0.19826244,0.625105478,0.725,0.739,165201,0.2749,0.2374,0.37,0.7276,0.2189,"Comal County, TX",Q2,FALSE,0.50695
48093,TX,"Comanche County, TX",16447,5.47212e-4,0.193226728,0.806226059,0.869,0.869,13651,0.7267,0.7642,0.8772,0.7038,0.301,"Comanche County, TX",Q3,FALSE,0.79785
48095,TX,"Concho County, TX",4416,0.048913043,0.252943841,0.698143116,0.801,0.815,3235,0.7534,0.3936,0.9857,0.8403,0.6182,"Concho County, TX",Q4: Most vulnerable,TRUE,0.7842
48097,TX,"Cooke County, TX",31739,0.072844135,0.19720218,0.729953685,0.837,0.822,41860,0.6946,0.5453,0.8486,0.6287,0.6214,"Cooke County, TX",Q3,FALSE,0.7583
48099,TX,"Coryell County, TX",36304,0.0482316,0.420862715,0.530905685,0.861,0.871,82927,0.833,0.7757,0.7528,0.819,0.7626,"Coryell County, TX",Q4: Most vulnerable,TRUE,0.852
48101,TX,"Cottle County, TX",2141,9.34143e-4,0.482951892,0.516113965,0.924,0.945,1647,0.6732,0.6828,0.9294,0.7843,0.1864,"Cottle County, TX",Q3,FALSE,0.8090999999999999
48103,TX,"Crane County, TX",3492,0,0.646620848,0.353379152,0.766,0.754,4636,0.7092,0.4747,0.4012,0.9625,0.916,"Crane County, TX",Q3,FALSE,0.7316
48105,TX,"Crockett County, TX",4775,0,0.466387435,0.533612565,0.975,0.966,2949,0.4098,0.3745,0.7305,0.9141,0.0913,"Crockett County, TX",Q2,FALSE,0.6879
48107,TX,"Crosby County, TX",5436,0.505518764,0.087196468,0.407284768,0.843,0.857,5157,0.9504,0.8438,0.9997,0.9303,0.6048,"Crosby County, TX",Q4: Most vulnerable,TRUE,0.9037
48109,TX,"Culberson County, TX",2847,0,0.45486477,0.54513523,0.708,0.722,2181,0.8393,0.826,0.7986,0.9917,0.5527,"Culberson County, TX",Q4: Most vulnerable,FALSE,0.7806500000000001
48111,TX,"Dallam County, TX",6186,0.131910766,0.508729389,0.359359845,0.901,0.897,7165,0.6039,0.6637,0.2568,0.8842,0.5313,"Dallam County, TX",Q3,FALSE,0.7504500000000001
48113,TX,"Dallas County, TX",764962,0.791598798,0.064577064,0.143824138,0.504,0.493,2604053,0.8925,0.9271,0.7184,0.9685,0.7171,"Dallas County, TX",Q4: Most vulnerable,FALSE,0.69275
48115,TX,"Dawson County, TX",8943,0.724477245,0.032874874,0.242647881,0.704,0.752,12342,0.9876,0.9981,0.9338,0.9551,0.7709,"Dawson County, TX",Q4: Most vulnerable,TRUE,0.8698
48117,TX,"Deaf Smith County, TX",12384,0.583171835,0.057412791,0.359415375,0.905,0.906,18585,0.7245,0.6615,0.8206,0.9793,0.3885,"Deaf Smith County, TX",Q3,FALSE,0.81525
48119,TX,"Delta County, TX",5272,3.79363e-4,0.16483308,0.834787557,0.646,0.622,5278,0.3665,0.5985,0.4101,0.5597,0.0818,"Delta County, TX",Q2,FALSE,0.49424999999999997
48121,TX,"Denton County, TX",309676,0.484861597,0.275084282,0.240054121,0.727,0.725,914870,0.3796,0.3051,0.3684,0.825,0.3357,"Denton County, TX",Q2,FALSE,0.5523
48123,TX,"DeWitt County, TX",20364,0,0.278432528,0.721567472,0.651,0.634,19826,0.8441,0.7887,0.5418,0.8508,0.9096,"DeWitt County, TX",Q4: Most vulnerable,FALSE,0.73905
48125,TX,"Dickens County, TX",3149,0.01683074,0.293744046,0.689425214,0.918,0.934,1570,0.7588,0.8431,0.9446,0.7938,0.1508,"Dickens County, TX",Q4: Most vulnerable,TRUE,0.8464
48127,TX,"Dimmit County, TX",9452,0.032691494,0.411658908,0.555649598,0.697,0.733,8672,0.9994,0.9812,0.9971,0.994,0.9631,"Dimmit County, TX",Q4: Most vulnerable,FALSE,0.8662
48129,TX,"Donley County, TX",4622,2.16357e-4,0.349632194,0.65015145,0.979,0.972,3298,0.3353,0.4957,0.0608,0.5711,0.4006,"Donley County, TX",Q2,FALSE,0.65365
48131,TX,"Duval County, TX",11187,0,0.367480111,0.632519889,0.759,0.768,9960,0.9768,0.8925,0.9841,0.9936,0.9045,"Duval County, TX",Q4: Most vulnerable,TRUE,0.8724000000000001
48133,TX,"Eastland County, TX",19001,0.012051997,0.30003684,0.687911163,0.875,0.876,17812,0.8616,0.7467,0.9131,0.5679,0.8797,"Eastland County, TX",Q4: Most vulnerable,TRUE,0.8688
48135,TX,"Ector County, TX",84520,0.515073355,0.115073355,0.369853289,0.813,0.72,162300,0.9421,0.9364,0.7906,0.9618,0.8645,"Ector County, TX",Q4: Most vulnerable,FALSE,0.8310500000000001
48137,TX,"Edwards County, TX",5450,0,0.131743119,0.868256881,0.778,0.787,1380,0.6844,0.8492,0.8008,0.8756,0.1079,"Edwards County, TX",Q3,FALSE,0.7357
48139,TX,"Ellis County, TX",95728,0.128697978,0.258795755,0.612506268,0.67,0.679,195509,0.5695,0.4801,0.755,0.8171,0.3522,"Ellis County, TX",Q3,FALSE,0.62425
48141,TX,"El Paso County, TX",303832,0.491715817,0.376471208,0.131812976,0.324,0.325,863832,0.9825,0.9898,0.9182,0.992,0.8145,"El Paso County, TX",Q4: Most vulnerable,FALSE,0.65375
48143,TX,"Erath County, TX",32759,6.1052e-5,0.244177173,0.755761775,0.905,0.917,42788,0.7996,0.9061,0.1454,0.6316,0.9198,"Erath County, TX",Q4: Most vulnerable,TRUE,0.8583000000000001
48145,TX,"Falls County, TX",15493,0.046214419,0.291680114,0.662105467,0.538,0.537,17013,0.972,0.9803,0.5132,0.8734,0.992,"Falls County, TX",Q4: Most vulnerable,FALSE,0.7545
48147,TX,"Fannin County, TX",27966,0.002753343,0.207466209,0.789780448,0.646,0.632,36052,0.643,0.7047,0.3519,0.5759,0.6713,"Fannin County, TX",Q3,FALSE,0.6375
48149,TX,"Fayette County, TX",32572,0.002763109,0.150804372,0.846432519,0.545,0.527,24564,0.5234,0.3471,0.5883,0.6685,0.6185,"Fayette County, TX",Q3,FALSE,0.5252
48151,TX,"Fisher County, TX",5280,0.278977273,0.122537879,0.598484848,0.857,0.877,3680,0.4248,0.328,0.9644,0.7735,0.0433,"Fisher County, TX",Q2,FALSE,0.6509
48153,TX,"Floyd County, TX",6475,0.502393822,0.078610039,0.418996139,0.897,0.922,5386,0.7722,0.7865,0.9895,0.9405,0.1024,"Floyd County, TX",Q4: Most vulnerable,TRUE,0.8471
48155,TX,"Foard County, TX",1965,0.042239186,0.38524173,0.572519084,0.868,0.901,1075,0.6071,0.9335,0.4257,0.6936,0.0951,"Foard County, TX",Q3,FALSE,0.75405
48157,TX,"Fort Bend County, TX",291336,0.555104759,0.299324491,0.14557075,0.662,0.614,832607,0.4515,0.3824,0.5431,0.959,0.2393,"Fort Bend County, TX",Q2,FALSE,0.5327500000000001
48159,TX,"Franklin County, TX",9680,0.009917355,0.156301653,0.833780992,0.712,0.674,10445,0.3821,0.3863,0.79990000000000006,0.5797,0.0964,"Franklin County, TX",Q2,FALSE,0.52805
48161,TX,"Freestone County, TX",18611,0.00290151,0.238890978,0.758207512,0.738,0.712,19599,0.8088,0.6297,0.9418,0.7321,0.6917,"Freestone County, TX",Q4: Most vulnerable,FALSE,0.7604
48163,TX,"Frio County, TX",12397,0.037105751,0.371702831,0.591191417,0.832,0.829,18151,0.9698,0.832,0.8498,0.9876,0.9965,"Frio County, TX",Q4: Most vulnerable,TRUE,0.8994
48165,TX,"Gaines County, TX",15834,0.110774283,0.34716433,0.542061387,0.819,0.833,21523,0.6745,0.5985,0.7836,0.8403,0.4429,"Gaines County, TX",Q3,FALSE,0.7537499999999999
48167,TX,"Galveston County, TX",160260,0.592530887,0.206339698,0.201129415,0.871,0.886,350801,0.7378,0.7028,0.6172,0.8304,0.6551,"Galveston County, TX",Q3,FALSE,0.8119000000000001
48169,TX,"Garza County, TX",4636,0.027610009,0.459016393,0.513373598,0.938,0.946,5735,0.6984,0.8447,0.2456,0.9185,0.4925,"Garza County, TX",Q3,FALSE,0.8222
48171,TX,"Gillespie County, TX",29352,0,0.184825566,0.815174434,0.764,0.778,26953,0.6392,0.5472,0.6379,0.636,0.6513,"Gillespie County, TX",Q3,FALSE,0.7086
48173,TX,"Glasscock County, TX",2729,0.106632466,0.26016856,0.633198974,0.88,0.864,1068,0.2784,0.2536,0.5625,0.7366,0.1187,"Glasscock County, TX",Q2,FALSE,0.5711999999999999
48175,TX,"Goliad County, TX",8293,2.41167e-4,0.115036778,0.884722055,0.794,0.768,7092,0.5243,0.5033,0.574,0.8066,0.3198,"Goliad County, TX",Q3,FALSE,0.64615
48177,TX,"Gonzales County, TX",20821,0,0.225973776,0.774026224,0.641,0.629,19736,0.9087,0.6567,0.978,0.9195,0.8956,"Gonzales County, TX",Q4: Most vulnerable,FALSE,0.76885
48179,TX,"Gray County, TX",16348,0.285906533,0.450880842,0.263212625,0.993,0.988,21272,0.8645,0.9268,0.8346,0.7684,0.5593,"Gray County, TX",Q4: Most vulnerable,TRUE,0.92625
48181,TX,"Grayson County, TX",81611,0.050177059,0.302594013,0.647228927,0.69,0.689,137008,0.6888,0.5905,0.7989,0.6249,0.588,"Grayson County, TX",Q3,FALSE,0.6889
48183,TX,"Gregg County, TX",60577,0.361820493,0.384419829,0.253759678,0.574,0.567,124245,0.8731,0.7677,0.8444,0.8212,0.8565,"Gregg County, TX",Q4: Most vulnerable,FALSE,0.72005
48185,TX,"Grimes County, TX",24863,8.0441e-5,0.17254555,0.82737401,0.667,0.647,29442,0.8676,0.8377,0.7786,0.8008,0.7836,"Grimes County, TX",Q4: Most vulnerable,FALSE,0.7573000000000001
48187,TX,"Guadalupe County, TX",84694,0.385198479,0.119996694,0.494804827,0.633,0.628,173828,0.5256,0.3939,0.643,0.8797,0.4031,"Guadalupe County, TX",Q3,FALSE,0.5768
48189,TX,"Hale County, TX",20670,0.596129657,0.12191582,0.281954523,0.753,0.776,32525,0.9332,0.9176,0.8921,0.9532,0.7744,"Hale County, TX",Q4: Most vulnerable,TRUE,0.8546
48191,TX,"Hall County, TX",3736,0.008297645,0.531316916,0.460385439,0.894,0.909,2847,0.8689,0.8527,0.9943,0.8438,0.2969,"Hall County, TX",Q4: Most vulnerable,TRUE,0.88895
48193,TX,"Hamilton County, TX",11241,0,0.184325238,0.815674762,0.887,0.898,8244,0.6634,0.6029,0.9637,0.4763,0.314,"Hamilton County, TX",Q3,FALSE,0.7807
48195,TX,"Hansford County, TX",5229,0.589787722,0.06463951,0.345572767,0.89,0.885,5270,0.4836,0.6036,0.3859,0.8781,0.1839,"Hansford County, TX",Q2,FALSE,0.6843
48197,TX,"Hardeman County, TX",4523,0.00906478,0.521114305,0.469820915,0.849,0.885,3541,0.4222,0.3952,0.874,0.735,0.0668,"Hardeman County, TX",Q2,FALSE,0.6536
48199,TX,"Hardin County, TX",41984,5.00191e-4,0.246808308,0.752691502,0.809,0.78,56576,0.6465,0.5285,0.9017,0.4537,0.5256,"Hardin County, TX",Q3,FALSE,0.7132499999999999
48201,TX,"Harris County, TX",1476161,0.807673418,0.135361929,0.056964654000000003,0.616,0.582,4726177,0.9201,0.965,0.7458,0.9672,0.7089,"Harris County, TX",Q4: Most vulnerable,FALSE,0.75105
48203,TX,"Harrison County, TX",43087,0.037644765,0.314363961,0.647991273,0.599,0.589,69098,0.9036,0.7983,0.9602,0.7646,0.8008,"Harrison County, TX",Q4: Most vulnerable,FALSE,0.7463
48205,TX,"Hartley County, TX",4342,0.023030861,0.430677107,0.546292031,0.834,0.833,5369,0.4683,0.4458,0.1346,0.7843,0.6163,"Hartley County, TX",Q2,FALSE,0.65065
48207,TX,"Haskell County, TX",7780,0.319023136,0.155526992,0.525449871,0.813,0.834,5408,0.812,0.8829,0.8896,0.741,0.3563,"Haskell County, TX",Q4: Most vulnerable,TRUE,0.823
48209,TX,"Hays County, TX",101590,0.065577321,0.316665026,0.617757653,0.713,0.735,245351,0.6723,0.7089,0.1804,0.8673,0.7432,"Hays County, TX",Q3,FALSE,0.70365
48211,TX,"Hemphill County, TX",4866,0,0.373818331,0.626181669,0.998,0.994,3371,0.5577,0.3818,0.9033,0.7668,0.3182,"Hemphill County, TX",Q3,FALSE,0.7758499999999999
48213,TX,"Henderson County, TX",57707,0.145978824,0.217200686,0.63682049,0.711,0.683,82627,0.8291,0.8361,0.6542,0.5953,0.8186,"Henderson County, TX",Q4: Most vulnerable,FALSE,0.75605
48215,TX,"Hidalgo County, TX",314450,0.729104786,0.026194944,0.24470027,0.769,0.764,873167,0.9841,0.999,0.8855,0.9975,0.7515,"Hidalgo County, TX",Q4: Most vulnerable,TRUE,0.87405
48217,TX,"Hill County, TX",30460,0.075082075,0.218450427,0.706467498,0.777,0.785,36138,0.8562,0.7292,0.945,0.6806,0.7779,"Hill County, TX",Q4: Most vulnerable,TRUE,0.8206
48219,TX,"Hockley County, TX",15879,0.547074753,0.128975376,0.323949871,0.859,0.854,21495,0.93,0.8365,0.9494,0.8941,0.8311,"Hockley County, TX",Q4: Most vulnerable,TRUE,0.892
48221,TX,"Hood County, TX",39445,0.190949423,0.204690075,0.604360502,0.921,0.931,62459,0.525,0.5243,0.4244,0.4871,0.559,"Hood County, TX",Q3,FALSE,0.728
48223,TX,"Hopkins County, TX",27597,0.099394862,0.162698844,0.737906294,0.665,0.64,37008,0.7525,0.7811,0.7296,0.6449,0.5488,"Hopkins County, TX",Q4: Most vulnerable,FALSE,0.69625
48225,TX,"Houston County, TX",19548,0.024759566,0.198690403,0.776550031,0.715,0.685,22107,0.9625,0.9195,0.8699,0.7836,0.9672,"Houston County, TX",Q4: Most vulnerable,FALSE,0.82375
48227,TX,"Howard County, TX",21599,0.321264873,0.285800269,0.392934858,0.855,0.86,34488,0.8816,0.777,0.7684,0.8877,0.9224,"Howard County, TX",Q4: Most vulnerable,TRUE,0.8708
48229,TX,"Hudspeth County, TX",3754,0.083910495,0.211774108,0.704315397,0.434,0.461,3329,0.9943,0.985,0.8603,0.9863,0.9835,"Hudspeth County, TX",Q4: Most vulnerable,FALSE,0.72765
48231,TX,"Hunt County, TX",65371,0.050404614,0.220265867,0.729329519,0.642,0.638,101596,0.8746,0.825,0.7038,0.6828,0.9322,"Hunt County, TX",Q4: Most vulnerable,FALSE,0.7563
48233,TX,"Hutchinson County, TX",16633,0.003907894,0.726928395,0.26916371100000003,0.998,0.994,20595,0.3245,0.4416,0.6421,0.6872,0.0452,"Hutchinson County, TX",Q2,FALSE,0.65925
48235,TX,"Irion County, TX",2508,0,0.276714514,0.723285486,0.989,0.982,1561,0.2962,0.4047,0.2838,0.6389,0.1549,"Irion County, TX",Q2,FALSE,0.6391
48237,TX,"Jack County, TX",10495,9.5283e-5,0.219628394,0.780276322,0.959,0.96,8588,0.9418,0.9491,0.7191,0.5927,0.9691,"Jack County, TX",Q4: Most vulnerable,TRUE,0.9509
48239,TX,"Jackson County, TX",13572,0.064176245,0.262673151,0.673150604,0.719,0.683,15010,0.8094,0.7385,0.8333,0.8059,0.664,"Jackson County, TX",Q4: Most vulnerable,FALSE,0.7462
48241,TX,"Jasper County, TX",28660,0.003558967,0.173691556,0.822749477,0.816,0.785,33032,0.8737,0.8979,0.6271,0.6223,0.9074,"Jasper County, TX",Q4: Most vulnerable,TRUE,0.82935
48243,TX,"Jeff Davis County, TX",3667,0,0.193346059,0.806653941,0.974,0.975,1992,0.4738,0.5046,0.4725,0.5558,0.3602,"Jeff Davis County, TX",Q2,FALSE,0.7243999999999999
48245,TX,"Jefferson County, TX",127576,0.569730984,0.268294977,0.161974039,0.935,0.955,254942,0.9723,0.9313,0.924,0.9259,0.929,"Jefferson County, TX",Q4: Most vulnerable,TRUE,0.96365
48247,TX,"Jim Hogg County, TX",4539,0,0.460013219,0.539986781,0.811,0.823,4830,0.6427,0.8991,0.1941,0.9933,0.2294,"Jim Hogg County, TX",Q3,FALSE,0.73285
48249,TX,"Jim Wells County, TX",26386,0.211020996,0.211930569,0.577048435,0.786,0.777,39060,0.9491,0.9415,0.9822,0.9847,0.5431,"Jim Wells County, TX",Q4: Most vulnerable,TRUE,0.8630500000000001
48251,TX,"Johnson County, TX",98201,0.123623996,0.190924736,0.685451268,0.881,0.892,182690,0.6284,0.5511,0.6083,0.6911,0.6083,"Johnson County, TX",Q3,FALSE,0.7602
48253,TX,"Jones County, TX",14833,0.178386031,0.294545945,0.527068024,0.837,0.851,19758,0.5829,0.7722,0.2265,0.8075,0.3633,"Jones County, TX",Q3,FALSE,0.71695
48255,TX,"Karnes County, TX",14285,0,0.31760588,0.68239412,0.619,0.621,14805,0.9367,0.8155,0.6042,0.9491,0.9978,"Karnes County, TX",Q4: Most vulnerable,FALSE,0.77885
48257,TX,"Kaufman County, TX",76706,0.033608844,0.366464162,0.599926994,0.667,0.66,149773,0.7089,0.7076,0.7006,0.8225,0.4629,"Kaufman County, TX",Q3,FALSE,0.68445
48259,TX,"Kendall County, TX",28851,0,0.228518942,0.771481058,0.746,0.763,45376,0.3411,0.2809,0.4152,0.6624,0.321,"Kendall County, TX",Q2,FALSE,0.55205
48261,TX,"Kenedy County, TX",850,0,0.031764706,0.968235294,0.879,0.856,116,0.6678,0.6449,0.9917,1,0.0426,"Kenedy County, TX",Q3,FALSE,0.7619
48263,TX,"Kent County, TX",1670,0.001197605,0.25748503,0.741317365,0.941,0.952,635,0.2393,0.1486,0.7531,0.4779,0.146,"Kent County, TX",Q1: Least vulnerable,FALSE,0.59565
48265,TX,"Kerr County, TX",37182,0.029906944,0.250497553,0.719595503,0.741,0.761,52810,0.7442,0.6322,0.5733,0.7105,0.8393,"Kerr County, TX",Q3,FALSE,0.7525999999999999
48267,TX,"Kimble County, TX",7201,0,0.226774059,0.773225941,0.684,0.714,4316,0.4948,0.531,0.566,0.6532,0.2714,"Kimble County, TX",Q2,FALSE,0.6044
48269,TX,"King County, TX",602,0,0.096345515,0.903654485,0.92,0.942,216,0.4438,0.6764,0.8056,0.7464,0.0092,"King County, TX",Q2,FALSE,0.6929
48271,TX,"Kinney County, TX",3862,0,0.50129466600000006,0.498705334,0.585,0.611,3157,0.6265,0.4855,0.9313,0.9427,0.2364,"Kinney County, TX",Q3,FALSE,0.6187499999999999
48273,TX,"Kleberg County, TX",16331,0.224603515,0.418651644,0.356744841,0.842,0.82,30860,0.9924,0.9936,0.8221,0.9819,0.9704,"Kleberg County, TX",Q4: Most vulnerable,TRUE,0.9061999999999999
48275,TX,"Knox County, TX",4248,0.416431262,0.130885122,0.452683616,0.749,0.808,3333,0.6564,0.65,0.9205,0.8171,0.189,"Knox County, TX",Q3,FALSE,0.7322
48277,TX,"Lamar County, TX",34626,0.130739906,0.146652804,0.722607289,0.741,0.709,50149,0.8536,0.7856,0.9752,0.6373,0.601,"Lamar County, TX",Q4: Most vulnerable,FALSE,0.7813
48279,TX,"Lamb County, TX",11128,0.327731848,0.32278936,0.349478792,0.92,0.915,13024,0.8221,0.6818,0.9885,0.9332,0.3888,"Lamb County, TX",Q4: Most vulnerable,TRUE,0.86855
48281,TX,"Lampasas County, TX",17201,0,0.223417243,0.776582757,0.84,0.845,21829,0.658,0.6774,0.8094,0.6599,0.3474,"Lampasas County, TX",Q3,FALSE,0.7515000000000001
48283,TX,"La Salle County, TX",7303,0,0.370258798,0.62974120200000006,0.774,0.791,6965,0.9128,0.9631,0.6557,0.9952,0.7356,"La Salle County, TX",Q4: Most vulnerable,TRUE,0.8519
48285,TX,"Lavaca County, TX",25971,0,0.185514612,0.814485388,0.562,0.538,20379,0.5752,0.4184,0.8298,0.6449,0.4823,"Lavaca County, TX",Q3,FALSE,0.5566
48287,TX,"Lee County, TX",17606,5.6799e-5,0.167954107,0.831989095,0.645,0.624,17543,0.7856,0.6398,0.7677,0.7598,0.7983,"Lee County, TX",Q4: Most vulnerable,FALSE,0.7048
48289,TX,"Leon County, TX",19732,0.002381918,0.1486418,0.848976282,0.669,0.642,15928,0.6974,0.6233,0.9758,0.6102,0.2673,"Leon County, TX",Q3,FALSE,0.6697
48291,TX,"Liberty County, TX",53550,6.34921e-4,0.169169001,0.830196078,0.762,0.723,93523,0.9739,0.9758,0.8053,0.8139,0.9564,"Liberty County, TX",Q4: Most vulnerable,FALSE,0.8484499999999999
48293,TX,"Limestone County, TX",19888,0.009402655,0.255681818,0.734915527,0.71,0.706,22222,0.9065,0.8196,0.9714,0.8199,0.7152,"Limestone County, TX",Q4: Most vulnerable,FALSE,0.8062499999999999
48295,TX,"Lipscomb County, TX",4185,0,0.387096774,0.612903226,0.993,0.988,3038,0.7703,0.6472,0.9835,0.7922,0.3388,"Lipscomb County, TX",Q4: Most vulnerable,TRUE,0.87915
48297,TX,"Live Oak County, TX",15690,0.026195029,0.237539834,0.736265137,0.733,0.738,11374,0.9039,0.7665,0.7267,0.8686,0.9809,"Live Oak County, TX",Q4: Most vulnerable,FALSE,0.8209500000000001
48299,TX,"Llano County, TX",24268,0.05315642,0.28926982,0.65757376,0.824,0.817,21637,0.6192,0.6984,0.7731,0.4445,0.3452,"Llano County, TX",Q3,FALSE,0.7181
48301,TX,"Loving County, TX",1168,0,0.120719178,0.879280822,0.614,0.63,96,0.4356,0,0.9866,0.0579,0.9828,"Loving County, TX",Q2,FALSE,0.5327999999999999
48303,TX,"Lubbock County, TX",135889,0.817608489,0.008094842,0.174296669,0.61,0.656,311509,0.8422,0.8177,0.5005,0.8632,0.8613,"Lubbock County, TX",Q4: Most vulnerable,FALSE,0.7491
48305,TX,"Lynn County, TX",5509,0.500998366,0.119259394,0.37974224,0.747,0.771,5619,0.6898,0.8317,0.9459,0.8686,0.0442,"Lynn County, TX",Q3,FALSE,0.7303999999999999
48307,TX,"McCulloch County, TX",9478,0,0.338784554,0.661215446,0.833,0.835,7638,0.7897,0.9154,0.8909,0.7607,0.2049,"McCulloch County, TX",Q4: Most vulnerable,TRUE,0.8123499999999999
48309,TX,"McLennan County, TX",114751,0.372746207,0.120199388,0.507054405,0.735,0.757,261090,0.8861,0.8521,0.7951,0.8346,0.8333,"McLennan County, TX",Q4: Most vulnerable,TRUE,0.82155
48311,TX,"McMullen County, TX",3383,2.95596e-4,0.118829441,0.880874963,0.75,0.77,670,0.8104,0.6933,0.9952,0.9236,0.2689,"McMullen County, TX",Q4: Most vulnerable,TRUE,0.7902
48313,TX,"Madison County, TX",11247,0,0.234729261,0.765270739,0.721,0.684,13556,0.9131,0.714,0.6914,0.8501,0.9987,"Madison County, TX",Q4: Most vulnerable,FALSE,0.7985500000000001
48315,TX,"Marion County, TX",8126,0.003691853,0.188038395,0.808269751,0.602,0.591,9668,0.7315,0.7821,0.7983,0.6599,0.4088,"Marion County, TX",Q3,FALSE,0.66125
48317,TX,"Martin County, TX",6167,0.288633047,0.108804929,0.602562024,0.822,0.813,5228,0.5966,0.6618,0.6437,0.9045,0.2199,"Martin County, TX",Q3,FALSE,0.7048
48319,TX,"Mason County, TX",6617,0,0.100800967,0.899199033,0.781,0.787,3959,0.2724,0.3007,0.9115,0.5352,0.0146,"Mason County, TX",Q2,FALSE,0.5297000000000001
48321,TX,"Matagorda County, TX",26242,0.087569545,0.40461855,0.507811905,0.809,0.781,36251,0.9758,0.9723,0.9825,0.9122,0.7308,"Matagorda County, TX",Q4: Most vulnerable,TRUE,0.8784000000000001
48323,TX,"Maverick County, TX",24419,0.126049388,0.723289242,0.15066137,0.585,0.623,57806,0.9901,0.9971,0.9023,0.9997,0.8549,"Maverick County, TX",Q4: Most vulnerable,FALSE,0.80655
48325,TX,"Medina County, TX",36903,0.093298648,0.130883668,0.775817684,0.765,0.775,51432,0.741,0.4018,0.8562,0.9141,0.8209,"Medina County, TX",Q3,FALSE,0.758
48327,TX,"Menard County, TX",3751,0,0.240735804,0.759264196,0.706,0.749,1964,0.8606,0.9733,0.8629,0.7693,0.3322,"Menard County, TX",Q4: Most vulnerable,FALSE,0.8048
48329,TX,"Midland County, TX",84419,0.371740959,0.26271337,0.365545671,0.818,0.777,169393,0.7397,0.5867,0.6787,0.9077,0.7318,"Midland County, TX",Q3,FALSE,0.7583500000000001
48331,TX,"Milam County, TX",23034,0.003559955,0.268472693,0.727967353,0.604,0.595,25080,0.798,0.755,0.8648,0.7706,0.5714,"Milam County, TX",Q4: Most vulnerable,FALSE,0.6965
48333,TX,"Mills County, TX",8432,0.001897533,0.146940228,0.851162239,0.854,0.855,4501,0.4693,0.3283,0.9364,0.6618,0.1616,"Mills County, TX",Q2,FALSE,0.66215
48335,TX,"Mitchell County, TX",8097,0.018648882,0.456835865,0.524515253,0.911,0.915,8947,0.6958,0.5504,0.4206,0.8915,0.8218,"Mitchell County, TX",Q3,FALSE,0.8054
48337,TX,"Montague County, TX",21369,0.011979971,0.296410688,0.691609341,0.91,0.899,20197,0.5959,0.6484,0.8953,0.434,0.2211,"Montague County, TX",Q3,FALSE,0.74745
48339,TX,"Montgomery County, TX",248263,0.190825858,0.375613764,0.433560378,0.569,0.553,629989,0.5212,0.4451,0.4254,0.7579,0.5358,"Montgomery County, TX",Q3,FALSE,0.5371
48341,TX,"Moore County, TX",12724,0.07293304,0.675652311,0.251414649,0.989,0.981,21284,0.882,0.805,0.8358,0.9586,0.8011,"Moore County, TX",Q4: Most vulnerable,TRUE,0.9315
48343,TX,"Morris County, TX",10518,0.004848831,0.347024149,0.64812702,0.716,0.679,11993,0.7792,0.6872,0.9376,0.749,0.5033,"Morris County, TX",Q4: Most vulnerable,FALSE,0.7291000000000001
48345,TX,"Motley County, TX",2046,0.005376344,0.272238514,0.722385142,0.968,0.974,1223,0.1721,0.3236,0.5889,0.5616,0.0067,"Motley County, TX",Q1: Least vulnerable,FALSE,0.57305
48347,TX,"Nacogdoches County, TX",37748,0.089594151,0.169624881,0.740780969,0.62,0.6,64768,0.9952,0.972,0.9106,0.797,0.9984,"Nacogdoches County, TX",Q4: Most vulnerable,FALSE,0.7976
48349,TX,"Navarro County, TX",37574,0.046468303,0.253606217,0.69992548,0.749,0.736,52834,0.979,0.9628,0.9685,0.8565,0.8587,"Navarro County, TX",Q4: Most vulnerable,FALSE,0.8574999999999999
48351,TX,"Newton County, TX",10850,0.007926267,0.088202765,0.903870968,0.804,0.772,12333,0.8463,0.9574,0.4092,0.6128,0.7843,"Newton County, TX",Q4: Most vulnerable,TRUE,0.80915
48353,TX,"Nolan County, TX",12332,0.210509244,0.416639637,0.372851119,0.904,0.912,14657,0.9815,0.9255,0.9981,0.8571,0.8212,"Nolan County, TX",Q4: Most vulnerable,TRUE,0.94675
48355,TX,"Nueces County, TX",150910,0.813836061,0.090570539,0.0955934,0.639,0.658,353245,0.9351,0.9332,0.7801,0.9666,0.8492,"Nueces County, TX",Q4: Most vulnerable,FALSE,0.7965500000000001
48357,TX,"Ochiltree County, TX",8283,0.462030665,0.211638295,0.326331039,0.947,0.941,9924,0.8244,0.6863,0.9434,0.9163,0.5765,"Ochiltree County, TX",Q4: Most vulnerable,TRUE,0.8827
48359,TX,"Oldham County, TX",2110,0.001421801,0.371090047,0.627488152,0.907,0.914,2171,0.392,0.4496,0.1374,0.7146,0.4184,"Oldham County, TX",Q2,FALSE,0.653
48361,TX,"Orange County, TX",51497,0.049789308,0.394741441,0.555469251,0.874,0.886,84761,0.6853,0.594,0.8037,0.5476,0.6099,"Orange County, TX",Q3,FALSE,0.78565
48363,TX,"Palo Pinto County, TX",28602,0.123138242,0.202293546,0.674568212,0.912,0.919,28569,0.8015,0.9106,0.7515,0.6309,0.4738,"Palo Pinto County, TX",Q4: Most vulnerable,TRUE,0.86025
48365,TX,"Panola County, TX",19446,0.055846961,0.147948164,0.796204875,0.564,0.549,22540,0.7331,0.6456,0.8501,0.6389,0.5845,"Panola County, TX",Q3,FALSE,0.64105
48367,TX,"Parker County, TX",93615,0.048838327,0.149548683,0.801612989,0.916,0.925,151188,0.2638,0.321,0.2284,0.5119,0.258,"Parker County, TX",Q2,FALSE,0.5944
48369,TX,"Parmer County, TX",7871,0.501715157,0.146487105,0.351797739,0.795,0.81,9809,0.6596,0.6437,0.7833,0.9513,0.2797,"Parmer County, TX",Q3,FALSE,0.7348
48371,TX,"Pecos County, TX",12461,0.01693283,0.462723698,0.520343472,0.837,0.838,15114,0.9049,0.7474,0.6653,0.9771,0.9885,"Pecos County, TX",Q4: Most vulnerable,TRUE,0.8714500000000001
48373,TX,"Polk County, TX",32663,0.050577106,0.225178336,0.724244558,0.699,0.678,50536,0.9208,0.9262,0.8858,0.6532,0.8412,"Polk County, TX",Q4: Most vulnerable,FALSE,0.7994
48375,TX,"Potter County, TX",59109,0.673298482,0.098885111,0.227816407,0.986,0.979,117905,0.9889,0.9485,0.8788,0.9052,0.9936,"Potter County, TX",Q4: Most vulnerable,TRUE,0.98395
48377,TX,"Presidio County, TX",6311,0,0.636666138,0.363333862,0.958,0.953,6168,0.9933,1,0.9669,0.9825,0.7219,"Presidio County, TX",Q4: Most vulnerable,TRUE,0.97315
48379,TX,"Rains County, TX",9942,0.012070006,0.159122913,0.828807081,0.649,0.624,12257,0.4706,0.3318,0.9185,0.4636,0.2615,"Rains County, TX",Q2,FALSE,0.5473
48381,TX,"Randall County, TX",67260,0.57906631,0.096981861,0.323951829,0.977,0.97,141489,0.3519,0.2154,0.3751,0.6936,0.4839,"Randall County, TX",Q2,FALSE,0.6609499999999999
48383,TX,"Reagan County, TX",4103,0.002924689,0.613697295,0.383378016,0.897,0.872,3308,0.5052,0.5794,0.4276,0.979,0.1919,"Reagan County, TX",Q3,FALSE,0.6886
48385,TX,"Real County, TX",5980,0,0.092976589,0.907023411,0.776,0.803,2830,0.783,0.5523,0.9806,0.6309,0.6392,"Real County, TX",Q4: Most vulnerable,TRUE,0.793
48387,TX,"Red River County, TX",13343,5.99565e-4,0.25376602,0.745634415,0.788,0.747,11627,0.6895,0.7945,0.6783,0.6287,0.3796,"Red River County, TX",Q3,FALSE,0.71825
48389,TX,"Reeves County, TX",12487,0.05189397,0.566829503,0.381276528,0.631,0.655,14022,0.9548,0.9389,0.7035,0.9809,0.9462,"Reeves County, TX",Q4: Most vulnerable,FALSE,0.8049
48391,TX,"Refugio County, TX",6875,0.082763636,0.385018182,0.532218182,0.877,0.843,6718,0.9653,0.91,0.9962,0.9201,0.7133,"Refugio County, TX",Q4: Most vulnerable,TRUE,0.90415
48393,TX,"Roberts County, TX",1531,0,0.237753103,0.762246897,0.999,0.996,764,0.0576,0.1406,0.0067,0.4741,0.2437,"Roberts County, TX",Q1: Least vulnerable,FALSE,0.5268
48395,TX,"Robertson County, TX",16673,0.006477539,0.238109518,0.755412943,0.662,0.641,16912,0.8546,0.707,0.9793,0.8199,0.6322,"Robertson County, TX",Q4: Most vulnerable,FALSE,0.7478
48397,TX,"Rockwall County, TX",44756,0.374229154,0.32768790800000003,0.298082939,0.574,0.593,110631,0.1164,0.0913,0.28,0.7066,0.0875,"Rockwall County, TX",Q1: Least vulnerable,FALSE,0.3547
48399,TX,"Runnels County, TX",11489,0.198276612,0.31630255,0.485420837,0.781,0.8,9858,0.5148,0.4922,0.985,0.7821,0.0242,"Runnels County, TX",Q3,FALSE,0.6574
48401,TX,"Rusk County, TX",35599,0.033652631,0.215652125,0.750695244,0.643,0.623,52755,0.7973,0.7486,0.7464,0.7537,0.7248,"Rusk County, TX",Q4: Most vulnerable,FALSE,0.7101500000000001
48403,TX,"Sabine County, TX",11889,0.020943729,0.08823282,0.89082345,0.664,0.649,9980,0.5609,0.8839,0.4868,0.4537,0.1327,"Sabine County, TX",Q3,FALSE,0.60495
48405,TX,"San Augustine County, TX",9112,0.003072871,0.117976295,0.878950834,0.654,0.641,7920,0.9885,0.9793,0.944,0.6828,0.972,"San Augustine County, TX",Q4: Most vulnerable,FALSE,0.8147500000000001
48407,TX,"San Jacinto County, TX",19519,0.024181567,0.121163994,0.854654439,0.645,0.62,27666,0.8091,0.9329,0.875,0.6347,0.2965,"San Jacinto County, TX",Q4: Most vulnerable,FALSE,0.71455
48409,TX,"San Patricio County, TX",36989,0.507880721,0.163048474,0.329070805,0.716,0.717,68942,0.92490000000000006,0.846,0.9761,0.9354,0.7101,"San Patricio County, TX",Q4: Most vulnerable,FALSE,0.8209500000000001
48411,TX,"San Saba County, TX",8335,0,0.165446911,0.834553089,0.835,0.834,5779,0.6389,0.6977,0.6561,0.7521,0.3522,"San Saba County, TX",Q3,FALSE,0.73645
48413,TX,"Schleicher County, TX",3905,0,0.324455826,0.675544174,0.948,0.948,2474,0.5803,0.7401,0.762,0.9052,0.0735,"Schleicher County, TX",Q3,FALSE,0.76415
48415,TX,"Scurry County, TX",14136,0.190294284,0.396859083,0.412846633,0.906,0.928,16883,0.5332,0.5202,0.4846,0.8686,0.3548,"Scurry County, TX",Q3,FALSE,0.7306
48417,TX,"Shackelford County, TX",4840,0.004338843,0.424793388,0.570867769,0.948,0.954,3134,0.3936,0.511,0.2119,0.4445,0.3872,"Shackelford County, TX",Q2,FALSE,0.6738
48419,TX,"Shelby County, TX",22109,0.001944909,0.132615677,0.865439414,0.52,0.501,24157,0.8778,0.77,0.9481,0.7751,0.7598,"Shelby County, TX",Q4: Most vulnerable,FALSE,0.6894
48421,TX,"Sherman County, TX",3207,0.027439975,0.452447771,0.520112254,0.876,0.873,2414,0.6309,0.4757,0.9485,0.833,0.2654,"Sherman County, TX",Q3,FALSE,0.75195
48423,TX,"Smith County, TX",108240,0.244077975,0.274242424,0.481679601,0.657,0.643,234667,0.8234,0.7334,0.7916,0.797,0.7735,"Smith County, TX",Q4: Most vulnerable,FALSE,0.7332000000000001
48425,TX,"Somervell County, TX",7804,0,0.1446694,0.8553306,0.923,0.931,9337,0.5135,0.2959,0.6468,0.5597,0.6853,"Somervell County, TX",Q3,FALSE,0.7222500000000001
48427,TX,"Starr County, TX",31648,0.025183266,0.562752781,0.412063953,0.896,0.891,65716,0.9905,0.9978,0.9682,0.999,0.7197,"Starr County, TX",Q4: Most vulnerable,TRUE,0.94075
48429,TX,"Stephens County, TX",10224,0.021713615,0.38458529,0.593701095,0.933,0.94,9260,0.9898,0.9768,0.9539,0.6806,0.9752,"Stephens County, TX",Q4: Most vulnerable,TRUE,0.9649
48431,TX,"Sterling County, TX",1818,0,0.431243124,0.568756876,0.981,0.976,1392,0.1419,0.1794,0.2447,0.7156,0.0636,"Sterling County, TX",Q1: Least vulnerable,FALSE,0.55895
48433,TX,"Stonewall County, TX",2608,0.001150307,0.343174847,0.655674847,0.894,0.91,1331,0.2994,0.4769,0.2214,0.6449,0.132,"Stonewall County, TX",Q2,FALSE,0.6047
48435,TX,"Sutton County, TX",4685,0,0.401921025,0.598078975,0.945,0.937,3345,0.7687,0.7448,0.8145,0.9777,0.4283,"Sutton County, TX",Q4: Most vulnerable,TRUE,0.8528500000000001
48437,TX,"Swisher County, TX",6438,0.083566325,0.42435539,0.492078285,0.922,0.918,6989,0.9103,0.95,0.7766,0.9096,0.713,"Swisher County, TX",Q4: Most vulnerable,TRUE,0.91415
48439,TX,"Tarrant County, TX",694167,0.740406847,0.097603314,0.161989838,0.699,0.713,2113854,0.7585,0.7792,0.6707,0.8982,0.5017,"Tarrant County, TX",Q4: Most vulnerable,FALSE,0.7357499999999999
48441,TX,"Taylor County, TX",70358,0.535319367,0.15999602,0.304684613,0.83,0.836,143029,0.7591,0.6363,0.7289,0.7655,0.7353,"Taylor County, TX",Q4: Most vulnerable,TRUE,0.79755
48443,TX,"Terrell County, TX",2090,0,0.356937799,0.643062201,0.864,0.86,862,0.0859,0.0767,0.6812,0.8533,0.0025,"Terrell County, TX",Q1: Least vulnerable,FALSE,0.47295
48445,TX,"Terry County, TX",8021,0.65253709,0.028550056,0.318912854,0.701,0.728,11816,0.9828,0.9625,0.9462,0.9325,0.9128,"Terry County, TX",Q4: Most vulnerable,FALSE,0.8553999999999999
48447,TX,"Throckmorton County, TX",2893,0,0.326996198,0.673003802,0.944,0.952,1439,0.1581,0.4375,0.2428,0.4496,0.0143,"Throckmorton County, TX",Q1: Least vulnerable,FALSE,0.5550499999999999
48449,TX,"Titus County, TX",19351,0.090951372,0.271045424,0.638003204,0.746,0.707,31301,0.8995,0.8956,0.9227,0.9052,0.6252,"Titus County, TX",Q4: Most vulnerable,FALSE,0.80325
48451,TX,"Tom Green County, TX",62952,0.42781802,0.241009023,0.331172957,0.939,0.935,119276,0.8113,0.6204,0.7957,0.8673,0.8304,"Tom Green County, TX",Q4: Most vulnerable,TRUE,0.8731500000000001
48453,TX,"Travis County, TX",412849,0.456980639,0.257888477,0.285130883,0.659,0.681,1289054,0.5702,0.5527,0.0935,0.882,0.7805,"Travis County, TX",Q3,FALSE,0.6256
48455,TX,"Trinity County, TX",13423,0.016762274,0.237875289,0.745362438,0.695,0.672,13735,0.9185,0.8552,0.9879,0.574,0.7518,"Trinity County, TX",Q4: Most vulnerable,FALSE,0.79525
48457,TX,"Tyler County, TX",20817,6.2449e-4,0.06984676,0.929528751,0.769,0.745,19962,0.9319,0.8842,0.9103,0.5501,0.951,"Tyler County, TX",Q4: Most vulnerable,FALSE,0.8384499999999999
48459,TX,"Upshur County, TX",28969,8.62991e-4,0.183782664,0.815354344,0.652,0.636,41261,0.6017,0.6841,0.7817,0.5425,0.259,"Upshur County, TX",Q3,FALSE,0.61885
48461,TX,"Upton County, TX",4194,9.53743e-4,0.468526466,0.53051979,0.704,0.648,3284,0.77,0.6876,0.7092,0.9185,0.6567,"Upton County, TX",Q4: Most vulnerable,FALSE,0.7090000000000001
48463,TX,"Uvalde County, TX",20444,0.105899041,0.304294659,0.5898063,0.657,0.691,24833,0.9911,0.9065,0.9968,0.9749,0.9364,"Uvalde County, TX",Q4: Most vulnerable,FALSE,0.84105
48465,TX,"Val Verde County, TX",25251,0.020791256,0.606906657,0.372302087,0.933,0.921,47693,0.9437,0.8371,0.9329,0.9889,0.8877,"Val Verde County, TX",Q4: Most vulnerable,TRUE,0.93235
48467,TX,"Van Zandt County, TX",44381,0.003289696,0.177688651,0.819021653,0.677,0.658,60053,0.5714,0.6538,0.7633,0.4948,0.265,"Van Zandt County, TX",Q3,FALSE,0.6147
48469,TX,"Victoria County, TX",48954,0.25050047,0.306614373,0.442885157,0.836,0.792,91209,0.9198,0.8606,0.8937,0.9052,0.8377,"Victoria County, TX",Q4: Most vulnerable,TRUE,0.8559
48471,TX,"Walker County, TX",30133,0.048650981,0.211396144,0.739952876,0.675,0.651,77182,0.9392,0.9755,0.1161,0.8225,0.9997,"Walker County, TX",Q4: Most vulnerable,FALSE,0.7951
48473,TX,"Waller County, TX",33136,0.007061806,0.205727909,0.787210285,0.715,0.678,57463,0.8317,0.7868,0.5262,0.9176,0.8514,"Waller County, TX",Q4: Most vulnerable,FALSE,0.75485
48475,TX,"Ward County, TX",10526,9.5003e-5,0.595382861,0.404522136,0.733,0.754,11347,0.7235,0.6548,0.8412,0.9345,0.3987,"Ward County, TX",Q3,FALSE,0.73875
48477,TX,"Washington County, TX",29655,0.035542067,0.184252234,0.780205699,0.542,0.518,35807,0.6522,0.4467,0.4601,0.7585,0.8826,"Washington County, TX",Q3,FALSE,0.5851
48479,TX,"Webb County, TX",85394,0.387650186,0.479401363,0.132948451,0.616,0.667,267282,0.9831,0.9917,0.917,0.9987,0.8034,"Webb County, TX",Q4: Most vulnerable,FALSE,0.8250500000000001
48481,TX,"Wharton County, TX",28860,0.05045045,0.347609148,0.601940402,0.546,0.509,41614,0.9456,0.9141,0.9319,0.9045,0.8078,"Wharton County, TX",Q4: Most vulnerable,FALSE,0.7273000000000001
48483,TX,"Wheeler County, TX",7874,0,0.36487173,0.63512827,0.996,0.99,4980,0.9045,0.9036,0.986,0.6828,0.5377,"Wheeler County, TX",Q4: Most vulnerable,TRUE,0.9472499999999999
48485,TX,"Wichita County, TX",65168,0.547692119,0.266280997,0.186026884,0.927,0.933,129584,0.8167,0.7372,0.6876,0.741,0.8416,"Wichita County, TX",Q4: Most vulnerable,TRUE,0.87485
48487,TX,"Wilbarger County, TX",10154,0.434508568,0.303033287,0.262458145,0.846,0.853,12795,0.9561,0.9691,0.8906,0.8272,0.7938,"Wilbarger County, TX",Q4: Most vulnerable,TRUE,0.90455
48489,TX,"Willacy County, TX",10631,0.551218136,0.064340137,0.384441727,0.703,0.715,20308,0.985,0.9892,0.91,0.993,0.8428,"Willacy County, TX",Q4: Most vulnerable,FALSE,0.85
48491,TX,"Williamson County, TX",224374,0.427638675,0.254383306,0.317978019,0.654,0.694,617396,0.3207,0.2701,0.4009,0.8199,0.2275,"Williamson County, TX",Q2,FALSE,0.50735
48493,TX,"Wilson County, TX",35791,0,0.113408399,0.886591601,0.672,0.665,50381,0.2972,0.2351,0.2402,0.833,0.3363,"Wilson County, TX",Q2,FALSE,0.4811
48495,TX,"Winkler County, TX",6449,3.10126e-4,0.695146534,0.30454334,0.792,0.779,7582,0.4448,0.3958,0.3252,0.9523,0.3388,"Winkler County, TX",Q2,FALSE,0.6119
48497,TX,"Wise County, TX",53668,0.013844377,0.164828203,0.82132742,0.888,0.874,70062,0.5422,0.4483,0.79,0.6128,0.3923,"Wise County, TX",Q3,FALSE,0.7081
48499,TX,"Wood County, TX",35250,0.012255319,0.217475177,0.770269504,0.631,0.606,45341,0.7655,0.7124,0.847,0.5011,0.6771,"Wood County, TX",Q4: Most vulnerable,FALSE,0.68575
48501,TX,"Yoakum County, TX",6306,0.007611798,0.607516651,0.384871551,0.856,0.851,7630,0.587,0.622,0.5918,0.9644,0.2472,"Yoakum County, TX",Q3,FALSE,0.719
48503,TX,"Young County, TX",16143,0.057857895,0.385120486,0.557021619,0.947,0.954,17903,0.5345,0.4639,0.9535,0.5892,0.1575,"Young County, TX",Q3,FALSE,0.74425
48505,TX,"Zapata County, TX",10101,4.95e-4,0.613206613,0.386298386,0.813,0.822,13896,0.9968,0.9901,0.9809,0.9984,0.9014,"Zapata County, TX",Q4: Most vulnerable,TRUE,0.9094
48507,TX,"Zavala County, TX",8022,0.021815009,0.56394914,0.414235851,0.696,0.732,9700,0.909,0.8813,0.9905,0.9978,0.4292,"Zavala County, TX",Q4: Most vulnerable,FALSE,0.8205
49001,UT,"Beaver County, UT",5746,0.017925513,0.496345284,0.485729203,0.891,0.932,7102,0.1457,0.1556,0.5612,0.4658,0.0519,"Beaver County, UT",Q1: Least vulnerable,FALSE,0.53885
49003,UT,"Box Elder County, UT",30913,0.250315401,0.417138421,0.332546178,0.992,0.996,58291,0.1215,0.1527,0.1416,0.3977,0.1686,"Box Elder County, UT",Q1: Least vulnerable,FALSE,0.55875
49005,UT,"Cache County, UT",48293,0.305758599,0.374816226,0.319425175,0.862,0.899,134428,0.3478,0.2816,0.2889,0.4779,0.538,"Cache County, UT",Q2,FALSE,0.6234
49007,UT,"Carbon County, UT",13766,0.001380212,0.663300886,0.335318902,0.644,0.741,20338,0.6297,0.7051,0.7436,0.4932,0.3748,"Carbon County, UT",Q3,FALSE,0.68535
49009,UT,"Daggett County, UT",2340,0,0.285470085,0.714529915,0.859,0.893,638,0.1849,0.2199,0.0506,0.182,0.5469,"Daggett County, UT",Q1: Least vulnerable,FALSE,0.53895
49011,UT,"Davis County, UT",113721,0.528073091,0.341344167,0.130582742,0.857,0.908,363032,0.0678,0.0325,0.2822,0.4948,0.1069,"Davis County, UT",Q1: Least vulnerable,FALSE,0.4879
49013,UT,"Duchesne County, UT",17229,0.075744384,0.166521562,0.757734053,0.617,0.707,19779,0.5361,0.5778,0.4629,0.4445,0.5167,"Duchesne County, UT",Q3,FALSE,0.62155
49015,UT,"Emery County, UT",8217,0.089570403,0.474382378,0.436047219,0.451,0.516,9898,0.2269,0.1645,0.6729,0.2914,0.2008,"Emery County, UT",Q1: Least vulnerable,FALSE,0.37145
49017,UT,"Garfield County, UT",6369,4.71032e-4,0.373842047,0.625686921,0.63,0.732,5121,0.3423,0.4617,0.364,0.3446,0.251,"Garfield County, UT",Q2,FALSE,0.53715
49019,UT,"Grand County, UT",7544,9.2789e-4,0.465800636,0.533271474,0.587,0.692,9680,0.4582,0.433,0.3331,0.5218,0.5597,"Grand County, UT",Q2,FALSE,0.5751
49021,UT,"Iron County, UT",24102,0.057049208,0.472284458,0.470666335,0.929,0.969,58068,0.4114,0.5017,0.2809,0.4496,0.384,"Iron County, UT",Q2,FALSE,0.6901999999999999
49023,UT,"Juab County, UT",6784,0.073113208,0.498378538,0.428508255,0.966,0.984,11943,0.0659,0.0487,0.1887,0.2692,0.1823,"Juab County, UT",Q1: Least vulnerable,FALSE,0.52495
49025,UT,"Kane County, UT",8458,2.36463e-4,0.25419721,0.745566328,0.817,0.88,7814,0.259,0.2265,0.5861,0.2399,0.2663,"Kane County, UT",Q2,FALSE,0.5695
49027,UT,"Millard County, UT",10841,0.12996956,0.30735172,0.56267872,0.842,0.873,13027,0.4502,0.4241,0.8657,0.4763,0.1642,"Millard County, UT",Q2,FALSE,0.6616
49029,UT,"Morgan County, UT",6451,0,0.372810417,0.627189583,0.906,0.941,12367,0,0.0019,0.0146,0.1409,0.0019,"Morgan County, UT",Q1: Least vulnerable,FALSE,0.4705
49031,UT,"Piute County, UT",2035,0.006879607,0.431941032,0.561179361,0.771,0.839,1764,0.5402,0.9478,0.3293,0.0544,0.1753,"Piute County, UT",Q3,FALSE,0.6896
49033,UT,"Rich County, UT",5018,0.002789956,0.1681945,0.829015544,0.773,0.807,2543,0.2141,0.0811,0.8193,0.4117,0.1829,"Rich County, UT",Q1: Least vulnerable,FALSE,0.5105500000000001
49035,UT,"Salt Lake County, UT",384243,0.793435404,0.154600084,0.051964512,0.934,0.964,1180643,0.4512,0.3325,0.4044,0.6777,0.552,"Salt Lake County, UT",Q2,FALSE,0.7076
49037,UT,"San Juan County, UT",13017,0.001843743,0.187831298,0.81032496,0.531,0.643,14524,0.9567,0.8524,0.9688,0.8988,0.8794,"San Juan County, UT",Q4: Most vulnerable,FALSE,0.79985
49039,UT,"Sanpete County, UT",20882,0.022698975,0.382482521,0.594818504,0.82,0.857,28816,0.5116,0.6064,0.2743,0.4146,0.5507,"Sanpete County, UT",Q3,FALSE,0.6843
49041,UT,"Sevier County, UT",14347,0.076113473,0.601658883,0.322227643,0.783,0.844,21667,0.2886,0.37,0.1931,0.2485,0.4162,"Sevier County, UT",Q2,FALSE,0.5663
49043,UT,"Summit County, UT",26431,3.7834e-5,0.251901177,0.748060989,0.856,0.894,42524,0.0509,0.0267,0.251,0.4556,0.091,"Summit County, UT",Q1: Least vulnerable,FALSE,0.47245000000000004
49045,UT,"Tooele County, UT",28879,0.003324215,0.677343398,0.319332387,0.99,0.997,74032,0.1766,0.1206,0.3204,0.5269,0.238,"Tooele County, UT",Q1: Least vulnerable,FALSE,0.5868
49047,UT,"Uintah County, UT",22254,0.212590995,0.164644558,0.622764447,0.648,0.727,35951,0.5297,0.5644,0.4216,0.5294,0.5081,"Uintah County, UT",Q3,FALSE,0.62835
49049,UT,"Utah County, UT",179533,0.397347563,0.429620181,0.173032256,0.955,0.971,666021,0.2555,0.1798,0.1963,0.5183,0.5011,"Utah County, UT",Q2,FALSE,0.61325
49051,UT,"Wasatch County, UT",17353,0.164006224,0.197141705,0.638852072,0.901,0.936,35009,0.0748,0.0776,0.1508,0.4871,0.1114,"Wasatch County, UT",Q1: Least vulnerable,FALSE,0.5054000000000001
49053,UT,"Washington County, UT",74875,0.114924875,0.557916528,0.327158598,0.94,0.968,183297,0.3875,0.3382,0.5762,0.4763,0.3309,"Washington County, UT",Q2,FALSE,0.67775
49055,UT,"Wayne County, UT",3613,0.001937448,0.350678107,0.647384445,0.466,0.579,2532,0.1053,0.244,0.3166,0.0041,0.0589,"Wayne County, UT",Q1: Least vulnerable,FALSE,0.34214999999999995
49057,UT,"Weber County, UT",98566,0.506523548,0.278371852,0.2151046,0.866,0.905,262960,0.3471,0.2393,0.4944,0.6083,0.3891,"Weber County, UT",Q2,FALSE,0.62605
50001,VT,"Addison County, VT",27827,0.010601215,0.155173033,0.834225752,0.121,0.115,37434,0.139,0.1518,0.0652,0.2323,0.4499,"Addison County, VT",Q1: Least vulnerable,FALSE,0.127
50003,VT,"Bennington County, VT",26096,0.002490803,0.223405886,0.774103311,0.12,0.117,37326,0.349,0.2736,0.433,0.1861,0.5861,"Bennington County, VT",Q2,FALSE,0.23299999999999998
50005,VT,"Caledonia County, VT",22528,0.004971591,0.168767756,0.826260653,0.08,0.076,30418,0.2844,0.2113,0.4473,0.1225,0.5367,"Caledonia County, VT",Q2,FALSE,0.1802
50007,VT,"Chittenden County, VT",62667,0.196562784,0.285062313,0.518374902,0.097,0.094,168309,0.2205,0.1763,0.0245,0.3802,0.7722,"Chittenden County, VT",Q1: Least vulnerable,FALSE,0.15725
50009,VT,"Essex County, VT",7100,0.01084507,0.097183099,0.891971831,0.056,0.054,5976,0.4155,0.6386,0.5752,0.0983,0.1852,"Essex County, VT",Q2,FALSE,0.23475
50011,VT,"Franklin County, VT",29342,0.01908527,0.250732738,0.730181992,0.077,0.074,50101,0.1219,0.2444,0.0748,0.1654,0.1976,"Franklin County, VT",Q1: Least vulnerable,FALSE,0.09795
50013,VT,"Grand Isle County, VT",8178,0.123502079,0.070066031,0.80643189,0.085,0.092,7335,0.006,0.1203,0.0156,0.2485,0.0057,"Grand Isle County, VT",Q1: Least vulnerable,FALSE,0.049
50015,VT,"Lamoille County, VT",16806,0.002142092,0.11930263,0.878555278,0.081,0.079,25977,0.1409,0.2685,0.034,0.1276,0.3678,"Lamoille County, VT",Q1: Least vulnerable,FALSE,0.10994999999999999
50017,VT,"Orange County, VT",23131,0.001037569,0.089447062,0.909515369,0.102,0.098,29439,0.0939,0.1565,0.0967,0.0735,0.224,"Orange County, VT",Q1: Least vulnerable,FALSE,0.09595000000000001
50019,VT,"Orleans County, VT",22673,0.014025493,0.13081639,0.855158118,0.072,0.07,27459,0.3548,0.4508,0.3038,0.1037,0.4664,"Orleans County, VT",Q2,FALSE,0.2124
50021,VT,"Rutland County, VT",41978,0.012935347,0.280909048,0.706155605,0.119,0.116,60585,0.3955,0.2879,0.1661,0.1094,0.9093,"Rutland County, VT",Q2,FALSE,0.25575000000000003
50023,VT,"Washington County, VT",35214,7.38343e-4,0.256290112,0.742971545,0.09,0.086,59768,0.161,0.1222,0.1098,0.1508,0.5791,"Washington County, VT",Q1: Least vulnerable,FALSE,0.1235
50025,VT,"Windham County, VT",33347,2.69889e-4,0.181425615,0.818304495,0.103,0.1,45857,0.3185,0.3248,0.3159,0.2265,0.4878,"Windham County, VT",Q2,FALSE,0.20925
50027,VT,"Windsor County, VT",42880,0.002448694,0.188572761,0.808978545,0.102,0.098,57832,0.1499,0.1817,0.0961,0.1409,0.4143,"Windsor County, VT",Q1: Least vulnerable,FALSE,0.12395
51001,VA,"Accomack County, VA",29188,0.122824448,0.29810196,0.579073592,0.524,0.603,33367,0.8597,0.7416,0.8982,0.791,0.7973,"Accomack County, VA",Q4: Most vulnerable,FALSE,0.73135
51003,VA,"Albemarle County, VA",45447,0.005742953,0.206306247,0.7879508,0.421,0.426,112513,0.2469,0.1295,0.245,0.5927,0.5059,"Albemarle County, VA",Q1: Least vulnerable,FALSE,0.33645
51005,VA,"Alleghany County, VA",11640,0,0.309965636,0.690034364,0.65,0.672,15159,0.3102,0.3099,0.1864,0.2444,0.5918,"Alleghany County, VA",Q2,FALSE,0.4911
51007,VA,"Amelia County, VA",13033,0,0.053709814,0.946290186,0.264,0.255,13309,0.3853,0.4808,0.2399,0.6287,0.2924,"Amelia County, VA",Q2,FALSE,0.32015
51009,VA,"Amherst County, VA",20046,2.49426e-4,0.133941934,0.86580864,0.555,0.568,31426,0.4022,0.4244,0.1632,0.6198,0.4973,"Amherst County, VA",Q2,FALSE,0.4851
51011,VA,"Appomattox County, VA",11870,1.68492e-4,0.069755687,0.930075821,0.393,0.372,16253,0.1441,0.2848,0.1419,0.5892,0.0557,"Appomattox County, VA",Q1: Least vulnerable,FALSE,0.25805
51013,VA,"Arlington County, VA",44241,0.845482697,0,0.154517303,0.086,0.076,235845,0.1597,0.0423,0.0115,0.7894,0.7945,"Arlington County, VA",Q1: Least vulnerable,FALSE,0.11785000000000001
51015,VA,"Augusta County, VA",52079,0.018529542,0.203114499,0.778355959,0.572,0.588,77433,0.2129,0.1591,0.1626,0.3166,0.5266,"Augusta County, VA",Q1: Least vulnerable,FALSE,0.40045
51017,VA,"Bath County, VA",5281,7.57432e-4,0.051884113,0.947358455,0.633,0.659,4177,0.1674,0.3678,0.16,0.1409,0.1314,"Bath County, VA",Q1: Least vulnerable,FALSE,0.4132
51019,VA,"Bedford County, VA",51787,0.01440516,0.122675575,0.862919265,0.508,0.505,79761,0.0853,0.0878,0.1215,0.4085,0.1721,"Bedford County, VA",Q1: Least vulnerable,FALSE,0.29515
51021,VA,"Bland County, VA",7321,0,0.04958339,0.95041661,0.68,0.659,6241,0.0974,0.0493,0.0458,0.1276,0.6195,"Bland County, VA",Q1: Least vulnerable,FALSE,0.37820000000000004
51023,VA,"Botetourt County, VA",21962,0,0.18149531,0.81850469,0.618,0.637,33734,0.013,0.0375,0.0226,0.2294,0.0783,"Botetourt County, VA",Q1: Least vulnerable,FALSE,0.325
51025,VA,"Brunswick County, VA",14667,0.005522602,0.088361628,0.90611577,0.326,0.313,15965,0.8311,0.8101,0.308,0.9141,0.9281,"Brunswick County, VA",Q4: Most vulnerable,FALSE,0.57205
51027,VA,"Buchanan County, VA",17326,0,0.048193466,0.951806534,0.912,0.878,20246,0.5975,0.8517,0.5049,0.015,0.4381,"Buchanan County, VA",Q3,FALSE,0.73775
51029,VA,"Buckingham County, VA",13170,0,0.021336371,0.978663629,0.346,0.329,16869,0.6758,0.6974,0.2437,0.7725,0.7614,"Buckingham County, VA",Q3,FALSE,0.5024
51031,VA,"Campbell County, VA",33478,0.013620885,0.181462453,0.804916662,0.38,0.357,55518,0.4152,0.3567,0.4458,0.5581,0.4365,"Campbell County, VA",Q2,FALSE,0.3861
51033,VA,"Caroline County, VA",22800,0.001052632,0.130789474,0.868157895,0.285,0.288,31181,0.399,0.3064,0.4209,0.7537,0.3901,"Caroline County, VA",Q2,FALSE,0.3435
51035,VA,"Carroll County, VA",27059,0,0.027273735,0.972726265,0.577,0.55,29126,0.2797,0.5861,0.3016,0.1225,0.1114,"Carroll County, VA",Q2,FALSE,0.41485000000000005
51036,VA,"Charles City County, VA",5762,0.005900729,0.05102395,0.943075321,0.34,0.339,6760,0.2685,0.3945,0.1934,0.8988,0.09,"Charles City County, VA",Q2,FALSE,0.30375
51037,VA,"Charlotte County, VA",12023,8.3174e-5,0.047325959,0.952590868,0.294,0.282,11563,0.7436,0.6172,0.86,0.6885,0.6344,"Charlotte County, VA",Q3,FALSE,0.5128
51041,VA,"Chesterfield County, VA",145827,0.134714422,0.222695386,0.642590192,0.243,0.236,366019,0.2943,0.2421,0.6452,0.7929,0.111,"Chesterfield County, VA",Q2,FALSE,0.26515
51043,VA,"Clarke County, VA",10792,0,0.150852483,0.849147517,0.443,0.428,14882,0.0598,0.0926,0.098,0.4445,0.0916,"Clarke County, VA",Q1: Least vulnerable,FALSE,0.2439
51045,VA,"Craig County, VA",5121,0,0.113063855,0.886936145,0.657,0.677,4898,0.0589,0.0538,0.1059,0.0627,0.2864,"Craig County, VA",Q1: Least vulnerable,FALSE,0.36795
51047,VA,"Culpeper County, VA",25715,0.007583123,0.181683842,0.810733035,0.26,0.26,52822,0.4327,0.357,0.5511,0.6923,0.3401,"Culpeper County, VA",Q2,FALSE,0.34635
51049,VA,"Cumberland County, VA",8386,0,0.029334605,0.970665395,0.273,0.259,9697,0.4426,0.3532,0.5196,0.7391,0.371,"Cumberland County, VA",Q2,FALSE,0.3508
51051,VA,"Dickenson County, VA",12824,0,0.054819089,0.945180911,0.892,0.848,14089,0.4629,0.5717,0.3058,0.0032,0.644,"Dickenson County, VA",Q2,FALSE,0.65545
51053,VA,"Dinwiddie County, VA",23329,6.00111e-4,0.130652836,0.868747053,0.341,0.332,28057,0.3261,0.3656,0.1495,0.7502,0.3229,"Dinwiddie County, VA",Q2,FALSE,0.32905
51057,VA,"Essex County, VA",9640,0.023236515,0.242427386,0.7343361,0.257,0.265,10602,0.8272,0.9593,0.6048,0.8438,0.4311,"Essex County, VA",Q4: Most vulnerable,FALSE,0.5461
51059,VA,"Fairfax County, VA",246700,0.440032428,0.112606405,0.447361167,0.157,0.159,1145354,0.2412,0.112,0.2574,0.8775,0.3621,"Fairfax County, VA",Q1: Least vulnerable,FALSE,0.2001
51061,VA,"Fauquier County, VA",45234,6.6322e-5,0.122009992,0.877923686,0.271,0.275,73290,0.0732,0.0764,0.3802,0.5654,0.0286,"Fauquier County, VA",Q1: Least vulnerable,FALSE,0.1741
51063,VA,"Floyd County, VA",15524,0,0.02692605,0.97307395,0.642,0.621,15532,0.0929,0.1546,0.0955,0.1696,0.1941,"Floyd County, VA",Q1: Least vulnerable,FALSE,0.35695
51065,VA,"Fluvanna County, VA",15376,0.002601457,0.051443809,0.945954735,0.339,0.32,27442,0.0582,0.0821,0.027,0.5915,0.1658,"Fluvanna County, VA",Q1: Least vulnerable,FALSE,0.1891
51067,VA,"Franklin County, VA",42601,0.03112603,0.074364452,0.894509519,0.428,0.416,54838,0.321,0.2275,0.1909,0.3847,0.7028,"Franklin County, VA",Q2,FALSE,0.3685
51069,VA,"Frederick County, VA",42258,0.003100005,0.327985234,0.668914762,0.473,0.48,92007,0.2545,0.2179,0.4715,0.5183,0.2135,"Frederick County, VA",Q2,FALSE,0.36724999999999997
51071,VA,"Giles County, VA",12710,0,0.256412274,0.743587726,0.567,0.563,16711,0.1037,0.1273,0.099,0.0821,0.3334,"Giles County, VA",Q1: Least vulnerable,FALSE,0.33335
51073,VA,"Gloucester County, VA",22465,0.035432896,0.106298687,0.858268418,0.372,0.373,38875,0.0344,0.133,0.0732,0.4683,0.0089,"Gloucester County, VA",Q1: Least vulnerable,FALSE,0.2037
51075,VA,"Goochland County, VA",17469,1.71733e-4,0.057415994,0.942412273,0.267,0.251,24906,0.0592,0.0041,0.0449,0.5667,0.4009,"Goochland County, VA",Q1: Least vulnerable,FALSE,0.15510000000000002
51077,VA,"Grayson County, VA",17362,5.7597e-5,0.027416196,0.972526207,0.575,0.546,15356,0.5851,0.6414,0.6755,0.3446,0.4648,"Grayson County, VA",Q3,FALSE,0.56555
51079,VA,"Greene County, VA",11462,1.7449e-4,0.071715233,0.928110277,0.483,0.5,20631,0.2199,0.1683,0.6096,0.5269,0.1365,"Greene County, VA",Q1: Least vulnerable,FALSE,0.35995
51081,VA,"Greensville County, VA",6987,0,0.129669386,0.870330614,0.338,0.327,11373,0.8979,0.8883,0.3016,0.9405,0.9847,"Greensville County, VA",Q4: Most vulnerable,FALSE,0.61245
51083,VA,"Halifax County, VA",32217,6.2079e-5,0.090262905,0.909675016,0.28,0.269,34013,0.7684,0.6977,0.8365,0.7859,0.5749,"Halifax County, VA",Q4: Most vulnerable,FALSE,0.5186999999999999
51085,VA,"Hanover County, VA",64005,0.051230373,0.239621905,0.709147723,0.273,0.265,110513,0.0274,0.0185,0.0735,0.4932,0.0837,"Hanover County, VA",Q1: Least vulnerable,FALSE,0.1462
51087,VA,"Henrico County, VA",119946,0.384322945,0.221316259,0.394360796,0.246,0.24,333120,0.3414,0.266,0.4677,0.8661,0.2183,"Henrico County, VA",Q2,FALSE,0.29069999999999996
51089,VA,"Henry County, VA",35651,2.805e-5,0.121707666,0.878264284,0.26,0.245,50760,0.7757,0.7553,0.7614,0.6828,0.6494,"Henry County, VA",Q4: Most vulnerable,FALSE,0.51035
51091,VA,"Highland County, VA",4357,0,0.026623824,0.973376176,0.578,0.604,2247,0.1352,0.3901,0.1368,0.0821,0.0751,"Highland County, VA",Q1: Least vulnerable,FALSE,0.3696
51093,VA,"Isle of Wight County, VA",23720,0.018549747,0.268338954,0.713111298,0.346,0.353,38898,0.2243,0.2733,0.2784,0.6726,0.1279,"Isle of Wight County, VA",Q1: Least vulnerable,FALSE,0.28864999999999996
51095,VA,"James City County, VA",35454,0.063293281,0.249280758,0.68742596,0.348,0.349,78818,0.1763,0.078,0.5781,0.6249,0.1499,"James City County, VA",Q1: Least vulnerable,FALSE,0.26265
51097,VA,"King and Queen County, VA",6515,0.004144282,0.139831159,0.856024559,0.303,0.306,6681,0.1973,0.6382,0.0239,0.7136,0.0277,"King and Queen County, VA",Q1: Least vulnerable,FALSE,0.25165
51099,VA,"King George County, VA",14881,0.012163161,0.122034809,0.865802029,0.286,0.294,26985,0.0528,0.09,0.1397,0.6647,0.0239,"King George County, VA",Q1: Least vulnerable,FALSE,0.1734
51101,VA,"King William County, VA",11513,0.003040042,0.14965691,0.847303049,0.281,0.292,17845,0.0334,0.1082,0.1874,0.5727,0.0022,"King William County, VA",Q1: Least vulnerable,FALSE,0.16269999999999998
51103,VA,"Lancaster County, VA",10531,0.057924224,0.121071123,0.821004653,0.284,0.286,10866,0.5075,0.7331,0.3907,0.7089,0.1565,"Lancaster County, VA",Q3,FALSE,0.39674999999999994
51105,VA,"Lee County, VA",20915,0,0.111116424,0.888883576,0.88,0.838,22287,0.8788,0.9217,0.908,0.2062,0.8374,"Lee County, VA",Q4: Most vulnerable,TRUE,0.8584
51107,VA,"Loudoun County, VA",105561,0.199514972,0.362321312,0.438163716,0.257,0.272,420773,0.1059,0.0197,0.3322,0.8524,0.1374,"Loudoun County, VA",Q1: Least vulnerable,FALSE,0.18895
51109,VA,"Louisa County, VA",25240,0.004635499,0.04655309,0.94881141,0.324,0.306,38106,0.2542,0.5049,0.1406,0.5829,0.0885,"Louisa County, VA",Q2,FALSE,0.2801
51111,VA,"Lunenburg County, VA",11234,0,0.115542104,0.884457896,0.281,0.272,11988,0.9243,0.7661,0.9561,0.7983,0.93,"Lunenburg County, VA",Q4: Most vulnerable,FALSE,0.59815
51113,VA,"Madison County, VA",11870,0,0.035383319,0.964616681,0.438,0.451,13828,0.1594,0.3398,0.077,0.4518,0.125,"Madison County, VA",Q1: Least vulnerable,FALSE,0.3052
51115,VA,"Mathews County, VA",9660,0.074120083,0.0563147,0.869565217,0.393,0.402,8537,0.1002,0.2205,0.307,0.4416,0.0127,"Mathews County, VA",Q1: Least vulnerable,FALSE,0.2511
51117,VA,"Mecklenburg County, VA",31572,0.004656024,0.128246548,0.867097428,0.272,0.261,30367,0.7308,0.5581,0.8088,0.7798,0.6812,"Mecklenburg County, VA",Q3,FALSE,0.4959
51119,VA,"Middlesex County, VA",11971,0.100075182,0.189123716,0.710801103,0.325,0.322,10738,0.3042,0.3089,0.3115,0.5644,0.3026,"Middlesex County, VA",Q2,FALSE,0.31310000000000004
51121,VA,"Montgomery County, VA",39768,0.01918628,0.448853349,0.53196037,0.609,0.605,99373,0.2873,0.3621,0.0029,0.4779,0.9017,"Montgomery County, VA",Q2,FALSE,0.44615
51125,VA,"Nelson County, VA",13228,1.51194e-4,0.026232235,0.973616571,0.532,0.549,14773,0.2536,0.3672,0.1699,0.5202,0.2033,"Nelson County, VA",Q2,FALSE,0.4013
51127,VA,"New Kent County, VA",15245,0.00111512,0.087700886,0.911183995,0.332,0.33,23296,0.0025,0.0115,0.0111,0.574,0.0111,"New Kent County, VA",Q1: Least vulnerable,FALSE,0.16625
51131,VA,"Northampton County, VA",10178,0.208980153,0.196600511,0.594419336,0.358,0.375,12132,0.79,0.6857,0.6977,0.8272,0.7782,"Northampton County, VA",Q4: Most vulnerable,FALSE,0.5825
51133,VA,"Northumberland County, VA",14469,0.100145138,0.11431336,0.785541503,0.304,0.297,12007,0.1922,0.3805,0.0757,0.6901,0.0935,"Northumberland County, VA",Q1: Least vulnerable,FALSE,0.24459999999999998
51135,VA,"Nottoway County, VA",11363,0,0.260670598,0.739329402,0.293,0.281,15638,0.8425,0.9303,0.5151,0.8438,0.6592,"Nottoway County, VA",Q4: Most vulnerable,FALSE,0.56175
51137,VA,"Orange County, VA",20219,0.00410505,0.12443741,0.87145754,0.312,0.297,36593,0.2593,0.2459,0.2434,0.5797,0.3172,"Orange County, VA",Q2,FALSE,0.27815
51139,VA,"Page County, VA",20332,0.007525084,0.190094432,0.802380484,0.607,0.629,23753,0.363,0.6602,0.3831,0.1753,0.1359,"Page County, VA",Q2,FALSE,0.496
51141,VA,"Patrick County, VA",17660,1.1325e-4,0.017044168,0.982842582,0.398,0.385,17660,0.2558,0.2768,0.3557,0.3058,0.2956,"Patrick County, VA",Q2,FALSE,0.3204
51143,VA,"Pittsylvania County, VA",50317,0.001570046,0.052606475,0.945823479,0.322,0.3,60541,0.7054,0.6777,0.7973,0.6233,0.5126,"Pittsylvania County, VA",Q3,FALSE,0.5027
51145,VA,"Powhatan County, VA",20094,4.9766e-5,0.034487907,0.965462327,0.241,0.23,30503,0.0022,0.0226,0.008,0.4248,0.0181,"Powhatan County, VA",Q1: Least vulnerable,FALSE,0.11610000000000001
51147,VA,"Prince Edward County, VA",13046,0,0.138739844,0.861260156,0.305,0.287,21922,0.6106,0.5313,0.1801,0.776,0.8552,"Prince Edward County, VA",Q3,FALSE,0.4488
51149,VA,"Prince George County, VA",19930,0.001204215,0.23020572,0.768590065,0.345,0.344,42634,0.3805,0.4582,0.0681,0.8549,0.4158,"Prince George County, VA",Q2,FALSE,0.36224999999999996
51153,VA,"Prince William County, VA",117074,0.275500965,0.301937236,0.422561799,0.191,0.192,481114,0.4117,0.3213,0.5813,0.9195,0.2144,"Prince William County, VA",Q2,FALSE,0.30185
51155,VA,"Pulaski County, VA",22779,0.012687124,0.328328724,0.658984152,0.537,0.507,33841,0.2011,0.2304,0.1658,0.2854,0.3465,"Pulaski County, VA",Q1: Least vulnerable,FALSE,0.35405
51157,VA,"Rappahannock County, VA",7572,0,0.015979926,0.984020074,0.442,0.46,7422,0.0573,0.4515,0.076,0.3824,0,"Rappahannock County, VA",Q1: Least vulnerable,FALSE,0.25865
51159,VA,"Richmond County, VA",6739,0.021961715,0.241875649,0.736162635,0.249,0.256,8968,0.5485,0.4566,0.2663,0.776,0.7289,"Richmond County, VA",Q3,FALSE,0.40225
51161,VA,"Roanoke County, VA",41299,0.186977893,0.375723383,0.437298724,0.616,0.631,96653,0.1333,0.0681,0.3134,0.4537,0.2339,"Roanoke County, VA",Q1: Least vulnerable,FALSE,0.38215
51163,VA,"Rockbridge County, VA",18650,0,0.08616622,0.91383378,0.635,0.651,22673,0.125,0.1753,0.1947,0.265,0.153,"Rockbridge County, VA",Q1: Least vulnerable,FALSE,0.388
51165,VA,"Rockingham County, VA",56626,0.098823862,0.172906439,0.728269699,0.557,0.575,83905,0.2526,0.2339,0.2733,0.3888,0.3808,"Rockingham County, VA",Q2,FALSE,0.41379999999999995
51167,VA,"Russell County, VA",24019,4.1634e-5,0.130480037,0.86947833,0.826,0.782,25763,0.3468,0.6023,0.2339,0.0169,0.3242,"Russell County, VA",Q2,FALSE,0.5644
51169,VA,"Scott County, VA",23056,0,0.092427134,0.907572866,0.778,0.734,21536,0.4712,0.4865,0.301,0.0169,0.7827,"Scott County, VA",Q2,FALSE,0.6026
51171,VA,"Shenandoah County, VA",31958,4.38075e-4,0.223074035,0.77648789,0.588,0.615,44337,0.4298,0.469,0.7992,0.4146,0.1476,"Shenandoah County, VA",Q2,FALSE,0.5224
51173,VA,"Smyth County, VA",24068,0,0.18738574,0.81261426,0.661,0.632,29799,0.6841,0.5542,0.8931,0.1152,0.7671,"Smyth County, VA",Q3,FALSE,0.65805
51175,VA,"Southampton County, VA",14589,1.3709e-4,0.240729317,0.759133594,0.344,0.341,18003,0.4279,0.3942,0.287,0.7693,0.4184,"Southampton County, VA",Q2,FALSE,0.38445
51177,VA,"Spotsylvania County, VA",58522,0.086787875,0.245634121,0.667578005,0.259,0.25,141097,0.2654,0.3303,0.2994,0.7261,0.1336,"Spotsylvania County, VA",Q2,FALSE,0.25770000000000004
51179,VA,"Stafford County, VA",54415,0.080198475,0.314931545,0.604869981,0.247,0.242,157606,0.2428,0.0904,0.4734,0.8212,0.2794,"Stafford County, VA",Q1: Least vulnerable,FALSE,0.2424
51181,VA,"Surry County, VA",8419,0.005938948,0.181256681,0.812804371,0.354,0.356,6546,0.448,0.5119,0.4031,0.8447,0.1995,"Surry County, VA",Q2,FALSE,0.402
51183,VA,"Sussex County, VA",9000,0,0.238111111,0.761888889,0.364,0.359,10866,0.7385,0.7012,0.2144,0.9201,0.8871,"Sussex County, VA",Q3,FALSE,0.5487500000000001
51185,VA,"Tazewell County, VA",29714,0,0.332065693,0.667934307,0.81,0.774,40392,0.5883,0.6417,0.5619,0.1409,0.665,"Tazewell County, VA",Q3,FALSE,0.68115
51187,VA,"Warren County, VA",19790,0,0.243708944,0.756291056,0.492,0.503,40800,0.496,0.6061,0.2704,0.4683,0.4792,"Warren County, VA",Q2,FALSE,0.4995
51191,VA,"Washington County, VA",41541,0.001877663,0.172215402,0.825906935,0.634,0.594,53985,0.2549,0.3124,0.3147,0.0579,0.3904,"Washington County, VA",Q2,FALSE,0.42445
51193,VA,"Westmoreland County, VA",14994,0.045218087,0.264572496,0.690209417,0.272,0.279,18480,0.8193,0.9281,0.903,0.7537,0.2638,"Westmoreland County, VA",Q4: Most vulnerable,FALSE,0.54915
51195,VA,"Wise County, VA",25099,0,0.351926372,0.648073628,0.889,0.85,36105,0.8046,0.8756,0.5387,0.2587,0.8937,"Wise County, VA",Q4: Most vulnerable,TRUE,0.8272999999999999
51197,VA,"Wythe County, VA",23692,8.4417e-5,0.179934155,0.819981428,0.577,0.555,28275,0.4139,0.3812,0.72,0.1339,0.3983,"Wythe County, VA",Q2,FALSE,0.48445000000000005
51199,VA,"York County, VA",28465,0.142842087,0.251888284,0.605269629,0.352,0.345,70238,0.1543,0.0633,0.5269,0.6911,0.1384,"York County, VA",Q1: Least vulnerable,FALSE,0.24964999999999998
51510,VA,"Alexandria city, VA",27537,0.920688528,0,0.079311472,0.13,0.126,157594,0.3178,0.2345,0.0242,0.8651,0.7442,"Alexandria city, VA",Q2,FALSE,0.22190000000000001
51520,VA,"Bristol city, VA",8401,0.026306392,0.698012141,0.275681466,0.534,0.471,17036,0.7696,0.8088,0.8381,0.3888,0.5902,"Bristol city, VA",Q4: Most vulnerable,FALSE,0.6203
51530,VA,"Buena Vista city, VA",3249,0,0.845183133,0.154816867,0.658,0.691,6639,0.4983,0.6332,0.3732,0.3961,0.4053,"Buena Vista city, VA",Q2,FALSE,0.59465
51540,VA,"Charlottesville city, VA",13949,0.28080866,0.488852247,0.230339092,0.226,0.236,46289,0.5727,0.6513,0.0334,0.72,0.8562,"Charlottesville city, VA",Q3,FALSE,0.40435
51550,VA,"Chesapeake city, VA",92330,0.457045381,0.194920394,0.348034225,0.508,0.581,249377,0.4149,0.3153,0.6125,0.8291,0.2475,"Chesapeake city, VA",Q2,FALSE,0.49795
51570,VA,"Colonial Heights city, VA",7962,0.455287616,0.395880432,0.148831952,0.253,0.252,18158,0.5651,0.4782,0.9443,0.678,0.1912,"Colonial Heights city, VA",Q3,FALSE,0.40855
51580,VA,"Covington city, VA",4297,0,0.896439376,0.103560624,0.582,0.61,5722,0.3128,0.4073,0.468,0.5237,0.1352,"Covington city, VA",Q2,FALSE,0.46140000000000003
51590,VA,"Danville city, VA",20934,0.217875227,0.42199293,0.360131843,0.201,0.189,42507,0.9796,0.9322,0.9765,0.9176,0.8979,"Danville city, VA",Q4: Most vulnerable,FALSE,0.5843
51595,VA,"Emporia city, VA",2815,3.5524e-4,0.540674956,0.458969805,0.318,0.313,5680,0.9233,0.9071,0.994,0.9784,0.4228,"Emporia city, VA",Q4: Most vulnerable,FALSE,0.61815
51600,VA,"Fairfax city, VA",7852,0.614620479,0.073993887,0.311385634,0.115,0.109,24242,0.3551,0.1413,0.1117,0.8508,0.8113,"Fairfax city, VA",Q2,FALSE,0.23205
51610,VA,"Falls Church city, VA",3518,0.67879477,0,0.32120523,0.048,0.044,14576,0.2189,0.055,0.4047,0.678,0.4486,"Falls Church city, VA",Q1: Least vulnerable,FALSE,0.13145
51620,VA,"Franklin city, VA",3707,0.152144591,0.465875371,0.381980038,0.303,0.295,8194,0.7938,0.7241,0.7165,0.9303,0.6745,"Franklin city, VA",Q4: Most vulnerable,FALSE,0.5444
51630,VA,"Fredericksburg city, VA",7360,0.763043478,0.073097826,0.163858696,0.205,0.206,28258,0.7636,0.5851,0.3624,0.8101,0.9675,"Fredericksburg city, VA",Q4: Most vulnerable,FALSE,0.48479999999999995
51640,VA,"Galax city, VA",3701,0,0.399621724,0.600378276,0.653,0.608,6687,0.9532,0.92490000000000006,0.9478,0.6561,0.8928,"Galax city, VA",Q4: Most vulnerable,FALSE,0.7806
51650,VA,"Hampton city, VA",57882,0.829428838,0,0.170571162,0.351,0.387,137217,0.748,0.6277,0.58,0.937,0.7464,"Hampton city, VA",Q3,FALSE,0.5675
51660,VA,"Harrisonburg city, VA",11551,0.59371483,0.283611809,0.122673362,0.392,0.372,51784,0.8648,0.9666,0.1234,0.7378,0.9504,"Harrisonburg city, VA",Q4: Most vulnerable,FALSE,0.6184000000000001
51670,VA,"Hopewell city, VA",10459,0.079453103,0.776460465,0.144086433,0.255,0.261,23046,0.8801,0.9138,0.8435,0.9074,0.6001,"Hopewell city, VA",Q4: Most vulnerable,FALSE,0.57055
51678,VA,"Lexington city, VA",2489,0,0.850140619,0.149859381,0.526,0.486,7346,0.0474,0.0789,0,0.5119,0.5912,"Lexington city, VA",Q1: Least vulnerable,FALSE,0.2667
51680,VA,"Lynchburg city, VA",28738,0.359454381,0.33798455,0.302561069,0.317,0.296,79166,0.7066,0.6917,0.1429,0.7684,0.9122,"Lynchburg city, VA",Q3,FALSE,0.5013
51683,VA,"Manassas city, VA",11206,0.687399607,0.18133143,0.131268963,0.13,0.127,42620,0.4884,0.5173,0.3137,0.931,0.3093,"Manassas city, VA",Q2,FALSE,0.3077
51685,VA,"Manassas Park city, VA",3461,0.20947703,0.589713956,0.200809015,0.202,0.199,17123,0.6532,0.7588,0.3261,0.9593,0.4295,"Manassas Park city, VA",Q3,FALSE,0.42610000000000003
51690,VA,"Martinsville city, VA",6766,0.001182383,0.575524682,0.423292935,0.178,0.17,13539,0.9297,0.8661,0.9882,0.9065,0.6414,"Martinsville city, VA",Q4: Most vulnerable,FALSE,0.54985
51700,VA,"Newport News city, VA",60372,0.591267475,0.178741801,0.229990724,0.347,0.346,185118,0.8406,0.6739,0.686,0.9154,0.9179,"Newport News city, VA",Q4: Most vulnerable,FALSE,0.5932999999999999
51710,VA,"Norfolk city, VA",71725,0.878773092,0,0.121226908,0.235,0.233,236973,0.8594,0.8451,0.4203,0.9084,0.9246,"Norfolk city, VA",Q4: Most vulnerable,FALSE,0.5462
51720,VA,"Norton city, VA",2058,0,0.774052478,0.225947522,0.827,0.785,3668,0.769,0.8549,0.6328,0.0757,0.8307,"Norton city, VA",Q4: Most vulnerable,TRUE,0.777
51730,VA,"Petersburg city, VA",14807,0.317890187,0.434726818,0.247382995,0.265,0.27,33261,0.9733,0.9701,0.9389,0.9885,0.79,"Petersburg city, VA",Q4: Most vulnerable,FALSE,0.62165
51735,VA,"Poquoson city, VA",5936,0.269373315,0.113039084,0.617587601,0.41,0.493,12479,0.0038,0.001,0.2386,0.3016,0.0048,"Poquoson city, VA",Q1: Least vulnerable,FALSE,0.2484
51740,VA,"Portsmouth city, VA",39257,0.860967471,0,0.139032529,0.24,0.251,97384,0.8355,0.804,0.6039,0.937,0.7766,"Portsmouth city, VA",Q4: Most vulnerable,FALSE,0.54325
51750,VA,"Radford city, VA",4799,0.008543447,0.77787039,0.213586164,0.457,0.425,16379,0.3408,0.735,0.0032,0.4779,0.5243,"Radford city, VA",Q2,FALSE,0.3829
51760,VA,"Richmond city, VA",80463,0.763369499,0.031579732,0.205050769,0.177,0.171,227171,0.8333,0.8575,0.3016,0.9109,0.8823,"Richmond city, VA",Q4: Most vulnerable,FALSE,0.50215
51770,VA,"Roanoke city, VA",38472,0.707735496,0.215507382,0.076757122,0.399,0.394,99213,0.8521,0.8718,0.6624,0.8088,0.7639,"Roanoke city, VA",Q4: Most vulnerable,FALSE,0.62305
51775,VA,"Salem city, VA",11007,0.342872717,0.564640683,0.092486599,0.462,0.474,25372,0.3248,0.2253,0.083,0.4613,0.8046,"Salem city, VA",Q2,FALSE,0.3994
51790,VA,"Staunton city, VA",10645,0.365335838,0.413527478,0.221136684,0.456,0.427,25581,0.6048,0.5262,0.468,0.5317,0.748,"Staunton city, VA",Q3,FALSE,0.5159
51800,VA,"Suffolk city, VA",46253,0.185285279,0.257734633,0.556980088,0.384,0.4,94856,0.4788,0.4715,0.4553,0.882,0.2806,"Suffolk city, VA",Q2,FALSE,0.4394
51810,VA,"Virginia Beach city, VA",136707,0.572940669,0.221166436,0.205892895,0.586,0.699,457900,0.307,0.2743,0.3465,0.7843,0.2377,"Virginia Beach city, VA",Q2,FALSE,0.503
51820,VA,"Waynesboro city, VA",9354,0.284049604,0.54564892,0.170301475,0.465,0.478,22341,0.7601,0.7735,0.9042,0.6332,0.4069,"Waynesboro city, VA",Q4: Most vulnerable,FALSE,0.61905
51830,VA,"Williamsburg city, VA",5243,0.009727255,0.635704749,0.354567995,0.313,0.301,15486,0.3802,0.4846,0.0188,0.6962,0.6398,"Williamsburg city, VA",Q2,FALSE,0.3406
51840,VA,"Winchester city, VA",9835,0.691204881,0.217895272,0.090899847,0.3,0.29,28103,0.9033,0.8689,0.791,0.7366,0.9135,"Winchester city, VA",Q4: Most vulnerable,FALSE,0.59665
53001,WA,"Adams County, WA",12566,0.225608786,0.385643801,0.388747414,0.861,0.846,20557,0.98,0.9835,0.7467,0.9526,0.9621,"Adams County, WA",Q4: Most vulnerable,TRUE,0.913
53003,WA,"Asotin County, WA",13701,0.119918254,0.581928326,0.298153419,0.936,0.906,22370,0.4283,0.5743,0.5807,0.3535,0.1826,"Asotin County, WA",Q2,FALSE,0.66715
53005,WA,"Benton County, WA",88783,0.454231103,0.303064776,0.242704121,0.951,0.935,207560,0.6405,0.4232,0.8441,0.6993,0.6157,"Benton County, WA",Q3,FALSE,0.78775
53007,WA,"Chelan County, WA",45699,0.109170879,0.400621458,0.490207663,1,0.999,79076,0.79990000000000006,0.5068,0.9542,0.7098,0.8129,"Chelan County, WA",Q4: Most vulnerable,TRUE,0.8994500000000001
53009,WA,"Clallam County, WA",52314,0.120101694,0.428030737,0.451867569,0.233,0.246,77333,0.5861,0.4753,0.6128,0.5161,0.6799,"Clallam County, WA",Q3,FALSE,0.41605
53011,WA,"Clark County, WA",197604,0.561076699,0.167036092,0.271887209,0.409,0.394,504091,0.4257,0.3264,0.5037,0.6013,0.448,"Clark County, WA",Q2,FALSE,0.40985000000000005
53013,WA,"Columbia County, WA",4573,0.424885196,0.061228953,0.513885852,0.896,0.898,3980,0.3576,0.2549,0.9275,0.5005,0.1063,"Columbia County, WA",Q2,FALSE,0.6278
53015,WA,"Cowlitz County, WA",57904,0.201298701,0.342014369,0.45668693,0.315,0.314,110621,0.7124,0.5288,0.8514,0.504,0.7426,"Cowlitz County, WA",Q3,FALSE,0.5132
53017,WA,"Douglas County, WA",22838,0.108196865,0.476004904,0.415798231,0.972,0.961,43189,0.8116,0.4909,0.9911,0.7668,0.6939,"Douglas County, WA",Q4: Most vulnerable,TRUE,0.8863
53019,WA,"Ferry County, WA",9075,0.007162534,0.087713499,0.905123967,0.98,0.974,7260,0.7159,0.6443,0.5905,0.6481,0.749,"Ferry County, WA",Q3,FALSE,0.84495
53021,WA,"Franklin County, WA",37807,0.69077155,0.08863438,0.22059407,0.886,0.864,96692,0.9147,0.8909,0.8715,0.9243,0.7833,"Franklin County, WA",Q4: Most vulnerable,TRUE,0.88935
53023,WA,"Garfield County, WA",3098,0.005487411,0.361523564,0.632989025,0.895,0.882,2310,0.2456,0.1702,0.6007,0.328,0.2685,"Garfield County, WA",Q1: Least vulnerable,FALSE,0.5638
53025,WA,"Grant County, WA",57273,0.337820614,0.308452499,0.353726887,0.909,0.9,99145,0.931,0.8323,0.889,0.8657,0.9271,"Grant County, WA",Q4: Most vulnerable,TRUE,0.9155
53027,WA,"Grays Harbor County, WA",48279,0.14368566,0.450030034,0.406284306,0.169,0.165,75672,0.8215,0.6694,0.8409,0.5654,0.8988,"Grays Harbor County, WA",Q4: Most vulnerable,FALSE,0.49325
53029,WA,"Island County, WA",49684,0.184365188,0.332139119,0.483495693,0.096,0.102,86510,0.3032,0.2498,0.322,0.5679,0.3945,"Island County, WA",Q2,FALSE,0.2026
53031,WA,"Jefferson County, WA",24171,0.160812544,0.286996814,0.552190642,0.208,0.223,33006,0.3643,0.4063,0.2946,0.4085,0.3974,"Jefferson County, WA",Q2,FALSE,0.29365
53033,WA,"King County, WA",689110,0.725033739,0.126844771,0.14812149,0.604,0.646,2254371,0.3761,0.1938,0.0496,0.8199,0.8816,"King County, WA",Q2,FALSE,0.51105
53035,WA,"Kitsap County, WA",121407,0.256607939,0.273328556,0.470063505,0.172,0.179,275411,0.3334,0.195,0.2514,0.6128,0.6236,"Kitsap County, WA",Q2,FALSE,0.2562
53037,WA,"Kittitas County, WA",34138,0.153699689,0.170455211,0.675845099,1,0.998,44424,0.3366,0.5132,0.013,0.5202,0.6265,"Kittitas County, WA",Q2,FALSE,0.6673
53039,WA,"Klickitat County, WA",19836,0.035591853,0.271022384,0.693385763,0.997,0.996,22798,0.6414,0.6389,0.7178,0.525,0.4995,"Klickitat County, WA",Q3,FALSE,0.8187
53041,WA,"Lewis County, WA",61277,3.10067e-4,0.298431712,0.701258221,0.663,0.693,82663,0.7028,0.608,0.7887,0.5081,0.6739,"Lewis County, WA",Q3,FALSE,0.6979
53043,WA,"Lincoln County, WA",14396,0.160113921,0.273756599,0.56612948,0.93,0.924,11036,0.2113,0.1489,0.6131,0.3058,0.2132,"Lincoln County, WA",Q1: Least vulnerable,FALSE,0.56765
53045,WA,"Mason County, WA",41689,0.05289165,0.28846938,0.65863897,0.223,0.223,66053,0.573,0.4776,0.7162,0.5679,0.525,"Mason County, WA",Q3,FALSE,0.39799999999999996
53047,WA,"Okanogan County, WA",39270,0.037687802,0.247669977,0.714642221,0.994,0.989,42336,0.9453,0.8836,0.9889,0.7502,0.7595,"Okanogan County, WA",Q4: Most vulnerable,TRUE,0.96715
53049,WA,"Pacific County, WA",22324,0.077987816,0.46510482,0.456907364,0.18,0.181,23396,0.7038,0.3923,0.9096,0.5371,0.8221,"Pacific County, WA",Q3,FALSE,0.4424
53051,WA,"Pend Oreille County, WA",14188,0.020087398,0.160064844,0.819847759,0.69,0.738,13570,0.4314,0.447,0.4235,0.4314,0.4279,"Pend Oreille County, WA",Q2,FALSE,0.5847
53053,WA,"Pierce County, WA",368961,0.625272048,0.178723497,0.196004456,0.706,0.737,918993,0.5434,0.3452,0.4744,0.7391,0.735,"Pierce County, WA",Q3,FALSE,0.6402
53055,WA,"San Juan County, WA",17608,0.052703317,0.169241254,0.778055429,0.159,0.183,18001,0.1527,0.2424,0.092,0.3723,0.2179,"San Juan County, WA",Q1: Least vulnerable,FALSE,0.16785
53057,WA,"Skagit County, WA",77345,0.247061866,0.320848148,0.432089986,0.39,0.441,129480,0.5982,0.4642,0.7426,0.6402,0.5619,"Skagit County, WA",Q3,FALSE,0.5196
53059,WA,"Skamania County, WA",8536,0.008083411,0.216260544,0.775656045,0.9,0.927,12118,0.2345,0.2619,0.1432,0.5011,0.3252,"Skamania County, WA",Q1: Least vulnerable,FALSE,0.58075
53061,WA,"Snohomish County, WA",307039,0.445422243,0.259846469,0.294731288,0.332,0.368,828337,0.3557,0.2428,0.1919,0.7178,0.5832,"Snohomish County, WA",Q2,FALSE,0.36185
53063,WA,"Spokane County, WA",256247,0.4179366,0.321798889,0.26026451,0.829,0.817,538711,0.5638,0.4181,0.419,0.4871,0.8457,"Spokane County, WA",Q3,FALSE,0.6903999999999999
53065,WA,"Stevens County, WA",44497,0.011821022,0.223588107,0.764590871,0.932,0.927,46774,0.4652,0.4613,0.5873,0.4248,0.4018,"Stevens County, WA",Q2,FALSE,0.6961
53067,WA,"Thurston County, WA",136232,0.299760702,0.280433378,0.419805919,0.295,0.281,294272,0.3939,0.3026,0.3443,0.6424,0.5024,"Thurston County, WA",Q2,FALSE,0.33745000000000003
53069,WA,"Wahkiakum County, WA",4130,0.041162228,0.142615012,0.81622276,0.15,0.148,4476,0.2039,0.3538,0.1514,0.4839,0.1301,"Wahkiakum County, WA",Q1: Least vulnerable,FALSE,0.17595
53071,WA,"Walla Walla County, WA",31823,0.57433303,0.146717783,0.278949188,0.882,0.865,62150,0.8078,0.6755,0.7416,0.6634,0.8858,"Walla Walla County, WA",Q4: Most vulnerable,TRUE,0.8364
53073,WA,"Whatcom County, WA",107293,0.322891521,0.24863691,0.428471569,0.377,0.429,226523,0.5002,0.4203,0.1104,0.5778,0.8667,"Whatcom County, WA",Q3,FALSE,0.4646
53075,WA,"Whitman County, WA",26157,0.501548343,0.188286118,0.310165539,0.748,0.743,47141,0.5186,0.6239,0.0099,0.5953,0.9154,"Whitman County, WA",Q3,FALSE,0.6308
53077,WA,"Yakima County, WA",121396,0.397311279,0.19439685,0.408291871,0.994,0.991,256143,0.9647,0.9698,0.8976,0.9154,0.8317,"Yakima County, WA",Q4: Most vulnerable,TRUE,0.97785
54001,WV,"Barbour County, WV",12698,0,0.128366672,0.871633328,0.333,0.32,15527,0.4563,0.6713,0.1782,0.2062,0.4855,"Barbour County, WV",Q2,FALSE,0.38815
54003,WV,"Berkeley County, WV",55352,0.03864359,0.335868623,0.625487787,0.385,0.387,123283,0.2704,0.3296,0.1756,0.4913,0.3159,"Berkeley County, WV",Q2,FALSE,0.3287
54005,WV,"Boone County, WV",14250,0,0.212,0.788,0.919,0.887,21705,0.4003,0.5794,0.5641,0.0032,0.2603,"Boone County, WV",Q2,FALSE,0.64365000000000006
54007,WV,"Braxton County, WV",12618,6.34015e-4,0.109446822,0.889919163,0.416,0.414,12505,0.6013,0.8158,0.2342,0.314,0.5768,"Braxton County, WV",Q3,FALSE,0.5076499999999999
54009,WV,"Brooke County, WV",13625,0.00146789,0.50840367,0.49012844,0.259,0.247,22349,0.378,0.2272,0.5616,0.0983,0.7124,"Brooke County, WV",Q2,FALSE,0.3125
54011,WV,"Cabell County, WV",48826,0.147544341,0.46530537,0.387150289,0.556,0.522,93965,0.7276,0.784,0.3863,0.3086,0.8635,"Cabell County, WV",Q3,FALSE,0.6248
54013,WV,"Calhoun County, WV",7058,0,0.038679513,0.961320487,0.396,0.391,6279,0.4696,0.7302,0.4028,0.021,0.3373,"Calhoun County, WV",Q2,FALSE,0.4303
54015,WV,"Clay County, WV",7361,0,0.02458905,0.97541095,0.819,0.799,8049,0.538,0.6685,0.4734,0.0057,0.6052,"Clay County, WV",Q3,FALSE,0.6685000000000001
54017,WV,"Doddridge County, WV",6866,0,0.089863094,0.910136906,0.311,0.309,7847,0.2625,0.4591,0.0366,0.1225,0.5275,"Doddridge County, WV",Q2,FALSE,0.28575
54019,WV,"Fayette County, WV",29120,0.001510989,0.332760989,0.665728022,0.795,0.775,40545,0.7019,0.7922,0.5231,0.2109,0.7445,"Fayette County, WV",Q3,FALSE,0.73845
54021,WV,"Gilmer County, WV",6538,0,0.096206791,0.903793209,0.353,0.35,7444,0.4849,0.5297,0.1295,0.5542,0.6621,"Gilmer County, WV",Q2,FALSE,0.41745
54023,WV,"Grant County, WV",11533,5.20246e-4,0.151218243,0.84826151,0.523,0.54,11034,0.2695,0.4368,0.3198,0.0299,0.2679,"Grant County, WV",Q2,FALSE,0.40475000000000005
54025,WV,"Greenbrier County, WV",29104,0,0.269241341,0.730758659,0.563,0.574,32995,0.4537,0.5848,0.3468,0.2234,0.4477,"Greenbrier County, WV",Q2,FALSE,0.5138499999999999
54027,WV,"Hampshire County, WV",20579,0,0.071237669,0.928762331,0.483,0.504,23275,0.4699,0.7235,0.3,0.0821,0.3929,"Hampshire County, WV",Q2,FALSE,0.48695
54029,WV,"Hancock County, WV",17949,0.001225695,0.528608836,0.470165469,0.258,0.251,28907,0.2969,0.5221,0.2622,0.1696,0.2109,"Hancock County, WV",Q2,FALSE,0.27395
54031,WV,"Hardy County, WV",14662,0,0.125699086,0.874300914,0.591,0.625,14249,0.3942,0.4874,0.3602,0.3086,0.3742,"Hardy County, WV",Q2,FALSE,0.5096
54033,WV,"Harrison County, WV",40088,0.001147476,0.460486929,0.538365596,0.297,0.288,65862,0.4703,0.476,0.2409,0.1508,0.7814,"Harrison County, WV",Q2,FALSE,0.37915
54035,WV,"Jackson County, WV",21847,8.23912e-4,0.212431913,0.786744175,0.374,0.361,27868,0.2934,0.3112,0.294,0.014,0.5558,"Jackson County, WV",Q2,FALSE,0.3272
54037,WV,"Jefferson County, WV",28472,0.008183479,0.313220006,0.678596516,0.342,0.336,58043,0.217,0.2164,0.0738,0.5011,0.4658,"Jefferson County, WV",Q1: Least vulnerable,FALSE,0.2765
54039,WV,"Kanawha County, WV",104110,0.019661896,0.527144367,0.453193737,0.835,0.81,179895,0.5339,0.4696,0.4804,0.3824,0.6949,"Kanawha County, WV",Q3,FALSE,0.67195
54041,WV,"Lewis County, WV",13947,5.736e-4,0.248870725,0.750555675,0.326,0.319,16920,0.5568,0.5635,0.4356,0.1696,0.7617,"Lewis County, WV",Q3,FALSE,0.43789999999999996
54043,WV,"Lincoln County, WV",15574,0,0.078720945,0.921279055,0.834,0.788,20410,0.3983,0.5364,0.461,0.0083,0.3863,"Lincoln County, WV",Q2,FALSE,0.5931500000000001
54045,WV,"Logan County, WV",20040,0,0.319111776,0.680888224,0.949,0.925,32350,0.6624,0.8069,0.5014,0.0337,0.7178,"Logan County, WV",Q3,FALSE,0.7937000000000001
54047,WV,"McDowell County, WV",14957,0,0.175302534,0.824697466,0.886,0.845,18911,0.8721,0.9131,0.8237,0.5202,0.7601,"McDowell County, WV",Q4: Most vulnerable,TRUE,0.8585499999999999
54049,WV,"Marion County, WV",33213,2.10761e-4,0.424713215,0.575076024,0.307,0.299,56194,0.4394,0.4671,0.3777,0.2164,0.5632,"Marion County, WV",Q2,FALSE,0.3692
54051,WV,"Marshall County, WV",23980,5.00417e-4,0.398331943,0.60116764,0.282,0.278,30509,0.2167,0.2552,0.4827,0.0675,0.2237,"Marshall County, WV",Q1: Least vulnerable,FALSE,0.24735000000000001
54053,WV,"Mason County, WV",22538,0.004170734,0.272384417,0.723444849,0.37,0.357,25488,0.2774,0.3137,0.1737,0.0229,0.6074,"Mason County, WV",Q2,FALSE,0.3172
54055,WV,"Mercer County, WV",40998,0,0.434509,0.565491,0.663,0.639,59530,0.7343,0.5943,0.7856,0.314,0.8791,"Mercer County, WV",Q3,FALSE,0.68665
54057,WV,"Mineral County, WV",18553,0,0.2984423,0.7015577,0.426,0.432,26957,0.2135,0.1884,0.357,0.1654,0.3786,"Mineral County, WV",Q1: Least vulnerable,FALSE,0.32275
54059,WV,"Mingo County, WV",15857,0,0.207479347,0.792520653,0.951,0.923,23466,0.6761,0.8422,0.4687,0.0337,0.7092,"Mingo County, WV",Q3,FALSE,0.79955
54061,WV,"Monongalia County, WV",41680,0.189851248,0.249952015,0.560196737,0.305,0.298,105988,0.3325,0.525,0.0041,0.3748,0.8225,"Monongalia County, WV",Q2,FALSE,0.31525000000000003
54063,WV,"Monroe County, WV",14700,0,0.08170068,0.91829932,0.571,0.58,12438,0.3901,0.5842,0.7276,0.0821,0.119,"Monroe County, WV",Q2,FALSE,0.48505
54065,WV,"Morgan County, WV",13233,0,0.111766039,0.888233961,0.433,0.458,17237,0.1759,0.4286,0.0808,0.1094,0.1779,"Morgan County, WV",Q1: Least vulnerable,FALSE,0.31695
54067,WV,"Nicholas County, WV",20581,9.7177e-5,0.157329576,0.842573247,0.754,0.744,24624,0.2794,0.4066,0.5638,0.0089,0.1903,"Nicholas County, WV",Q2,FALSE,0.5117
54069,WV,"Ohio County, WV",20964,9.06316e-4,0.534917001,0.464176684,0.27,0.255,42224,0.4741,0.3983,0.4324,0.2485,0.7117,"Ohio County, WV",Q2,FALSE,0.36455000000000004
54071,WV,"Pendleton County, WV",11461,0,0.060989442,0.939010558,0.565,0.594,6156,0.2666,0.5829,0.2991,0.0757,0.1091,"Pendleton County, WV",Q2,FALSE,0.4303
54073,WV,"Pleasants County, WV",5597,0.006432017,0.302126139,0.691441844,0.29,0.289,7622,0.4295,0.4893,0.3338,0.0379,0.6207,"Pleasants County, WV",Q2,FALSE,0.35924999999999996
54075,WV,"Pocahontas County, WV",11380,8.7873e-5,0.092442882,0.907469244,0.47,0.482,7940,0.5546,0.6589,0.2001,0.0627,0.8466,"Pocahontas County, WV",Q3,FALSE,0.5183
54077,WV,"Preston County, WV",25715,5.83317e-4,0.115030138,0.884386545,0.365,0.364,34206,0.4591,0.518,0.1091,0.335,0.7429,"Preston County, WV",Q2,FALSE,0.41154999999999997
54079,WV,"Putnam County, WV",33298,0.004775062,0.461769476,0.533455463,0.536,0.507,57347,0.077,0.084,0.1912,0.0757,0.209,"Putnam County, WV",Q1: Least vulnerable,FALSE,0.292
54081,WV,"Raleigh County, WV",49097,0.035745565,0.364197405,0.60005703,0.8,0.768,74303,0.7887,0.7439,0.7722,0.3748,0.8447,"Raleigh County, WV",Q4: Most vulnerable,TRUE,0.77835
54083,WV,"Randolph County, WV",21488,0,0.259633284,0.740366716,0.363,0.367,28005,0.5189,0.6475,0.0983,0.2399,0.7871,"Randolph County, WV",Q3,FALSE,0.44295
54085,WV,"Ritchie County, WV",9826,0,0.150722573,0.849277427,0.308,0.301,8507,0.2609,0.4419,0.5705,0.0083,0.1222,"Ritchie County, WV",Q2,FALSE,0.28095000000000003
54087,WV,"Roane County, WV",12683,0,0.077111094,0.922888906,0.463,0.459,14027,0.6141,0.8953,0.5126,0.0379,0.3942,"Roane County, WV",Q3,FALSE,0.53655
54089,WV,"Summers County, WV",12799,0.003203375,0.164153449,0.832643175,0.534,0.52,11985,0.6752,0.6236,0.4499,0.2294,0.9262,"Summers County, WV",Q3,FALSE,0.5976
54091,WV,"Taylor County, WV",11159,1.79228e-4,0.235773815,0.764046958,0.329,0.315,16602,0.3538,0.5418,0.252,0.0337,0.4009,"Taylor County, WV",Q2,FALSE,0.33440000000000003
54093,WV,"Tucker County, WV",7607,0,0.223084002,0.776915998,0.41,0.419,6747,0.2615,0.3255,0.1721,0.0048,0.5399,"Tucker County, WV",Q2,FALSE,0.34025
54095,WV,"Tyler County, WV",8223,6.08051e-4,0.218411772,0.780980178,0.301,0.295,8336,0.1349,0.1826,0.3105,0.0115,0.2017,"Tyler County, WV",Q1: Least vulnerable,FALSE,0.21494999999999997
54097,WV,"Upshur County, WV",17125,0,0.233051095,0.766948905,0.306,0.296,23875,0.6045,0.7283,0.2762,0.1037,0.805,"Upshur County, WV",Q3,FALSE,0.45025000000000004
54099,WV,"Wayne County, WV",26501,0.042526697,0.278366854,0.679106449,0.823,0.779,38933,0.3694,0.573,0.3334,0.0169,0.343,"Wayne County, WV",Q2,FALSE,0.5742
54101,WV,"Webster County, WV",7364,0,0.106056491,0.893943509,0.407,0.408,8362,0.4916,0.7095,0.3261,0.1508,0.434,"Webster County, WV",Q2,FALSE,0.4498
54103,WV,"Wetzel County, WV",12532,0.001516119,0.334982445,0.663501436,0.307,0.309,14431,0.3201,0.3799,0.2704,0.0264,0.5434,"Wetzel County, WV",Q2,FALSE,0.31455
54105,WV,"Wirt County, WV",5636,0,0.113378282,0.886621718,0.312,0.304,5202,0.2552,0.3913,0.2774,0.0115,0.3163,"Wirt County, WV",Q2,FALSE,0.27959999999999996
54107,WV,"Wood County, WV",50930,0.242018457,0.296485372,0.461496171,0.271,0.261,84272,0.3869,0.4862,0.4658,0.0757,0.3907,"Wood County, WV",Q2,FALSE,0.32395
54109,WV,"Wyoming County, WV",15532,0,0.193729075,0.806270925,0.896,0.858,21237,0.5173,0.7213,0.3942,0.0089,0.5084,"Wyoming County, WV",Q3,FALSE,0.68765
55001,WI,"Adams County, WI",27691,0.111119136,0.080712145,0.808168719,0.292,0.31,20730,0.5259,0.5679,0.399,0.342,0.5962,"Adams County, WI",Q3,FALSE,0.41795000000000004
55003,WI,"Ashland County, WI",15293,0.009023736,0.357614595,0.633361669,0.104,0.099,16041,0.4852,0.3252,0.3271,0.503,0.8031,"Ashland County, WI",Q2,FALSE,0.2921
55005,WI,"Barron County, WI",40970,0.276617037,0.134976812,0.588406151,0.117,0.115,46683,0.4009,0.3713,0.6198,0.2234,0.4216,"Barron County, WI",Q2,FALSE,0.25795
55007,WI,"Bayfield County, WI",25405,0.012595946,0.109899626,0.877504428,0.171,0.177,16214,0.097,0.1199,0.1457,0.4604,0.1209,"Bayfield County, WI",Q1: Least vulnerable,FALSE,0.137
55009,WI,"Brown County, WI",118388,0.721019022,0.027823766,0.251157212,0.07,0.067,268393,0.3007,0.1492,0.4133,0.5444,0.5364,"Brown County, WI",Q2,FALSE,0.18385
55011,WI,"Buffalo County, WI",16539,0.051333212,0.400991596,0.547675192,0.182,0.177,13329,0.0595,0.1524,0.224,0.0675,0.0525,"Buffalo County, WI",Q1: Least vulnerable,FALSE,0.11825
55013,WI,"Burnett County, WI",26016,0.017758303,0.085370541,0.896871156,0.499,0.539,16561,0.1928,0.412,0.23,0.2879,0.0824,"Burnett County, WI",Q1: Least vulnerable,FALSE,0.3659
55015,WI,"Calumet County, WI",30488,0.608928103,0.128771976,0.262299921,0.118,0.112,52361,0.0115,0.0086,0.1009,0.3058,0.0391,"Calumet County, WI",Q1: Least vulnerable,FALSE,0.06175
55017,WI,"Chippewa County, WI",46446,0.309004005,0.143801404,0.547194592,0.105,0.105,66254,0.1056,0.1686,0.0675,0.1572,0.2704,"Chippewa County, WI",Q1: Least vulnerable,FALSE,0.1053
55019,WI,"Clark County, WI",32451,0.297155712,0.124618656,0.578225632,0.166,0.164,34703,0.6347,0.6096,0.5584,0.2265,0.7929,"Clark County, WI",Q3,FALSE,0.39935000000000004
55021,WI,"Columbia County, WI",40214,0.251454717,0.287387477,0.461157806,0.239,0.234,58272,0.0993,0.0668,0.1053,0.2399,0.3878,"Columbia County, WI",Q1: Least vulnerable,FALSE,0.16665000000000002
55023,WI,"Crawford County, WI",17107,0.008008418,0.393523119,0.598468463,0.207,0.196,16123,0.2905,0.2679,0.182,0.1409,0.6602,"Crawford County, WI",Q2,FALSE,0.24325
55025,WI,"Dane County, WI",199015,0.646232696,0.086013617,0.267753687,0.207,0.203,559891,0.1855,0.1053,0.0388,0.5616,0.65,"Dane County, WI",Q1: Least vulnerable,FALSE,0.19425
55027,WI,"Dodge County, WI",57335,0.622795849,0.075189675,0.302014476,0.263,0.252,89032,0.1584,0.1613,0.0818,0.3248,0.4349,"Dodge County, WI",Q1: Least vulnerable,FALSE,0.2052
55029,WI,"Door County, WI",34440,0.164634146,0.139808362,0.695557491,0.181,0.177,30038,0.0525,0.1066,0.1499,0.1572,0.0808,"Door County, WI",Q1: Least vulnerable,FALSE,0.11474999999999999
55031,WI,"Douglas County, WI",35893,0.299278411,0.136015379,0.56470621,0.31,0.33,44092,0.2946,0.1654,0.3633,0.2692,0.6573,"Douglas County, WI",Q2,FALSE,0.3123
55033,WI,"Dunn County, WI",31910,0.148730805,0.24428079,0.606988405,0.137,0.133,45221,0.188,0.2195,0.0235,0.2234,0.6615,"Dunn County, WI",Q1: Least vulnerable,FALSE,0.1605
55035,WI,"Eau Claire County, WI",50036,0.419877688,0.147273963,0.432848349,0.188,0.187,105697,0.1616,0.1301,0.0487,0.3388,0.5896,"Eau Claire County, WI",Q1: Least vulnerable,FALSE,0.1743
55037,WI,"Florence County, WI",7513,0.004259284,0.066018901,0.929721816,0.154,0.155,4574,0.112,0.3458,0.1317,0.0379,0.0697,"Florence County, WI",Q1: Least vulnerable,FALSE,0.1335
55039,WI,"Fond du Lac County, WI",64166,0.65436524,0.057647352,0.287987408,0.237,0.229,104027,0.1887,0.091,0.1766,0.3592,0.5597,"Fond du Lac County, WI",Q1: Least vulnerable,FALSE,0.20885
55041,WI,"Forest County, WI",13439,0.007887492,0.104397649,0.88771486,0.093,0.093,9239,0.3799,0.4563,0.2208,0.552,0.3691,"Forest County, WI",Q2,FALSE,0.23645
55043,WI,"Grant County, WI",43349,0.117511361,0.41998662,0.462502019,0.169,0.159,51842,0.2224,0.2685,0.0379,0.0983,0.6968,"Grant County, WI",Q1: Least vulnerable,FALSE,0.19069999999999998
55045,WI,"Green County, WI",31180,0.466100064,0.081847338,0.45205259800000003,0.173,0.164,37066,0.0684,0.048,0.2701,0.1276,0.1887,"Green County, WI",Q1: Least vulnerable,FALSE,0.1162
55047,WI,"Green Lake County, WI",17531,0.189321773,0.305687069,0.504991159,0.321,0.307,19093,0.4228,0.3261,0.6987,0.2399,0.4779,"Green Lake County, WI",Q2,FALSE,0.3649
55049,WI,"Iowa County, WI",22166,0.112063521,0.326581251,0.561355229,0.229,0.217,23766,0.0051,0.0172,0.0493,0.1339,0.0328,"Iowa County, WI",Q1: Least vulnerable,FALSE,0.11105
55051,WI,"Iron County, WI",8350,0.008263473,0.179760479,0.811976048,0.101,0.1,6136,0.0926,0.2087,0.2049,0.0757,0.0834,"Iron County, WI",Q1: Least vulnerable,FALSE,0.0963
55053,WI,"Jackson County, WI",19895,0.030359387,0.274038703,0.69560191,0.25,0.252,20958,0.5231,0.5126,0.2424,0.4146,0.7541,"Jackson County, WI",Q3,FALSE,0.38755
55055,WI,"Jefferson County, WI",49025,0.554513004,0.084711882,0.360775115,0.223,0.217,85932,0.1276,0.1107,0.0684,0.335,0.4283,"Jefferson County, WI",Q1: Least vulnerable,FALSE,0.1723
55057,WI,"Juneau County, WI",26791,0.030681945,0.281288492,0.688029562,0.275,0.284,26695,0.4273,0.4489,0.2354,0.342,0.6166,"Juneau County, WI",Q2,FALSE,0.35565
55059,WI,"Kenosha County, WI",82011,0.729182671,0.018448745,0.252368585,0.198,0.194,168693,0.5215,0.4543,0.4718,0.6268,0.5546,"Kenosha County, WI",Q3,FALSE,0.35775
55061,WI,"Kewaunee County, WI",18779,0.537462059,0.04110975,0.421428191,0.058,0.053,20570,0.0064,0.0118,0.1107,0.1225,0.022,"Kewaunee County, WI",Q1: Least vulnerable,FALSE,0.0297
55063,WI,"La Crosse County, WI",55499,0.240562893,0.511612822,0.247824285,0.191,0.183,120216,0.182,0.1514,0.0318,0.3388,0.6672,"La Crosse County, WI",Q1: Least vulnerable,FALSE,0.1825
55065,WI,"Lafayette County, WI",19416,0.418881335,0.118922538,0.462196127,0.137,0.129,16716,0.1339,0.2383,0.3936,0.1508,0.0643,"Lafayette County, WI",Q1: Least vulnerable,FALSE,0.13145
55067,WI,"Langlade County, WI",20920,0.154015296,0.147657744,0.69832696,0.133,0.134,19512,0.1607,0.258,0.2669,0.1572,0.1613,"Langlade County, WI",Q1: Least vulnerable,FALSE,0.14735
55069,WI,"Lincoln County, WI",25065,0.06929982,0.189028526,0.741671654,0.133,0.134,28402,0.1775,0.2485,0.1995,0.1037,0.2848,"Lincoln County, WI",Q1: Least vulnerable,FALSE,0.15575
55071,WI,"Manitowoc County, WI",58106,0.517020617,0.166540461,0.316438922,0.084,0.078,81242,0.1346,0.0566,0.3993,0.3248,0.2854,"Manitowoc County, WI",Q1: Least vulnerable,FALSE,0.1063
55073,WI,"Marathon County, WI",85089,0.215068928,0.244461681,0.540469391,0.165,0.165,137820,0.1473,0.1161,0.3086,0.3697,0.2224,"Marathon County, WI",Q1: Least vulnerable,FALSE,0.15615
55075,WI,"Marinette County, WI",47106,0.111365856,0.153717149,0.734916996,0.156,0.16,41827,0.1088,0.118,0.1349,0.0735,0.3379,"Marinette County, WI",Q1: Least vulnerable,FALSE,0.1344
55077,WI,"Marquette County, WI",17966,0.045474786,0.215573862,0.738951353,0.319,0.312,15619,0.2227,0.2829,0.44,0.1861,0.1896,"Marquette County, WI",Q1: Least vulnerable,FALSE,0.26735
55078,WI,"Menominee County, WI",3285,0.008523592,0.076103501,0.915372907,0.179,0.178,4279,0.5743,0.5692,0.5997,0.9927,0.2749,"Menominee County, WI",Q3,FALSE,0.37615
55079,WI,"Milwaukee County, WI",373741,0.953810259,1.76593e-4,0.046013148,0.18,0.167,933063,0.8276,0.6942,0.7569,0.8743,0.839,"Milwaukee County, WI",Q4: Most vulnerable,FALSE,0.4973
55081,WI,"Monroe County, WI",37082,0.117792999,0.323688043,0.558518958,0.231,0.227,46208,0.4432,0.3315,0.3497,0.3166,0.7474,"Monroe County, WI",Q2,FALSE,0.3351
55083,WI,"Oconto County, WI",45845,0.03699422,0.224364707,0.738641073,0.148,0.152,39048,0.0204,0.0477,0.0525,0.0983,0.1005,"Oconto County, WI",Q1: Least vulnerable,FALSE,0.0862
55085,WI,"Oneida County, WI",45630,0.018343195,0.105763752,0.875893053,0.105,0.107,37799,0.036,0.0799,0.0713,0.1037,0.0974,"Oneida County, WI",Q1: Least vulnerable,FALSE,0.0715
55087,WI,"Outagamie County, WI",98800,0.668522267,0.093593117,0.237884615,0.165,0.163,190611,0.0671,0.0366,0.1094,0.3977,0.2412,"Outagamie County, WI",Q1: Least vulnerable,FALSE,0.11505000000000001
55089,WI,"Ozaukee County, WI",41724,0.547382801,0.043596012,0.409021187,0.135,0.125,91745,0.0395,0.0305,0.0926,0.2816,0.1492,"Ozaukee County, WI",Q1: Least vulnerable,FALSE,0.08225
55091,WI,"Pepin County, WI",8124,0.04455933,0.419620876,0.535819793,0.142,0.139,7363,0.0442,0.0808,0.2603,0.0474,0.055,"Pepin County, WI",Q1: Least vulnerable,FALSE,0.09160000000000001
55093,WI,"Pierce County, WI",28666,0.064641038,0.372008651,0.56335031,0.159,0.157,42187,0.0216,0.0442,0.0051,0.1928,0.329,"Pierce County, WI",Q1: Least vulnerable,FALSE,0.0893
55095,WI,"Polk County, WI",44064,0.045978577,0.194648693,0.759372731,0.291,0.304,45128,0.0703,0.1648,0.1015,0.0932,0.1282,"Polk County, WI",Q1: Least vulnerable,FALSE,0.18714999999999998
55097,WI,"Portage County, WI",43296,0.300489653,0.166689763,0.532820584,0.238,0.246,70281,0.1063,0.098,0.0347,0.2879,0.4613,"Portage County, WI",Q1: Least vulnerable,FALSE,0.17615
55099,WI,"Price County, WI",19221,0.005722907,0.14759898,0.846678112,0.083,0.083,14066,0.2253,0.2138,0.2364,0.1276,0.4916,"Price County, WI",Q1: Least vulnerable,FALSE,0.15415
55101,WI,"Racine County, WI",97288,0.708093496,0.055566976,0.236339528,0.17,0.162,197068,0.4674,0.3163,0.6519,0.6656,0.4515,"Racine County, WI",Q2,FALSE,0.3147
55103,WI,"Richland County, WI",17294,0.001272117,0.34324043,0.655487452,0.21,0.198,17256,0.3764,0.2892,0.4703,0.1508,0.6274,"Richland County, WI",Q2,FALSE,0.2872
55105,WI,"Rock County, WI",87100,0.709644087,0.006659013,0.2836969,0.119,0.119,163817,0.2988,0.2176,0.5259,0.5119,0.3121,"Rock County, WI",Q2,FALSE,0.2089
55107,WI,"Rusk County, WI",16822,0.057484247,0.205623588,0.736892165,0.062,0.063,14179,0.216,0.3627,0.329,0.0983,0.1756,"Rusk County, WI",Q1: Least vulnerable,FALSE,0.1395
55109,WI,"St. Croix County, WI",53115,0.232156641,0.162985974,0.604857385,0.172,0.167,93752,0.0086,0.0073,0.0668,0.1753,0.0474,"St. Croix County, WI",Q1: Least vulnerable,FALSE,0.0878
55111,WI,"Sauk County, WI",47303,0.198803459,0.325518466,0.475678075,0.201,0.19,65664,0.2323,0.1877,0.3309,0.3217,0.3869,"Sauk County, WI",Q1: Least vulnerable,FALSE,0.21115
55113,WI,"Sawyer County, WI",21857,0.010934712,0.10509219,0.883973098,0.099,0.101,18057,0.3758,0.4731,0.3178,0.5829,0.237,"Sawyer County, WI",Q2,FALSE,0.2384
55115,WI,"Shawano County, WI",37645,0.230734493,0.173781379,0.595484128,0.139,0.139,40848,0.1769,0.1639,0.1728,0.4146,0.3089,"Shawano County, WI",Q1: Least vulnerable,FALSE,0.15795
55117,WI,"Sheboygan County, WI",64201,0.705316117,0.031307924,0.26337596,0.16,0.152,117741,0.16,0.0465,0.2552,0.4871,0.4645,"Sheboygan County, WI",Q1: Least vulnerable,FALSE,0.156
55119,WI,"Taylor County, WI",20718,0.093010908,0.154068926,0.752920166,0.096,0.095,19979,0.189,0.2612,0.3659,0.0579,0.2055,"Taylor County, WI",Q1: Least vulnerable,FALSE,0.14200000000000002
55121,WI,"Trempealeau County, WI",26365,0.076427081,0.405689361,0.517883558,0.184,0.179,30679,0.1989,0.1788,0.4213,0.3503,0.2074,"Trempealeau County, WI",Q1: Least vulnerable,FALSE,0.18895
55123,WI,"Vernon County, WI",30539,0.015160942,0.330855627,0.653983431,0.203,0.19,30811,0.4779,0.4353,0.5504,0.0544,0.6977,"Vernon County, WI",Q2,FALSE,0.33394999999999997
55125,WI,"Vilas County, WI",32034,0.011768746,0.056346382,0.931884872,0.087,0.089,23146,0.0729,0.2014,0.0913,0.4314,0.0398,"Vilas County, WI",Q1: Least vulnerable,FALSE,0.08095
55127,WI,"Walworth County, WI",60516,0.421326591,0.106302465,0.472370943,0.143,0.145,105127,0.2074,0.1995,0.1584,0.4407,0.3608,"Walworth County, WI",Q1: Least vulnerable,FALSE,0.1762
55129,WI,"Washburn County, WI",20819,0.008742015,0.146068495,0.84518949,0.315,0.348,16685,0.119,0.2762,0.1788,0.1339,0.085,"Washburn County, WI",Q1: Least vulnerable,FALSE,0.23349999999999999
55131,WI,"Washington County, WI",64934,0.448501555,0.089814273,0.461684172,0.224,0.213,136842,0.008,0.0194,0.0344,0.2294,0.0401,"Washington County, WI",Q1: Least vulnerable,FALSE,0.1105
55133,WI,"Waukesha County, WI",170700,0.488271822,0.093380199,0.418347979,0.232,0.22,407290,0.0191,0.02,0.0541,0.3888,0.0853,"Waukesha County, WI",Q1: Least vulnerable,FALSE,0.11955
55135,WI,"Waupaca County, WI",42088,0.155079833,0.241660331,0.603259837,0.223,0.222,51822,0.1142,0.1037,0.2059,0.1276,0.2937,"Waupaca County, WI",Q1: Least vulnerable,FALSE,0.1681
55137,WI,"Waushara County, WI",26266,0.036511079,0.208101728,0.755387193,0.329,0.326,24672,0.3917,0.3837,0.3583,0.3322,0.51,"Waushara County, WI",Q2,FALSE,0.35885
55139,WI,"Winnebago County, WI",93497,0.759778389,0.037391574,0.202830037,0.268,0.257,171197,0.1549,0.1094,0.0853,0.3847,0.5084,"Winnebago County, WI",Q1: Least vulnerable,FALSE,0.20595000000000002
55141,WI,"Wood County, WI",49481,0.381803116,0.112426992,0.505769891,0.277,0.291,74138,0.1791,0.1651,0.3487,0.2399,0.2619,"Wood County, WI",Q1: Least vulnerable,FALSE,0.23504999999999998
56001,WY,"Albany County, WY",19451,0.085651123,0.47282916,0.441519716,0.807,0.834,37525,0.2533,0.5651,6e-4,0.5119,0.5857,"Albany County, WY",Q2,FALSE,0.54365
56003,WY,"Big Horn County, WY",10222,0.038544316,0.547348855,0.414106828,0.504,0.576,11690,0.531,0.5447,0.7926,0.4018,0.3064,"Big Horn County, WY",Q3,FALSE,0.5535
56005,WY,"Campbell County, WY",27799,0.178027987,0.333033562,0.488938451,0.873,0.861,46857,0.2367,0.2345,0.3137,0.4018,0.2819,"Campbell County, WY",Q1: Least vulnerable,FALSE,0.54885
56007,WY,"Carbon County, WY",14326,0.001047047,0.529805947,0.469147005,0.671,0.735,14609,0.5377,0.51,0.4547,0.5892,0.5539,"Carbon County, WY",Q3,FALSE,0.63635
56009,WY,"Converse County, WY",11741,0,0.42458053,0.57541947,0.854,0.87,13729,0.2781,0.2778,0.3169,0.3503,0.37,"Converse County, WY",Q2,FALSE,0.57405
56011,WY,"Crook County, WY",8621,0.002087925,0.174805707,0.823106368,0.75,0.754,7258,0.0722,0.0881,0.3678,0.1753,0.0767,"Crook County, WY",Q1: Least vulnerable,FALSE,0.4131
56013,WY,"Fremont County, WY",29241,0.064122294,0.336513799,0.599363907,0.728,0.773,39402,0.7642,0.7582,0.4442,0.6793,0.8193,"Fremont County, WY",Q4: Most vulnerable,TRUE,0.7686
56015,WY,"Goshen County, WY",11835,0.108829742,0.394169835,0.497000422,0.798,0.811,12592,0.2918,0.2214,0.2485,0.4445,0.5348,"Goshen County, WY",Q2,FALSE,0.5514
56017,WY,"Hot Springs County, WY",4565,0,0.523329682,0.476670318,0.584,0.656,4616,0.1938,0.2628,0.2848,0.3118,0.1769,"Hot Springs County, WY",Q1: Least vulnerable,FALSE,0.4249
56019,WY,"Johnson County, WY",8513,0,0.330435804,0.669564196,0.83,0.831,8536,0.1709,0.2981,0.0461,0.328,0.2946,"Johnson County, WY",Q1: Least vulnerable,FALSE,0.50095
56021,WY,"Laramie County, WY",55213,0.316773224,0.300400268,0.382826508,0.78,0.794,100316,0.2514,0.2657,0.2129,0.5759,0.272,"Laramie County, WY",Q2,FALSE,0.5227
56023,WY,"Lincoln County, WY",18544,1.61777e-4,0.215163934,0.784674288,0.679,0.719,19794,0.118,0.1015,0.2864,0.2323,0.2036,"Lincoln County, WY",Q1: Least vulnerable,FALSE,0.4185
56025,WY,"Natrona County, WY",42103,0.284730304,0.435622165,0.279647531,0.773,0.811,79506,0.3987,0.2991,0.5775,0.42,0.4601,"Natrona County, WY",Q2,FALSE,0.60485
56027,WY,"Niobrara County, WY",3627,0,0.330024814,0.669975186,0.812,0.824,2460,0.419,0.6955,0.1623,0.3118,0.2988,"Niobrara County, WY",Q2,FALSE,0.6214999999999999
56029,WY,"Park County, WY",23704,0.164149511,0.311002362,0.524848127,0.768,0.813,29878,0.1072,0.216,0.0608,0.3446,0.1527,"Park County, WY",Q1: Least vulnerable,FALSE,0.46009999999999995
56031,WY,"Platte County, WY",10308,0.044334497,0.363504075,0.592161428,0.873,0.878,8618,0.3309,0.3611,0.4757,0.4222,0.2507,"Platte County, WY",Q2,FALSE,0.60445
56033,WY,"Sheridan County, WY",21004,0,0.475766521,0.524233479,0.94,0.921,31176,0.2211,0.2625,0.0872,0.265,0.49,"Sheridan County, WY",Q1: Least vulnerable,FALSE,0.5710500000000001
56035,WY,"Sublette County, WY",10523,0,0.18834933,0.81165067,0.751,0.775,8801,0.1225,0.1238,0.3828,0.265,0.1308,"Sublette County, WY",Q1: Least vulnerable,FALSE,0.44875
56037,WY,"Sweetwater County, WY",22392,0.031395141,0.742854591,0.225750268,0.488,0.563,42079,0.4722,0.3703,0.6309,0.5616,0.4458,"Sweetwater County, WY",Q2,FALSE,0.5176
56039,WY,"Teton County, WY",14474,0.00117452,0.240362028,0.758463452,0.868,0.881,23346,0.1693,0.1005,0.0468,0.5352,0.5861,"Teton County, WY",Q1: Least vulnerable,FALSE,0.52515
56041,WY,"Uinta County, WY",13522,2.21861e-4,0.458659962,0.541118178,0.63,0.687,20546,0.2803,0.1136,0.391,0.3824,0.6526,"Uinta County, WY",Q2,FALSE,0.48365
56043,WY,"Washakie County, WY",6557,0.473539729,0.163031874,0.363428397,0.694,0.748,7725,0.2192,0.2415,0.1858,0.5011,0.2717,"Washakie County, WY",Q1: Least vulnerable,FALSE,0.48360000000000003
56045,WY,"Weston County, WY",6873,0,0.410592172,0.589407828,0.806,0.809,6870,0.3331,0.3404,0.055,0.4165,0.7283,"Weston County, WY",Q2,FALSE,0.5710500000000001
